source_system,source_key,true_product_id
erp,00100004,P00001
erp,00100013,P00002
erp,00100015,P00003
erp,00100018,P00004
erp,00100026,P00005
erp,00100035,P00007
erp,00100036,P00007
erp,00100044,P00008
erp,00100046,P00009
erp,00100054,P00010
erp,00100058,P00011
erp,00100063,P00011
erp,00100067,P00012
erp,00100068,P00013
erp,00100069,P00015
erp,00100071,P00016
erp,00100073,P00017
erp,00100076,P00018
erp,00100081,P00020
erp,00100089,P00021
erp,00100091,P00022
erp,00100095,P00023
erp,00100100,P00024
erp,00100102,P00025
erp,00100106,P00026
erp,00100111,P00027
erp,00100113,P00029
erp,00100116,P00030
erp,00100123,P00032
erp,00100124,P00033
erp,00100128,P00034
erp,00100131,P00035
erp,00100132,P00036
erp,00100133,P00037
erp,00100134,P00038
erp,00100135,P00039
erp,00100136,P00040
erp,00100140,P00041
erp,00100146,P00042
erp,00100149,P00043
erp,00100151,P00046
erp,00100152,P00047
erp,00100154,P00048
erp,00100160,P00049
erp,00100164,P00050
erp,00100172,P00051
erp,00100177,P00052
erp,00100179,P00053
erp,00100183,P00055
erp,00100185,P00056
erp,00100194,P00057
erp,00100202,P00058
erp,00100205,P00059
erp,00100211,P00060
erp,00100213,P00061
erp,00100218,P00062
erp,00100220,P00063
erp,00100226,P00066
erp,00100235,P00067
erp,00100243,P00068
erp,00100248,P00070
erp,00100249,P00071
erp,00100257,P00072
erp,00100266,P00073
erp,00100273,P00074
erp,00100274,P00075
erp,00100281,P00076
erp,00100284,P00080
erp,00100288,P00081
erp,00100289,P00082
erp,00100297,P00084
erp,00100305,P00085
erp,00100312,P00088
erp,00100318,P00088
erp,00100324,P00089
erp,00100328,P00090
erp,00100332,P00091
erp,00100338,P00092
erp,00100342,P00093
erp,00100351,P00094
erp,00100354,P00095
erp,00100359,P00098
erp,00100366,P00099
erp,00100375,P00100
erp,00100384,P00101
erp,00100386,P00102
erp,00100390,P00103
erp,00100398,P00104
erp,00100399,P00105
erp,00100401,P00106
erp,00100405,P00107
erp,00100409,P00109
erp,00100416,P00110
erp,00100423,P00111
erp,00100425,P00112
erp,00100432,P00113
erp,00100433,P00113
erp,00100439,P00114
erp,00100440,P00115
erp,00100448,P00116
erp,00100455,P00117
erp,00100456,P00118
erp,00100462,P00120
erp,00100464,P00120
erp,00100471,P00121
erp,00100478,P00124
erp,00100482,P00125
erp,00100487,P00126
erp,00100490,P00127
erp,00100494,P00129
erp,00100502,P00130
erp,00100509,P00132
erp,00100510,P00133
erp,00100519,P00134
erp,00100526,P00134
erp,00100532,P00135
erp,00100535,P00136
erp,00100541,P00137
erp,00100550,P00137
erp,00100558,P00138
erp,00100566,P00139
erp,00100567,P00140
erp,00100572,P00143
erp,00100580,P00144
erp,00100589,P00145
erp,00100598,P00146
erp,00100602,P00147
erp,00100606,P00148
erp,00100612,P00149
erp,00100619,P00150
erp,00100626,P00151
erp,00100634,P00153
erp,00100638,P00154
erp,00100644,P00156
erp,00100645,P00157
erp,00100650,P00157
erp,00100657,P00158
erp,00100662,P00159
erp,00100671,P00160
erp,00100673,P00161
erp,00100674,P00162
erp,00100678,P00164
erp,00100680,P00164
erp,00100688,P00165
erp,00100696,P00166
erp,00100700,P00167
erp,00100706,P00167
erp,00100708,P00168
erp,00100713,P00170
erp,00100716,P00172
erp,00100725,P00173
erp,00100733,P00174
erp,00100742,P00175
erp,00100744,P00176
erp,00100751,P00177
erp,00100757,P00178
erp,00100764,P00179
erp,00100767,P00180
erp,00100772,P00181
erp,00100780,P00182
erp,00100788,P00184
erp,00100794,P00185
erp,00100799,P00186
erp,00100801,P00187
erp,00100810,P00188
erp,00100814,P00189
erp,00100823,P00190
erp,00100827,P00191
erp,00100829,P00192
erp,00100833,P00193
erp,00100836,P00194
erp,00100845,P00195
erp,00100846,P00196
erp,00100850,P00197
erp,00100854,P00197
erp,00100858,P00198
erp,00100864,P00199
erp,00100865,P00200
erp,00100874,P00201
erp,00100882,P00202
erp,00100883,P00203
erp,00100885,P00205
erp,00100894,P00206
erp,00100901,P00207
erp,00100906,P00208
erp,00100908,P00209
erp,00100917,P00210
erp,00100918,P00211
erp,00100925,P00212
erp,00100927,P00212
erp,00100931,P00213
erp,00100935,P00214
erp,00100941,P00215
erp,00100950,P00216
erp,00100953,P00216
erp,00100957,P00217
erp,00100963,P00218
erp,00100968,P00219
erp,00100976,P00220
erp,00100980,P00221
erp,00100982,P00222
erp,00100988,P00223
erp,00100991,P00224
erp,00100996,P00225
erp,00101003,P00226
erp,00101006,P00227
erp,00101014,P00228
erp,00101023,P00229
erp,00101028,P00230
erp,00101029,P00231
erp,00101037,P00231
erp,00101040,P00232
erp,00101042,P00232
erp,00101044,P00233
erp,00101050,P00235
erp,00101057,P00237
erp,00101065,P00238
erp,00101074,P00239
erp,00101078,P00240
erp,00101084,P00242
erp,00101086,P00243
erp,00101092,P00244
erp,00101095,P00245
erp,00101098,P00246
erp,00101104,P00249
erp,00101106,P00250
erp,00101110,P00251
erp,00101116,P00252
erp,00101118,P00252
erp,00101126,P00255
erp,00101134,P00256
erp,00101136,P00257
erp,00101144,P00258
erp,00101151,P00259
erp,00101157,P00259
erp,00101161,P00261
erp,00101162,P00261
erp,00101169,P00262
erp,00101172,P00263
erp,00101181,P00266
erp,00101190,P00267
erp,00101192,P00268
erp,00101197,P00269
erp,00101206,P00270
erp,00101213,P00271
erp,00101221,P00272
erp,00101229,P00273
erp,00101238,P00274
erp,00101239,P00275
erp,00101248,P00276
erp,00101252,P00277
erp,00101255,P00278
erp,00101259,P00279
erp,00101260,P00280
erp,00101268,P00281
erp,00101273,P00282
erp,00101278,P00283
erp,00101286,P00284
erp,00101292,P00285
erp,00101297,P00286
erp,00101304,P00287
erp,00101306,P00287
erp,00101312,P00288
erp,00101321,P00289
erp,00101322,P00290
erp,00101327,P00291
erp,00101336,P00293
erp,00101340,P00294
erp,00101344,P00295
erp,00101351,P00296
erp,00101353,P00297
erp,00101354,P00298
erp,00101356,P00299
erp,00101358,P00300
erp,00101359,P00302
erp,00101364,P00303
erp,00101369,P00304
erp,00101378,P00305
erp,00101381,P00306
erp,00101387,P00306
erp,00101394,P00307
erp,00101396,P00308
erp,00101397,P00309
erp,00101398,P00310
erp,00101405,P00311
erp,00101411,P00312
erp,00101417,P00313
erp,00101424,P00315
erp,00101431,P00316
erp,00101440,P00317
erp,00101449,P00318
erp,00101450,P00319
erp,00101451,P00321
erp,00101459,P00322
erp,00101462,P00323
erp,00101471,P00324
erp,00101473,P00325
erp,00101481,P00327
erp,00101490,P00329
erp,00101498,P00330
erp,00101502,P00331
erp,00101507,P00332
erp,00101516,P00333
erp,00101517,P00335
erp,00101519,P00336
erp,00101524,P00337
erp,00101527,P00338
erp,00101529,P00339
erp,00101538,P00340
erp,00101543,P00341
erp,00101548,P00343
erp,00101557,P00344
erp,00101560,P00346
erp,00101563,P00348
erp,00101572,P00350
erp,00101578,P00351
erp,00101580,P00354
erp,00101584,P00355
erp,00101585,P00356
erp,00101593,P00359
erp,00101599,P00360
erp,00101600,P00361
erp,00101602,P00362
erp,00101611,P00363
erp,00101620,P00364
erp,00101623,P00365
erp,00101624,P00366
erp,00101632,P00368
erp,00101635,P00369
erp,00101641,P00370
erp,00101644,P00371
erp,00101652,P00372
erp,00101654,P00374
erp,00101659,P00375
erp,00101662,P00376
erp,00101670,P00377
erp,00101672,P00378
erp,00101676,P00379
erp,00101685,P00380
erp,00101693,P00381
erp,00101697,P00382
erp,00101701,P00383
erp,00101705,P00384
erp,00101707,P00385
erp,00101716,P00386
erp,00101719,P00387
erp,00101722,P00388
erp,00101725,P00388
erp,00101734,P00390
erp,00101735,P00391
erp,00101738,P00392
erp,00101744,P00393
erp,00101748,P00394
erp,00101754,P00395
erp,00101758,P00396
erp,00101761,P00397
erp,00101769,P00398
erp,00101770,P00399
erp,00101771,P00401
erp,00101777,P00402
erp,00101782,P00403
erp,00101785,P00404
erp,00101792,P00405
erp,00101798,P00406
erp,00101807,P00407
erp,00101811,P00408
erp,00101814,P00409
erp,00101815,P00410
erp,00101822,P00411
erp,00101824,P00412
erp,00101827,P00413
erp,00101835,P00414
erp,00101841,P00415
erp,00101843,P00416
erp,00101850,P00417
erp,00101857,P00418
erp,00101861,P00419
erp,00101869,P00419
erp,00101878,P00420
erp,00101885,P00421
erp,00101886,P00422
erp,00101893,P00422
erp,00101899,P00423
erp,00101908,P00424
erp,00101911,P00425
erp,00101918,P00426
erp,00101924,P00427
erp,00101926,P00428
erp,00101929,P00429
erp,00101932,P00430
erp,00101941,P00431
erp,00101947,P00432
erp,00101954,P00433
erp,00101963,P00436
erp,00101972,P00437
erp,00101975,P00438
erp,00101978,P00439
erp,00101986,P00440
erp,00101987,P00441
erp,00101995,P00444
erp,00101997,P00445
erp,00102006,P00446
erp,00102007,P00447
erp,00102014,P00448
erp,00102016,P00449
erp,00102022,P00450
erp,00102031,P00451
erp,00102035,P00452
erp,00102038,P00453
erp,00102040,P00453
erp,00102047,P00454
erp,00102055,P00455
erp,00102064,P00456
erp,00102066,P00458
erp,00102070,P00459
erp,00102078,P00461
erp,00102084,P00462
erp,00102085,P00462
erp,00102093,P00464
erp,00102094,P00465
erp,00102101,P00466
erp,00102108,P00467
erp,00102110,P00468
erp,00102117,P00469
erp,00102119,P00470
erp,00102124,P00471
erp,00102133,P00471
erp,00102134,P00472
erp,00102141,P00473
erp,00102143,P00474
erp,00102146,P00475
erp,00102155,P00476
erp,00102156,P00477
erp,00102164,P00478
erp,00102169,P00479
erp,00102175,P00480
erp,00102179,P00482
erp,00102187,P00483
erp,00102190,P00484
erp,00102199,P00485
erp,00102202,P00487
erp,00102203,P00488
erp,00102211,P00489
erp,00102216,P00490
erp,00102217,P00491
erp,00102225,P00492
erp,00102226,P00493
erp,00102229,P00494
erp,00102238,P00495
erp,00102244,P00496
erp,00102247,P00497
erp,00102250,P00498
erp,00102259,P00500
erp,00102267,P00501
erp,00102269,P00502
erp,00102271,P00503
erp,00102280,P00504
erp,00102283,P00505
erp,00102288,P00507
erp,00102291,P00508
erp,00102298,P00508
erp,00102304,P00509
erp,00102309,P00510
erp,00102312,P00511
erp,00102318,P00512
erp,00102324,P00513
erp,00102333,P00514
erp,00102335,P00515
erp,00102338,P00517
erp,00102344,P00518
erp,00102349,P00519
erp,00102353,P00520
erp,00102362,P00521
erp,00102369,P00522
erp,00102377,P00523
erp,00102380,P00524
erp,00102389,P00525
erp,00102396,P00526
erp,00102403,P00527
erp,00102411,P00528
erp,00102417,P00529
erp,00102419,P00531
erp,00102422,P00532
erp,00102425,P00533
erp,00102426,P00534
erp,00102431,P00535
erp,00102433,P00536
erp,00102440,P00537
erp,00102443,P00538
erp,00102446,P00539
erp,00102455,P00540
erp,00102459,P00541
erp,00102464,P00542
erp,00102473,P00543
erp,00102482,P00544
erp,00102485,P00545
erp,00102486,P00546
erp,00102490,P00547
erp,00102495,P00548
erp,00102501,P00549
erp,00102507,P00550
erp,00102515,P00551
erp,00102520,P00552
erp,00102529,P00553
erp,00102532,P00553
erp,00102540,P00554
erp,00102542,P00555
erp,00102547,P00556
erp,00102553,P00557
erp,00102558,P00558
erp,00102564,P00559
erp,00102571,P00561
erp,00102577,P00562
erp,00102582,P00563
erp,00102590,P00564
erp,00102596,P00565
erp,00102600,P00566
erp,00102603,P00566
erp,00102606,P00567
erp,00102610,P00568
erp,00102611,P00569
erp,00102619,P00570
erp,00102622,P00571
erp,00102627,P00572
erp,00102633,P00574
erp,00102639,P00575
erp,00102648,P00576
erp,00102656,P00578
erp,00102660,P00579
erp,00102664,P00580
erp,00102665,P00580
erp,00102668,P00581
erp,00102676,P00584
erp,00102678,P00585
erp,00102679,P00586
erp,00102686,P00587
erp,00102687,P00588
erp,00102689,P00589
erp,00102698,P00590
erp,00102706,P00591
erp,00102711,P00593
erp,00102717,P00594
erp,00102720,P00595
erp,00102728,P00596
erp,00102729,P00597
erp,00102734,P00598
erp,00102737,P00600
erp,00102741,P00602
erp,00102744,P00603
erp,00102752,P00604
erp,00102754,P00605
erp,00102759,P00606
erp,00102767,P00607
erp,00102776,P00608
erp,00102784,P00609
erp,00102790,P00610
erp,00102795,P00611
erp,00102802,P00612
erp,00102807,P00613
erp,00102814,P00614
erp,00102822,P00616
erp,00102824,P00617
erp,00102830,P00618
erp,00102836,P00619
erp,00102845,P00620
erp,00102847,P00621
erp,00102848,P00621
erp,00102852,P00623
erp,00102856,P00624
erp,00102859,P00625
erp,00102868,P00626
erp,00102871,P00628
erp,00102873,P00629
erp,00102878,P00632
erp,00102879,P00634
erp,00102883,P00635
erp,00102887,P00636
erp,00102891,P00638
erp,00102893,P00639
erp,00102894,P00640
erp,00102900,P00641
erp,00102905,P00642
erp,00102912,P00643
erp,00102918,P00644
erp,00102920,P00645
erp,00102924,P00646
erp,00102928,P00647
erp,00102931,P00648
erp,00102933,P00649
erp,00102939,P00650
erp,00102941,P00652
erp,00102944,P00653
erp,00102946,P00654
erp,00102947,P00655
erp,00102951,P00657
erp,00102953,P00658
erp,00102961,P00658
erp,00102968,P00660
erp,00102972,P00662
erp,00102978,P00663
erp,00102987,P00664
erp,00102995,P00665
erp,00103003,P00666
erp,00103011,P00667
erp,00103016,P00668
erp,00103017,P00669
erp,00103022,P00669
erp,00103029,P00670
erp,00103035,P00671
erp,00103042,P00672
erp,00103044,P00673
erp,00103052,P00676
erp,00103053,P00677
erp,00103061,P00678
erp,00103069,P00679
erp,00103076,P00680
erp,00103081,P00681
erp,00103083,P00682
erp,00103088,P00683
erp,00103094,P00683
erp,00103102,P00684
erp,00103109,P00685
erp,00103115,P00686
erp,00103123,P00687
erp,00103126,P00690
erp,00103129,P00691
erp,00103131,P00692
erp,00103133,P00693
erp,00103137,P00694
erp,00103142,P00695
erp,00103146,P00696
erp,00103150,P00697
erp,00103155,P00698
erp,00103156,P00699
erp,00103157,P00700
erp,00103166,P00702
erp,00103168,P00703
erp,00103177,P00704
erp,00103185,P00705
erp,00103191,P00707
erp,00103192,P00708
erp,00103198,P00709
erp,00103206,P00711
erp,00103212,P00712
erp,00103216,P00712
erp,00103225,P00713
erp,00103227,P00714
erp,00103230,P00715
erp,00103235,P00716
erp,00103240,P00717
erp,00103245,P00720
erp,00103253,P00721
erp,00103255,P00721
erp,00103256,P00723
erp,00103261,P00724
erp,00103266,P00725
erp,00103271,P00725
erp,00103276,P00726
erp,00103285,P00727
erp,00103287,P00728
erp,00103288,P00729
erp,00103296,P00730
erp,00103299,P00731
erp,00103307,P00732
erp,00103312,P00733
erp,00103313,P00734
erp,00103314,P00735
erp,00103321,P00736
erp,00103324,P00737
erp,00103325,P00738
erp,00103331,P00739
erp,00103335,P00742
erp,00103340,P00743
erp,00103344,P00744
erp,00103351,P00744
erp,00103358,P00745
erp,00103362,P00746
erp,00103364,P00747
erp,00103366,P00748
erp,00103374,P00749
erp,00103382,P00750
erp,00103389,P00751
erp,00103398,P00752
erp,00103406,P00753
erp,00103414,P00755
erp,00103417,P00756
erp,00103419,P00757
erp,00103428,P00758
erp,00103431,P00759
erp,00103434,P00761
erp,00103442,P00761
erp,00103447,P00762
erp,00103452,P00763
erp,00103454,P00764
erp,00103457,P00765
erp,00103465,P00765
erp,00103468,P00766
erp,00103474,P00767
erp,00103479,P00768
erp,00103487,P00769
erp,00103490,P00770
erp,00103494,P00771
erp,00103502,P00771
erp,00103505,P00772
erp,00103510,P00774
erp,00103513,P00775
erp,00103515,P00776
erp,00103520,P00777
erp,00103523,P00778
erp,00103530,P00779
erp,00103533,P00781
erp,00103538,P00781
erp,00103546,P00782
erp,00103552,P00783
erp,00103555,P00784
erp,00103564,P00785
erp,00103573,P00786
erp,00103578,P00787
erp,00103585,P00788
erp,00103587,P00789
erp,00103595,P00790
erp,00103599,P00792
erp,00103608,P00794
erp,00103614,P00795
erp,00103620,P00796
erp,00103623,P00797
erp,00103627,P00798
erp,00103630,P00799
erp,00103637,P00800
erp,00103643,P00801
erp,00103651,P00802
erp,00103658,P00804
erp,00103661,P00806
erp,00103665,P00807
erp,00103667,P00808
erp,00103670,P00809
erp,00103675,P00810
erp,00103679,P00811
erp,00103684,P00812
erp,00103692,P00813
erp,00103693,P00814
erp,00103695,P00815
erp,00103699,P00816
erp,00103706,P00819
erp,00103714,P00820
erp,00103721,P00821
erp,00103725,P00822
erp,00103728,P00824
erp,00103731,P00825
erp,00103732,P00826
erp,00103733,P00827
erp,00103735,P00828
erp,00103742,P00829
erp,00103747,P00830
erp,00103750,P00831
erp,00103758,P00833
erp,00103766,P00834
erp,00103768,P00835
erp,00103771,P00836
erp,00103773,P00839
erp,00103776,P00840
erp,00103777,P00841
erp,00103781,P00843
erp,00103785,P00844
erp,00103792,P00845
erp,00103801,P00846
erp,00103803,P00847
erp,00103808,P00848
erp,00103815,P00849
erp,00103818,P00850
erp,00103822,P00851
erp,00103825,P00852
erp,00103830,P00852
erp,00103836,P00853
erp,00103841,P00854
erp,00103843,P00855
erp,00103851,P00856
erp,00103860,P00858
erp,00103862,P00859
erp,00103870,P00860
erp,00103872,P00861
erp,00103876,P00862
erp,00103878,P00865
erp,00103885,P00866
erp,00103890,P00867
erp,00103898,P00868
erp,00103904,P00869
erp,00103908,P00870
erp,00103910,P00871
erp,00103918,P00872
erp,00103924,P00873
erp,00103929,P00874
erp,00103937,P00875
erp,00103945,P00876
erp,00103952,P00877
erp,00103958,P00878
erp,00103959,P00879
erp,00103968,P00880
erp,00103969,P00881
erp,00103976,P00883
erp,00103981,P00884
erp,00103982,P00885
erp,00103986,P00887
erp,00103994,P00888
erp,00103999,P00889
erp,00104001,P00891
erp,00104009,P00892
erp,00104017,P00894
erp,00104026,P00895
erp,00104032,P00896
erp,00104033,P00897
erp,00104042,P00898
erp,00104047,P00899
erp,00104050,P00900
erp,00104057,P00901
erp,00104064,P00902
erp,00104073,P00904
erp,00104082,P00905
erp,00104087,P00905
erp,00104094,P00906
erp,00104098,P00907
erp,00104103,P00909
erp,00104105,P00910
erp,00104111,P00911
erp,00104117,P00912
erp,00104122,P00914
erp,00104128,P00915
erp,00104136,P00916
erp,00104142,P00917
erp,00104149,P00918
erp,00104155,P00919
erp,00104164,P00920
erp,00104171,P00921
erp,00104178,P00922
erp,00104182,P00924
erp,00104184,P00926
erp,00104188,P00927
erp,00104193,P00928
erp,00104199,P00930
erp,00104204,P00931
erp,00104207,P00932
erp,00104214,P00933
erp,00104216,P00936
erp,00104225,P00936
erp,00104226,P00937
erp,00104229,P00938
erp,00104237,P00939
erp,00104243,P00940
erp,00104247,P00941
erp,00104255,P00942
erp,00104259,P00943
erp,00104262,P00944
erp,00104270,P00945
erp,00104278,P00946
erp,00104286,P00947
erp,00104292,P00948
erp,00104300,P00949
erp,00104304,P00950
erp,00104312,P00951
erp,00104315,P00952
erp,00104321,P00953
erp,00104326,P00954
erp,00104335,P00955
erp,00104341,P00956
erp,00104343,P00957
erp,00104346,P00958
erp,00104352,P00959
erp,00104361,P00960
erp,00104367,P00961
erp,00104371,P00962
erp,00104376,P00963
erp,00104377,P00964
erp,00104383,P00965
erp,00104384,P00966
erp,00104386,P00967
erp,00104393,P00968
erp,00104399,P00969
erp,00104400,P00971
erp,00104408,P00972
erp,00104410,P00975
erp,00104419,P00976
erp,00104428,P00977
erp,00104430,P00978
erp,00104433,P00979
erp,00104436,P00980
erp,00104439,P00981
erp,00104444,P00982
erp,00104445,P00983
erp,00104449,P00984
erp,00104454,P00985
erp,00104463,P00986
erp,00104470,P00987
erp,00104471,P00989
erp,00104478,P00991
erp,00104487,P00992
erp,00104490,P00993
erp,00104497,P00994
erp,00104506,P00995
erp,00104510,P00997
erp,00104512,P00998
erp,00104515,P00999
erp,00104522,P01000
erp,00104524,P01001
erp,00104529,P01003
erp,00104530,P01004
erp,00104538,P01005
erp,00104544,P01006
erp,00104553,P01007
erp,00104560,P01008
erp,00104568,P01009
erp,00104575,P01010
erp,00104584,P01011
erp,00104593,P01013
erp,00104596,P01015
erp,00104603,P01016
erp,00104606,P01018
erp,00104611,P01019
erp,00104612,P01020
erp,00104620,P01020
erp,00104624,P01021
erp,00104626,P01022
erp,00104630,P01023
erp,00104635,P01024
erp,00104643,P01025
erp,00104652,P01026
erp,00104657,P01027
erp,00104665,P01028
erp,00104670,P01031
erp,00104673,P01032
erp,00104676,P01033
erp,00104679,P01034
erp,00104687,P01035
erp,00104690,P01036
erp,00104694,P01036
erp,00104700,P01037
erp,00104708,P01038
erp,00104712,P01038
erp,00104716,P01039
erp,00104722,P01040
erp,00104730,P01041
erp,00104734,P01042
erp,00104743,P01042
erp,00104749,P01043
erp,00104751,P01044
erp,00104758,P01045
erp,00104761,P01046
erp,00104763,P01047
erp,00104765,P01049
erp,00104768,P01050
erp,00104770,P01052
erp,00104774,P01053
erp,00104781,P01054
erp,00104790,P01054
erp,00104791,P01055
erp,00104796,P01056
erp,00104802,P01058
erp,00104804,P01059
erp,00104808,P01060
erp,00104812,P01061
erp,00104814,P01062
erp,00104817,P01063
erp,00104824,P01064
erp,00104828,P01065
erp,00104832,P01066
erp,00104841,P01068
erp,00104843,P01069
erp,00104846,P01070
erp,00104850,P01070
erp,00104858,P01071
erp,00104863,P01072
erp,00104868,P01073
erp,00104876,P01074
erp,00104884,P01075
erp,00104887,P01075
erp,00104892,P01078
erp,00104896,P01079
erp,00104904,P01080
erp,00104905,P01081
erp,00104906,P01082
erp,00104907,P01083
erp,00104911,P01084
erp,00104920,P01085
erp,00104922,P01086
erp,00104927,P01087
erp,00104930,P01088
erp,00104938,P01089
erp,00104946,P01090
erp,00104951,P01091
erp,00104960,P01092
erp,00104964,P01093
erp,00104968,P01094
erp,00104977,P01095
erp,00104984,P01096
erp,00104993,P01097
erp,00104995,P01098
erp,00104999,P01099
erp,00105001,P01100
erp,00105002,P01101
erp,00105008,P01102
erp,00105009,P01103
erp,00105014,P01104
erp,00105021,P01105
erp,00105022,P01106
erp,00105024,P01107
erp,00105033,P01108
erp,00105037,P01109
erp,00105038,P01114
erp,00105046,P01115
erp,00105047,P01116
erp,00105048,P01117
erp,00105049,P01118
erp,00105055,P01119
erp,00105056,P01120
erp,00105063,P01121
erp,00105071,P01122
erp,00105072,P01123
erp,00105077,P01124
erp,00105084,P01125
erp,00105086,P01126
erp,00105089,P01127
erp,00105092,P01128
erp,00105101,P01128
erp,00105106,P01131
erp,00105109,P01132
erp,00105112,P01133
erp,00105121,P01135
erp,00105123,P01136
erp,00105132,P01137
erp,00105138,P01139
erp,00105147,P01139
erp,00105153,P01140
erp,00105161,P01142
erp,00105166,P01143
erp,00105175,P01144
erp,00105181,P01145
erp,00105183,P01146
erp,00105185,P01147
erp,00105190,P01148
erp,00105191,P01149
erp,00105195,P01150
erp,00105198,P01151
erp,00105199,P01152
erp,00105203,P01153
erp,00105210,P01154
erp,00105215,P01155
erp,00105216,P01156
erp,00105218,P01156
erp,00105223,P01157
erp,00105224,P01158
erp,00105233,P01160
erp,00105236,P01161
erp,00105242,P01162
erp,00105245,P01163
erp,00105248,P01164
erp,00105254,P01165
erp,00105260,P01167
erp,00105268,P01170
erp,00105271,P01171
erp,00105280,P01172
erp,00105281,P01174
erp,00105287,P01175
erp,00105289,P01176
erp,00105290,P01177
erp,00105292,P01179
erp,00105297,P01180
erp,00105300,P01181
erp,00105303,P01182
erp,00105305,P01183
erp,00105311,P01185
erp,00105317,P01186
erp,00105323,P01188
erp,00105331,P01189
erp,00105337,P01190
erp,00105345,P01192
erp,00105348,P01193
erp,00105349,P01194
erp,00105353,P01195
erp,00105357,P01196
erp,00105360,P01196
erp,00105368,P01197
erp,00105375,P01198
erp,00105380,P01199
erp,00105385,P01200
erp,00105390,P01201
erp,00105398,P01202
erp,00105400,P01203
erp,00105401,P01204
erp,00105405,P01205
erp,00105407,P01206
erp,00105413,P01207
erp,00105418,P01208
erp,00105424,P01209
erp,00105429,P01210
erp,00105431,P01212
erp,00105436,P01213
erp,00105445,P01214
erp,00105447,P01215
erp,00105455,P01216
erp,00105461,P01217
erp,00105463,P01219
erp,00105468,P01220
erp,00105471,P01222
erp,00105472,P01223
erp,00105480,P01225
erp,00105481,P01226
erp,00105487,P01227
erp,00105493,P01228
erp,00105495,P01230
erp,00105497,P01230
erp,00105506,P01233
erp,00105512,P01234
erp,00105513,P01235
erp,00105517,P01236
erp,00105526,P01237
erp,00105531,P01238
erp,00105537,P01239
erp,00105543,P01240
erp,00105544,P01241
erp,00105547,P01242
erp,00105549,P01243
erp,00105555,P01244
erp,00105561,P01246
erp,00105567,P01247
erp,00105570,P01248
erp,00105577,P01250
erp,00105580,P01254
erp,00105583,P01255
erp,00105585,P01256
erp,00105594,P01257
erp,00105595,P01258
erp,00105600,P01259
erp,00105604,P01260
erp,00105605,P01261
erp,00105612,P01262
erp,00105620,P01264
erp,00105626,P01266
erp,00105628,P01267
erp,00105630,P01268
erp,00105636,P01269
erp,00105643,P01270
erp,00105645,P01271
erp,00105651,P01272
erp,00105655,P01273
erp,00105659,P01274
erp,00105667,P01275
erp,00105675,P01276
erp,00105681,P01277
erp,00105686,P01277
erp,00105690,P01278
erp,00105696,P01279
erp,00105703,P01279
erp,00105704,P01280
erp,00105708,P01281
erp,00105714,P01282
erp,00105715,P01283
erp,00105720,P01284
erp,00105721,P01285
erp,00105726,P01286
erp,00105730,P01287
erp,00105737,P01288
erp,00105745,P01290
erp,00105747,P01291
erp,00105755,P01292
erp,00105762,P01293
erp,00105769,P01294
erp,00105773,P01295
erp,00105782,P01295
erp,00105784,P01296
erp,00105787,P01297
erp,00105789,P01298
erp,00105790,P01299
erp,00105793,P01300
erp,00105794,P01302
erp,00105797,P01303
erp,00105802,P01304
erp,00105809,P01305
erp,00105810,P01306
erp,00105813,P01307
erp,00105817,P01307
erp,00105824,P01308
erp,00105832,P01309
erp,00105841,P01310
erp,00105849,P01311
erp,00105858,P01312
erp,00105867,P01313
erp,00105869,P01314
erp,00105875,P01315
erp,00105881,P01316
erp,00105885,P01317
erp,00105888,P01318
erp,00105889,P01319
erp,00105895,P01321
erp,00105896,P01322
erp,00105904,P01323
erp,00105911,P01324
erp,00105916,P01325
erp,00105917,P01326
erp,00105920,P01327
erp,00105929,P01328
erp,00105933,P01329
erp,00105935,P01329
erp,00105942,P01330
erp,00105951,P01333
erp,00105954,P01334
erp,00105959,P01335
erp,00105963,P01336
erp,00105972,P01336
erp,00105981,P01337
erp,00105985,P01338
erp,00105990,P01339
erp,00105991,P01340
erp,00105992,P01341
erp,00106000,P01342
erp,00106004,P01343
erp,00106013,P01344
erp,00106014,P01345
erp,00106020,P01346
erp,00106028,P01347
erp,00106033,P01348
erp,00106035,P01349
erp,00106039,P01350
erp,00106041,P01351
erp,00106050,P01352
erp,00106056,P01353
erp,00106064,P01356
erp,00106070,P01357
erp,00106074,P01358
erp,00106078,P01358
erp,00106085,P01359
erp,00106093,P01360
erp,00106096,P01361
erp,00106098,P01362
erp,00106105,P01364
erp,00106108,P01365
erp,00106110,P01366
erp,00106111,P01367
erp,00106116,P01368
erp,00106117,P01370
erp,00106125,P01371
erp,00106134,P01374
erp,00106136,P01375
erp,00106137,P01376
erp,00106146,P01377
erp,00106147,P01378
erp,00106154,P01379
erp,00106155,P01381
erp,00106158,P01382
erp,00106161,P01383
erp,00106167,P01384
erp,00106171,P01385
erp,00106176,P01386
erp,00106180,P01387
erp,00106182,P01388
erp,00106185,P01389
erp,00106194,P01390
erp,00106198,P01391
erp,00106206,P01392
erp,00106215,P01393
erp,00106223,P01394
erp,00106225,P01395
erp,00106231,P01396
erp,00106237,P01397
erp,00106241,P01398
erp,00106250,P01399
erp,00106254,P01400
erp,00106260,P01401
erp,00106269,P01402
erp,00106278,P01403
erp,00106279,P01406
erp,00106287,P01407
erp,00106289,P01408
erp,00106296,P01409
erp,00106297,P01410
erp,00106306,P01411
erp,00106310,P01412
erp,00106313,P01413
erp,00106319,P01414
erp,00106323,P01414
erp,00106324,P01415
erp,00106327,P01416
erp,00106329,P01417
erp,00106333,P01418
erp,00106339,P01421
erp,00106348,P01421
erp,00106352,P01422
erp,00106358,P01423
erp,00106364,P01424
erp,00106371,P01425
erp,00106373,P01427
erp,00106376,P01428
erp,00106380,P01428
erp,00106388,P01429
erp,00106393,P01430
erp,00106395,P01432
erp,00106398,P01433
erp,00106403,P01435
erp,00106410,P01436
erp,00106412,P01437
erp,00106418,P01439
erp,00106426,P01439
erp,00106434,P01440
erp,00106440,P01441
erp,00106448,P01443
erp,00106450,P01444
erp,00106454,P01445
erp,00106459,P01446
erp,00106460,P01447
erp,00106465,P01448
erp,00106474,P01449
erp,00106482,P01450
erp,00106485,P01451
erp,00106491,P01452
erp,00106498,P01453
erp,00106502,P01454
erp,00106510,P01456
erp,00106511,P01457
erp,00106516,P01458
erp,00106522,P01459
erp,00106530,P01460
erp,00106533,P01461
erp,00106534,P01463
erp,00106539,P01463
erp,00106542,P01464
erp,00106543,P01465
erp,00106547,P01465
erp,00106553,P01466
erp,00106562,P01467
erp,00106570,P01468
erp,00106577,P01469
erp,00106581,P01471
erp,00106586,P01471
erp,00106589,P01472
erp,00106596,P01473
erp,00106597,P01474
erp,00106598,P01475
erp,00106606,P01476
erp,00106607,P01477
erp,00106609,P01478
erp,00106610,P01480
erp,00106619,P01482
erp,00106623,P01483
erp,00106632,P01485
erp,00106639,P01486
erp,00106640,P01488
erp,00106643,P01490
erp,00106645,P01491
erp,00106653,P01492
erp,00106655,P01493
erp,00106663,P01494
erp,00106668,P01495
erp,00106669,P01499
erp,00106677,P01500
erp,00106680,P01501
erp,00106688,P01502
erp,00106689,P01503
erp,00106693,P01504
erp,00106699,P01505
erp,00106705,P01506
erp,00106714,P01507
erp,00106719,P01508
erp,00106722,P01509
erp,00106725,P01510
erp,00106729,P01511
erp,00106736,P01513
erp,00106743,P01514
erp,00106748,P01515
erp,00106757,P01519
erp,00106764,P01520
erp,00106766,P01521
erp,00106767,P01522
erp,00106769,P01523
erp,00106772,P01524
erp,00106780,P01526
erp,00106783,P01527
erp,00106789,P01529
erp,00106796,P01530
erp,00106803,P01531
erp,00106806,P01532
erp,00106814,P01533
erp,00106818,P01534
erp,00106827,P01534
erp,00106832,P01535
erp,00106841,P01536
erp,00106849,P01538
erp,00106852,P01539
erp,00106856,P01540
erp,00106862,P01541
erp,00106866,P01542
erp,00106868,P01543
erp,00106874,P01545
erp,00106875,P01547
erp,00106876,P01548
erp,00106878,P01549
erp,00106885,P01550
erp,00106893,P01551
erp,00106895,P01551
erp,00106898,P01552
erp,00106903,P01552
erp,00106908,P01553
erp,00106917,P01553
erp,00106919,P01554
erp,00106921,P01555
erp,00106924,P01556
erp,00106927,P01557
erp,00106935,P01559
erp,00106939,P01560
erp,00106942,P01561
erp,00106943,P01562
erp,00106944,P01563
erp,00106947,P01564
erp,00106950,P01565
erp,00106956,P01566
erp,00106959,P01567
erp,00106966,P01568
erp,00106969,P01569
erp,00106972,P01570
erp,00106976,P01571
erp,00106985,P01572
erp,00106993,P01572
erp,00106998,P01573
erp,00107001,P01574
erp,00107006,P01575
erp,00107008,P01576
erp,00107016,P01577
erp,00107023,P01578
erp,00107024,P01579
erp,00107032,P01581
erp,00107034,P01583
erp,00107038,P01584
erp,00107045,P01585
erp,00107051,P01586
erp,00107058,P01587
erp,00107063,P01589
erp,00107065,P01590
erp,00107071,P01591
erp,00107072,P01592
erp,00107076,P01593
erp,00107084,P01594
erp,00107093,P01595
erp,00107094,P01596
erp,00107101,P01597
erp,00107106,P01599
erp,00107109,P01600
erp,00107113,P01601
erp,00107121,P01602
erp,00107125,P01603
erp,00107127,P01605
erp,00107129,P01606
erp,00107133,P01607
erp,00107141,P01608
erp,00107148,P01609
erp,00107157,P01610
erp,00107159,P01611
erp,00107163,P01612
erp,00107168,P01614
erp,00107170,P01615
erp,00107172,P01616
erp,00107174,P01617
erp,00107178,P01618
erp,00107185,P01619
erp,00107188,P01620
erp,00107194,P01621
erp,00107197,P01623
erp,00107205,P01624
erp,00107207,P01625
erp,00107210,P01627
erp,00107213,P01628
erp,00107222,P01628
erp,00107226,P01629
erp,00107228,P01630
erp,00107231,P01631
erp,00107238,P01632
erp,00107246,P01632
erp,00107253,P01633
erp,00107261,P01634
erp,00107269,P01634
erp,00107278,P01635
erp,00107280,P01636
erp,00107289,P01637
erp,00107295,P01637
erp,00107299,P01639
erp,00107303,P01639
erp,00107307,P01640
erp,00107313,P01641
erp,00107319,P01643
erp,00107323,P01644
erp,00107326,P01645
erp,00107329,P01646
erp,00107330,P01647
erp,00107339,P01648
erp,00107343,P01649
erp,00107346,P01650
erp,00107353,P01651
erp,00107360,P01652
erp,00107365,P01653
erp,00107373,P01654
erp,00107374,P01654
erp,00107376,P01655
erp,00107379,P01656
erp,00107385,P01657
erp,00107389,P01658
erp,00107391,P01659
erp,00107399,P01660
erp,00107403,P01662
erp,00107404,P01663
erp,00107409,P01664
erp,00107410,P01665
erp,00107415,P01666
erp,00107416,P01667
erp,00107422,P01668
erp,00107427,P01669
erp,00107434,P01670
erp,00107442,P01671
erp,00107451,P01672
erp,00107458,P01673
erp,00107459,P01674
erp,00107461,P01676
erp,00107468,P01677
erp,00107474,P01677
erp,00107476,P01679
erp,00107478,P01680
erp,00107483,P01681
erp,00107484,P01682
erp,00107493,P01683
erp,00107494,P01687
erp,00107502,P01688
erp,00107505,P01689
erp,00107509,P01691
erp,00107512,P01692
erp,00107513,P01693
erp,00107521,P01694
erp,00107528,P01695
erp,00107532,P01696
erp,00107540,P01697
erp,00107549,P01698
erp,00107553,P01699
erp,00107558,P01702
erp,00107560,P01703
erp,00107568,P01704
erp,00107577,P01705
erp,00107586,P01706
erp,00107592,P01707
erp,00107599,P01708
erp,00107606,P01709
erp,00107607,P01710
erp,00107612,P01711
erp,00107616,P01712
erp,00107622,P01713
erp,00107627,P01714
erp,00107634,P01715
erp,00107635,P01717
erp,00107643,P01718
erp,00107645,P01719
erp,00107654,P01720
erp,00107662,P01722
erp,00107669,P01723
erp,00107676,P01724
erp,00107677,P01725
erp,00107686,P01726
erp,00107688,P01727
erp,00107696,P01729
erp,00107702,P01730
erp,00107707,P01731
erp,00107713,P01732
erp,00107716,P01733
erp,00107719,P01733
erp,00107724,P01734
erp,00107725,P01735
erp,00107732,P01736
erp,00107739,P01737
erp,00107741,P01738
erp,00107750,P01739
erp,00107755,P01740
erp,00107764,P01741
erp,00107773,P01742
erp,00107775,P01743
erp,00107779,P01743
erp,00107784,P01745
erp,00107792,P01746
erp,00107799,P01747
erp,00107801,P01747
erp,00107805,P01748
erp,00107814,P01749
erp,00107818,P01750
erp,00107826,P01751
erp,00107828,P01752
erp,00107837,P01753
erp,00107842,P01754
erp,00107847,P01755
erp,00107854,P01756
erp,00107855,P01757
erp,00107863,P01758
erp,00107872,P01759
erp,00107877,P01760
erp,00107885,P01761
erp,00107890,P01762
erp,00107891,P01763
erp,00107899,P01764
erp,00107903,P01766
erp,00107909,P01767
erp,00107918,P01768
erp,00107927,P01770
erp,00107931,P01771
erp,00107935,P01772
erp,00107939,P01773
erp,00107942,P01774
erp,00107945,P01776
erp,00107947,P01778
erp,00107953,P01779
erp,00107955,P01780
erp,00107964,P01781
erp,00107967,P01782
erp,00107972,P01782
erp,00107974,P01783
erp,00107975,P01784
erp,00107981,P01786
erp,00107989,P01787
erp,00107991,P01788
erp,00107997,P01789
erp,00108003,P01790
erp,00108004,P01792
erp,00108013,P01793
erp,00108016,P01794
erp,00108023,P01795
erp,00108030,P01796
erp,00108035,P01798
erp,00108036,P01799
erp,00108037,P01799
erp,00108042,P01800
erp,00108047,P01802
erp,00108048,P01803
erp,00108057,P01804
erp,00108065,P01805
erp,00108067,P01806
erp,00108073,P01807
erp,00108080,P01808
erp,00108083,P01809
erp,00108089,P01811
erp,00108091,P01812
erp,00108094,P01813
erp,00108099,P01814
erp,00108106,P01815
erp,00108108,P01816
erp,00108117,P01817
erp,00108122,P01818
erp,00108126,P01819
erp,00108129,P01820
erp,00108131,P01821
erp,00108139,P01821
erp,00108142,P01822
erp,00108148,P01823
erp,00108152,P01824
erp,00108159,P01825
erp,00108161,P01827
erp,00108162,P01828
erp,00108169,P01829
erp,00108173,P01830
erp,00108181,P01831
erp,00108188,P01833
erp,00108189,P01834
erp,00108196,P01834
erp,00108205,P01835
erp,00108208,P01836
erp,00108212,P01837
erp,00108215,P01838
erp,00108223,P01839
erp,00108225,P01840
erp,00108231,P01842
erp,00108239,P01843
erp,00108241,P01844
erp,00108246,P01845
erp,00108251,P01846
erp,00108258,P01847
erp,00108260,P01848
erp,00108264,P01849
erp,00108265,P01850
erp,00108274,P01851
erp,00108275,P01852
erp,00108283,P01853
erp,00108287,P01854
erp,00108294,P01855
erp,00108295,P01857
erp,00108296,P01858
erp,00108300,P01859
erp,00108303,P01860
erp,00108304,P01861
erp,00108309,P01862
erp,00108316,P01863
erp,00108324,P01863
erp,00108328,P01864
erp,00108337,P01865
erp,00108342,P01866
erp,00108350,P01867
erp,00108358,P01868
erp,00108359,P01869
erp,00108363,P01870
erp,00108364,P01871
erp,00108367,P01872
erp,00108372,P01874
erp,00108374,P01875
erp,00108375,P01876
erp,00108381,P01877
erp,00108384,P01878
erp,00108392,P01879
erp,00108397,P01880
erp,00108405,P01881
erp,00108407,P01882
erp,00108411,P01883
erp,00108414,P01884
erp,00108423,P01885
erp,00108427,P01886
erp,00108433,P01887
erp,00108435,P01888
erp,00108444,P01889
erp,00108447,P01890
erp,00108450,P01891
erp,00108452,P01893
erp,00108461,P01894
erp,00108465,P01895
erp,00108474,P01896
erp,00108478,P01898
erp,00108484,P01900
erp,00108491,P01901
erp,00108499,P01902
erp,00108502,P01903
erp,00108505,P01904
erp,00108514,P01906
erp,00108518,P01908
erp,00108527,P01909
erp,00108533,P01910
erp,00108537,P01911
erp,00108542,P01912
erp,00108546,P01913
erp,00108551,P01913
erp,00108554,P01915
erp,00108556,P01916
erp,00108557,P01917
erp,00108566,P01918
erp,00108574,P01919
erp,00108581,P01920
erp,00108585,P01921
erp,00108593,P01923
erp,00108594,P01924
erp,00108596,P01925
erp,00108603,P01926
erp,00108611,P01927
erp,00108612,P01928
erp,00108621,P01929
erp,00108625,P01930
erp,00108626,P01931
erp,00108634,P01932
erp,00108640,P01933
erp,00108649,P01933
erp,00108658,P01935
erp,00108661,P01935
erp,00108668,P01936
erp,00108677,P01937
erp,00108678,P01938
erp,00108683,P01939
erp,00108689,P01940
erp,00108694,P01941
erp,00108695,P01942
erp,00108699,P01943
erp,00108702,P01944
erp,00108704,P01945
erp,00108707,P01946
erp,00108709,P01948
erp,00108711,P01948
erp,00108718,P01949
erp,00108723,P01950
erp,00108727,P01951
erp,00108732,P01953
erp,00108736,P01955
erp,00108745,P01956
erp,00108754,P01957
erp,00108758,P01958
erp,00108764,P01959
erp,00108768,P01960
erp,00108775,P01961
erp,00108778,P01962
erp,00108784,P01963
erp,00108793,P01963
erp,00108799,P01965
erp,00108808,P01966
erp,00108810,P01967
erp,00108819,P01968
erp,00108821,P01969
erp,00108824,P01970
erp,00108828,P01971
erp,00108835,P01972
erp,00108841,P01973
erp,00108847,P01974
erp,00108850,P01975
erp,00108855,P01976
erp,00108860,P01976
erp,00108866,P01977
erp,00108873,P01978
erp,00108874,P01978
erp,00108877,P01979
erp,00108886,P01981
erp,00108889,P01982
erp,00108896,P01983
erp,00108901,P01984
erp,00108906,P01985
erp,00108914,P01986
erp,00108920,P01987
erp,00108922,P01988
erp,00108926,P01989
erp,00108932,P01990
erp,00108939,P01991
erp,00108945,P01992
erp,00108948,P01993
erp,00108953,P01994
erp,00108962,P01995
erp,00108967,P01997
erp,00108975,P01998
erp,00108977,P01999
erp,00108983,P02000
erp,00108986,P02001
erp,00108994,P02002
erp,00109003,P02004
erp,00109004,P02005
erp,00109005,P02006
erp,00109009,P02007
erp,00109016,P02008
erp,00109025,P02009
erp,00109027,P02010
erp,00109029,P02011
erp,00109037,P02013
erp,00109043,P02014
erp,00109052,P02015
erp,00109055,P02016
erp,00109060,P02017
erp,00109066,P02018
erp,00109067,P02019
erp,00109068,P02020
erp,00109074,P02021
erp,00109075,P02022
erp,00109082,P02023
erp,00109088,P02024
erp,00109096,P02025
erp,00109103,P02026
erp,00109104,P02027
erp,00109113,P02028
erp,00109116,P02029
erp,00109120,P02030
erp,00109125,P02031
erp,00109134,P02032
erp,00109143,P02033
erp,00109151,P02034
erp,00109152,P02035
erp,00109157,P02036
erp,00109163,P02037
erp,00109170,P02039
erp,00109174,P02040
erp,00109176,P02041
erp,00109185,P02042
erp,00109193,P02043
erp,00109198,P02044
erp,00109204,P02044
erp,00109208,P02045
erp,00109213,P02046
erp,00109214,P02048
erp,00109218,P02049
erp,00109227,P02050
erp,00109235,P02052
erp,00109239,P02053
erp,00109247,P02054
erp,00109252,P02055
erp,00109259,P02056
erp,00109265,P02056
erp,00109268,P02057
erp,00109277,P02058
erp,00109280,P02060
erp,00109285,P02061
erp,00109293,P02063
erp,00109294,P02064
erp,00109302,P02065
erp,00109303,P02066
erp,00109308,P02067
erp,00109311,P02068
erp,00109314,P02069
erp,00109316,P02070
erp,00109318,P02070
erp,00109321,P02071
erp,00109325,P02072
erp,00109331,P02073
erp,00109338,P02074
erp,00109342,P02075
erp,00109344,P02076
erp,00109351,P02077
erp,00109357,P02078
erp,00109366,P02079
erp,00109370,P02080
erp,00109372,P02082
erp,00109380,P02083
erp,00109381,P02084
erp,00109383,P02085
erp,00109384,P02086
erp,00109389,P02087
erp,00109393,P02088
erp,00109401,P02089
erp,00109403,P02090
erp,00109408,P02091
erp,00109416,P02092
erp,00109417,P02093
erp,00109424,P02094
erp,00109431,P02095
erp,00109435,P02096
erp,00109437,P02097
erp,00109443,P02099
erp,00109445,P02100
erp,00109451,P02101
erp,00109453,P02102
erp,00109454,P02103
erp,00109461,P02104
erp,00109465,P02106
erp,00109470,P02107
erp,00109476,P02108
erp,00109483,P02109
erp,00109486,P02112
erp,00109492,P02113
erp,00109496,P02114
erp,00109501,P02115
erp,00109506,P02116
erp,00109508,P02117
erp,00109513,P02118
erp,00109521,P02119
erp,00109526,P02120
erp,00109534,P02121
erp,00109539,P02122
erp,00109547,P02123
erp,00109556,P02124
erp,00109564,P02125
erp,00109568,P02126
erp,00109575,P02127
erp,00109582,P02128
erp,00109589,P02130
erp,00109592,P02131
erp,00109601,P02132
erp,00109606,P02133
erp,00109612,P02134
erp,00109619,P02135
erp,00109623,P02136
erp,00109632,P02137
erp,00109639,P02137
erp,00109640,P02138
erp,00109645,P02139
erp,00109653,P02140
erp,00109655,P02141
erp,00109662,P02142
erp,00109670,P02144
erp,00109678,P02145
erp,00109679,P02146
erp,00109681,P02147
erp,00109688,P02149
erp,00109693,P02150
erp,00109694,P02151
erp,00109695,P02152
erp,00109701,P02153
erp,00109706,P02154
erp,00109708,P02155
erp,00109716,P02156
erp,00109724,P02157
erp,00109733,P02158
erp,00109734,P02159
erp,00109738,P02161
erp,00109743,P02162
erp,00109744,P02163
erp,00109750,P02164
erp,00109756,P02165
erp,00109762,P02166
erp,00109769,P02167
erp,00109771,P02168
erp,00109778,P02169
erp,00109781,P02170
erp,00109787,P02171
erp,00109794,P02172
erp,00109799,P02173
erp,00109805,P02174
erp,00109810,P02175
erp,00109819,P02176
erp,00109820,P02177
erp,00109821,P02178
erp,00109823,P02179
erp,00109831,P02180
erp,00109834,P02181
erp,00109839,P02182
erp,00109840,P02183
erp,00109848,P02183
erp,00109854,P02184
erp,00109857,P02186
erp,00109861,P02187
erp,00109864,P02188
erp,00109865,P02189
erp,00109870,P02190
erp,00109873,P02190
erp,00109875,P02191
erp,00109876,P02192
erp,00109878,P02193
erp,00109880,P02194
erp,00109889,P02196
erp,00109894,P02197
erp,00109898,P02199
erp,00109903,P02200
erp,00109905,P02201
erp,00109912,P02203
erp,00109919,P02204
erp,00109927,P02205
erp,00109936,P02206
erp,00109943,P02209
erp,00109948,P02210
erp,00109949,P02210
erp,00109955,P02212
erp,00109961,P02213
erp,00109969,P02215
erp,00109978,P02216
erp,00109982,P02217
erp,00109983,P02218
erp,00109989,P02220
erp,00109990,P02221
erp,00109993,P02222
erp,00110002,P02223
erp,00110004,P02224
erp,00110011,P02225
erp,00110014,P02226
erp,00110019,P02227
erp,00110023,P02228
erp,00110024,P02230
erp,00110027,P02231
erp,00110030,P02232
erp,00110036,P02235
erp,00110041,P02236
erp,00110048,P02237
erp,00110053,P02238
erp,00110060,P02239
erp,00110066,P02241
erp,00110067,P02244
erp,00110075,P02245
erp,00110080,P02246
erp,00110088,P02247
erp,00110096,P02248
erp,00110100,P02249
erp,00110105,P02250
erp,00110107,P02251
erp,00110115,P02252
erp,00110124,P02253
erp,00110130,P02254
erp,00110132,P02255
erp,00110141,P02256
erp,00110144,P02257
erp,00110150,P02258
erp,00110159,P02258
erp,00110165,P02260
erp,00110168,P02261
erp,00110172,P02262
erp,00110179,P02263
erp,00110181,P02264
erp,00110190,P02265
erp,00110199,P02266
erp,00110208,P02267
erp,00110209,P02270
erp,00110215,P02271
erp,00110216,P02272
erp,00110220,P02273
erp,00110221,P02274
erp,00110223,P02275
erp,00110228,P02276
erp,00110230,P02277
erp,00110231,P02278
erp,00110236,P02279
erp,00110243,P02280
erp,00110250,P02281
erp,00110259,P02282
erp,00110261,P02283
erp,00110265,P02284
erp,00110271,P02286
erp,00110277,P02287
erp,00110282,P02288
erp,00110288,P02289
erp,00110292,P02290
erp,00110301,P02291
erp,00110306,P02293
erp,00110314,P02294
erp,00110317,P02295
erp,00110323,P02296
erp,00110328,P02297
erp,00110334,P02299
erp,00110339,P02300
erp,00110344,P02301
erp,00110351,P02302
erp,00110352,P02303
erp,00110353,P02304
erp,00110355,P02305
erp,00110363,P02306
erp,00110366,P02307
erp,00110367,P02308
erp,00110374,P02310
erp,00110383,P02311
erp,00110384,P02312
erp,00110393,P02313
erp,00110395,P02314
erp,00110396,P02315
erp,00110404,P02315
erp,00110412,P02316
erp,00110420,P02317
erp,00110422,P02318
erp,00110423,P02319
erp,00110427,P02319
erp,00110432,P02320
erp,00110435,P02321
erp,00110437,P02321
erp,00110445,P02322
erp,00110447,P02324
erp,00110454,P02325
erp,00110456,P02327
erp,00110463,P02328
erp,00110471,P02330
erp,00110478,P02331
erp,00110487,P02332
erp,00110492,P02333
erp,00110499,P02334
erp,00110508,P02335
erp,00110510,P02337
erp,00110518,P02339
erp,00110521,P02339
erp,00110529,P02340
erp,00110532,P02341
erp,00110534,P02342
erp,00110543,P02343
erp,00110551,P02344
erp,00110556,P02345
erp,00110561,P02346
erp,00110564,P02346
erp,00110570,P02347
erp,00110578,P02348
erp,00110587,P02348
erp,00110594,P02349
erp,00110598,P02350
erp,00110606,P02351
erp,00110611,P02352
erp,00110616,P02353
erp,00110620,P02354
erp,00110628,P02355
erp,00110636,P02356
erp,00110637,P02356
erp,00110642,P02357
erp,00110650,P02358
erp,00110653,P02359
erp,00110660,P02360
erp,00110668,P02361
erp,00110672,P02362
erp,00110679,P02363
erp,00110681,P02364
erp,00110684,P02365
erp,00110687,P02366
erp,00110694,P02367
erp,00110703,P02368
erp,00110704,P02369
erp,00110706,P02370
erp,00110707,P02371
erp,00110716,P02372
erp,00110721,P02374
erp,00110728,P02375
erp,00110732,P02377
erp,00110736,P02378
erp,00110740,P02380
erp,00110744,P02381
erp,00110752,P02382
erp,00110760,P02383
erp,00110764,P02384
erp,00110772,P02386
erp,00110777,P02387
erp,00110781,P02388
erp,00110784,P02389
erp,00110790,P02391
erp,00110794,P02392
erp,00110799,P02393
erp,00110801,P02395
erp,00110808,P02396
erp,00110816,P02397
erp,00110819,P02398
erp,00110824,P02398
erp,00110829,P02400
erp,00110833,P02401
erp,00110841,P02403
erp,00110848,P02404
erp,00110857,P02405
erp,00110866,P02406
erp,00110875,P02408
erp,00110878,P02409
erp,00110886,P02409
erp,00110895,P02410
erp,00110898,P02411
erp,00110900,P02412
erp,00110904,P02413
erp,00110912,P02414
erp,00110920,P02415
erp,00110923,P02415
erp,00110924,P02416
erp,00110931,P02418
erp,00110939,P02420
erp,00110945,P02421
erp,00110951,P02422
erp,00110959,P02423
erp,00110968,P02424
erp,00110974,P02425
erp,00110975,P02426
erp,00110979,P02427
erp,00110988,P02428
erp,00110989,P02429
erp,00110997,P02430
erp,00110999,P02432
erp,00111008,P02433
erp,00111015,P02434
erp,00111017,P02435
erp,00111021,P02436
erp,00111026,P02437
erp,00111034,P02437
erp,00111041,P02438
erp,00111050,P02439
erp,00111054,P02441
erp,00111056,P02442
erp,00111059,P02443
erp,00111067,P02444
erp,00111069,P02445
erp,00111077,P02446
erp,00111079,P02447
erp,00111083,P02448
erp,00111084,P02452
erp,00111088,P02453
erp,00111092,P02454
erp,00111099,P02454
erp,00111100,P02455
erp,00111108,P02456
erp,00111117,P02457
erp,00111119,P02459
erp,00111124,P02461
erp,00111130,P02462
erp,00111131,P02463
erp,00111140,P02464
erp,00111147,P02465
erp,00111152,P02466
erp,00111161,P02467
erp,00111169,P02468
erp,00111177,P02469
erp,00111180,P02470
erp,00111184,P02471
erp,00111193,P02471
erp,00111196,P02472
erp,00111200,P02473
erp,00111208,P02475
erp,00111214,P02477
erp,00111215,P02478
erp,00111217,P02479
erp,00111225,P02481
erp,00111230,P02482
erp,00111232,P02484
erp,00111237,P02485
erp,00111238,P02486
erp,00111246,P02488
erp,00111251,P02489
erp,00111256,P02489
erp,00111260,P02490
erp,00111261,P02491
erp,00111263,P02492
erp,00111267,P02493
erp,00111275,P02494
erp,00111277,P02496
erp,00111279,P02497
erp,00111280,P02500
catalog,WEB-846795,P00002
catalog,WEB-289988,P00003
catalog,WEB-614722,P00004
catalog,WEB-515685,P00005
catalog,WEB-215902,P00006
catalog,WEB-357241,P00008
catalog,WEB-881751,P00009
catalog,WEB-895770,P00010
catalog,WEB-169705,P00012
catalog,WEB-266477,P00014
catalog,WEB-665915,P00017
catalog,WEB-865233,P00018
catalog,WEB-275798,P00019
catalog,WEB-992133,P00020
catalog,WEB-195131,P00022
catalog,WEB-162957,P00023
catalog,WEB-618666,P00026
catalog,WEB-357658,P00028
catalog,WEB-923236,P00029
catalog,WEB-256817,P00030
catalog,WEB-215313,P00032
catalog,WEB-115533,P00033
catalog,WEB-968184,P00034
catalog,WEB-672855,P00035
catalog,WEB-578500,P00036
catalog,WEB-636089,P00037
catalog,WEB-193366,P00038
catalog,WEB-948173,P00039
catalog,WEB-259421,P00040
catalog,WEB-492654,P00041
catalog,WEB-549548,P00043
catalog,WEB-503243,P00044
catalog,WEB-555133,P00045
catalog,WEB-142058,P00046
catalog,WEB-405791,P00047
catalog,WEB-455721,P00048
catalog,WEB-419041,P00050
catalog,WEB-926045,P00051
catalog,WEB-206672,P00053
catalog,WEB-920056,P00055
catalog,WEB-302014,P00056
catalog,WEB-379247,P00060
catalog,WEB-768042,P00063
catalog,WEB-302983,P00065
catalog,WEB-522194,P00066
catalog,WEB-963582,P00067
catalog,WEB-328941,P00068
catalog,WEB-904769,P00069
catalog,WEB-328261,P00070
catalog,WEB-520062,P00071
catalog,WEB-359919,P00072
catalog,WEB-349940,P00073
catalog,WEB-856317,P00074
catalog,WEB-854658,P00075
catalog,WEB-468297,P00076
catalog,WEB-615542,P00077
catalog,WEB-371030,P00078
catalog,WEB-538097,P00079
catalog,WEB-680212,P00081
catalog,WEB-589552,P00084
catalog,WEB-312724,P00085
catalog,WEB-692313,P00086
catalog,WEB-779861,P00087
catalog,WEB-993633,P00088
catalog,WEB-556373,P00089
catalog,WEB-445543,P00090
catalog,WEB-804016,P00091
catalog,WEB-490754,P00092
catalog,WEB-659720,P00094
catalog,WEB-541448,P00095
catalog,WEB-197341,P00096
catalog,WEB-728000,P00098
catalog,WEB-460567,P00099
catalog,WEB-240734,P00100
catalog,WEB-607841,P00101
catalog,WEB-272465,P00103
catalog,WEB-566384,P00104
catalog,WEB-123627,P00105
catalog,WEB-655993,P00107
catalog,WEB-760149,P00109
catalog,WEB-507690,P00110
catalog,WEB-889869,P00112
catalog,WEB-738361,P00113
catalog,WEB-541890,P00114
catalog,WEB-462301,P00115
catalog,WEB-299638,P00118
catalog,WEB-604207,P00119
catalog,WEB-661972,P00120
catalog,WEB-448837,P00122
catalog,WEB-392977,P00123
catalog,WEB-439415,P00124
catalog,WEB-599599,P00127
catalog,WEB-943044,P00129
catalog,WEB-935094,P00130
catalog,WEB-567507,P00131
catalog,WEB-725552,P00132
catalog,WEB-202849,P00133
catalog,WEB-441253,P00134
catalog,WEB-204511,P00135
catalog,WEB-912777,P00136
catalog,WEB-411110,P00138
catalog,WEB-392825,P00139
catalog,WEB-427208,P00140
catalog,WEB-362862,P00142
catalog,WEB-288481,P00143
catalog,WEB-533148,P00144
catalog,WEB-420839,P00145
catalog,WEB-381227,P00147
catalog,WEB-904112,P00149
catalog,WEB-333186,P00150
catalog,WEB-755276,P00151
catalog,WEB-298848,P00152
catalog,WEB-664298,P00156
catalog,WEB-276101,P00157
catalog,WEB-170800,P00158
catalog,WEB-851408,P00161
catalog,WEB-774589,P00162
catalog,WEB-474008,P00163
catalog,WEB-521977,P00165
catalog,WEB-808266,P00166
catalog,WEB-423396,P00167
catalog,WEB-535576,P00168
catalog,WEB-309239,P00169
catalog,WEB-750013,P00170
catalog,WEB-317670,P00172
catalog,WEB-522150,P00173
catalog,WEB-529363,P00174
catalog,WEB-274250,P00175
catalog,WEB-312894,P00179
catalog,WEB-510829,P00180
catalog,WEB-520273,P00182
catalog,WEB-266055,P00183
catalog,WEB-692008,P00184
catalog,WEB-634184,P00185
catalog,WEB-327927,P00186
catalog,WEB-441840,P00187
catalog,WEB-520791,P00188
catalog,WEB-802556,P00189
catalog,WEB-599183,P00190
catalog,WEB-199733,P00191
catalog,WEB-482484,P00192
catalog,WEB-207244,P00194
catalog,WEB-565702,P00195
catalog,WEB-931724,P00196
catalog,WEB-615331,P00198
catalog,WEB-922216,P00199
catalog,WEB-302091,P00201
catalog,WEB-501295,P00202
catalog,WEB-758038,P00203
catalog,WEB-141556,P00204
catalog,WEB-607912,P00205
catalog,WEB-177737,P00206
catalog,WEB-573633,P00207
catalog,WEB-373778,P00208
catalog,WEB-868895,P00209
catalog,WEB-152069,P00210
catalog,WEB-896012,P00211
catalog,WEB-704691,P00212
catalog,WEB-694023,P00213
catalog,WEB-677194,P00214
catalog,WEB-389506,P00216
catalog,WEB-998605,P00217
catalog,WEB-535948,P00219
catalog,WEB-213529,P00223
catalog,WEB-307891,P00224
catalog,WEB-888108,P00226
catalog,WEB-138416,P00227
catalog,WEB-534765,P00228
catalog,WEB-959894,P00229
catalog,WEB-460685,P00230
catalog,WEB-291901,P00231
catalog,WEB-798879,P00233
catalog,WEB-727282,P00234
catalog,WEB-167273,P00235
catalog,WEB-736331,P00236
catalog,WEB-596940,P00237
catalog,WEB-298857,P00238
catalog,WEB-696445,P00239
catalog,WEB-252872,P00240
catalog,WEB-294984,P00241
catalog,WEB-334677,P00242
catalog,WEB-816995,P00243
catalog,WEB-924991,P00244
catalog,WEB-705737,P00245
catalog,WEB-709672,P00247
catalog,WEB-381132,P00249
catalog,WEB-789729,P00251
catalog,WEB-928159,P00255
catalog,WEB-585416,P00256
catalog,WEB-529209,P00259
catalog,WEB-216347,P00260
catalog,WEB-100116,P00261
catalog,WEB-429112,P00262
catalog,WEB-539606,P00263
catalog,WEB-114061,P00264
catalog,WEB-380018,P00265
catalog,WEB-612163,P00266
catalog,WEB-449102,P00267
catalog,WEB-739827,P00268
catalog,WEB-993912,P00269
catalog,WEB-177209,P00270
catalog,WEB-516622,P00271
catalog,WEB-964146,P00272
catalog,WEB-466782,P00273
catalog,WEB-583864,P00274
catalog,WEB-194586,P00275
catalog,WEB-818548,P00279
catalog,WEB-247418,P00281
catalog,WEB-622692,P00286
catalog,WEB-202631,P00287
catalog,WEB-366872,P00289
catalog,WEB-730830,P00295
catalog,WEB-555815,P00296
catalog,WEB-674339,P00298
catalog,WEB-953004,P00299
catalog,WEB-960021,P00300
catalog,WEB-895987,P00301
catalog,WEB-582100,P00302
catalog,WEB-124212,P00303
catalog,WEB-938223,P00306
catalog,WEB-593856,P00307
catalog,WEB-473900,P00308
catalog,WEB-404390,P00309
catalog,WEB-934364,P00310
catalog,WEB-957170,P00311
catalog,WEB-287188,P00313
catalog,WEB-106945,P00314
catalog,WEB-838740,P00315
catalog,WEB-963255,P00317
catalog,WEB-218026,P00319
catalog,WEB-672118,P00320
catalog,WEB-934061,P00321
catalog,WEB-121147,P00323
catalog,WEB-354426,P00324
catalog,WEB-285702,P00327
catalog,WEB-247840,P00328
catalog,WEB-703595,P00329
catalog,WEB-974742,P00330
catalog,WEB-464118,P00331
catalog,WEB-503380,P00333
catalog,WEB-437241,P00334
catalog,WEB-582798,P00335
catalog,WEB-242921,P00336
catalog,WEB-452489,P00339
catalog,WEB-814217,P00342
catalog,WEB-201893,P00343
catalog,WEB-109589,P00344
catalog,WEB-647208,P00346
catalog,WEB-597920,P00347
catalog,WEB-688902,P00348
catalog,WEB-817122,P00352
catalog,WEB-819887,P00354
catalog,WEB-340590,P00355
catalog,WEB-735332,P00356
catalog,WEB-349625,P00357
catalog,WEB-857629,P00360
catalog,WEB-976169,P00362
catalog,WEB-251200,P00364
catalog,WEB-134848,P00365
catalog,WEB-504181,P00366
catalog,WEB-235352,P00367
catalog,WEB-867466,P00368
catalog,WEB-983661,P00369
catalog,WEB-596299,P00370
catalog,WEB-839906,P00371
catalog,WEB-763118,P00374
catalog,WEB-295290,P00375
catalog,WEB-587883,P00376
catalog,WEB-341363,P00379
catalog,WEB-739372,P00380
catalog,WEB-366544,P00381
catalog,WEB-924391,P00383
catalog,WEB-488894,P00385
catalog,WEB-984549,P00386
catalog,WEB-874775,P00387
catalog,WEB-548908,P00388
catalog,WEB-640299,P00390
catalog,WEB-900622,P00391
catalog,WEB-577520,P00393
catalog,WEB-602726,P00394
catalog,WEB-296675,P00395
catalog,WEB-574353,P00396
catalog,WEB-502141,P00397
catalog,WEB-109516,P00398
catalog,WEB-479900,P00399
catalog,WEB-862967,P00400
catalog,WEB-715754,P00401
catalog,WEB-824406,P00403
catalog,WEB-566121,P00406
catalog,WEB-721945,P00410
catalog,WEB-135573,P00411
catalog,WEB-922462,P00412
catalog,WEB-241171,P00415
catalog,WEB-991983,P00416
catalog,WEB-553478,P00417
catalog,WEB-599483,P00418
catalog,WEB-747323,P00419
catalog,WEB-540014,P00420
catalog,WEB-407723,P00422
catalog,WEB-253419,P00423
catalog,WEB-262225,P00424
catalog,WEB-536749,P00425
catalog,WEB-522411,P00426
catalog,WEB-489215,P00428
catalog,WEB-747114,P00429
catalog,WEB-393740,P00430
catalog,WEB-740306,P00431
catalog,WEB-845991,P00433
catalog,WEB-515049,P00435
catalog,WEB-252909,P00438
catalog,WEB-336863,P00439
catalog,WEB-903977,P00440
catalog,WEB-688010,P00441
catalog,WEB-450587,P00442
catalog,WEB-442869,P00445
catalog,WEB-800444,P00446
catalog,WEB-536435,P00447
catalog,WEB-634214,P00448
catalog,WEB-544295,P00449
catalog,WEB-903964,P00450
catalog,WEB-370047,P00452
catalog,WEB-420456,P00453
catalog,WEB-592185,P00454
catalog,WEB-785334,P00455
catalog,WEB-798050,P00457
catalog,WEB-785439,P00459
catalog,WEB-949424,P00460
catalog,WEB-834168,P00461
catalog,WEB-274287,P00463
catalog,WEB-282081,P00464
catalog,WEB-949797,P00466
catalog,WEB-890098,P00469
catalog,WEB-767005,P00470
catalog,WEB-812711,P00472
catalog,WEB-597219,P00474
catalog,WEB-692595,P00475
catalog,WEB-976417,P00476
catalog,WEB-171714,P00477
catalog,WEB-838427,P00478
catalog,WEB-712979,P00479
catalog,WEB-959120,P00480
catalog,WEB-494347,P00481
catalog,WEB-666867,P00482
catalog,WEB-510929,P00483
catalog,WEB-457021,P00484
catalog,WEB-947979,P00486
catalog,WEB-446220,P00487
catalog,WEB-770166,P00488
catalog,WEB-397287,P00489
catalog,WEB-169749,P00490
catalog,WEB-356468,P00492
catalog,WEB-893562,P00493
catalog,WEB-182832,P00495
catalog,WEB-976530,P00496
catalog,WEB-530248,P00497
catalog,WEB-853599,P00498
catalog,WEB-412776,P00500
catalog,WEB-700830,P00501
catalog,WEB-811006,P00503
catalog,WEB-947265,P00505
catalog,WEB-405816,P00506
catalog,WEB-697188,P00507
catalog,WEB-320530,P00508
catalog,WEB-757032,P00509
catalog,WEB-783433,P00510
catalog,WEB-971206,P00511
catalog,WEB-297962,P00513
catalog,WEB-914966,P00514
catalog,WEB-331843,P00515
catalog,WEB-361121,P00516
catalog,WEB-110881,P00517
catalog,WEB-930509,P00519
catalog,WEB-297391,P00520
catalog,WEB-852036,P00521
catalog,WEB-977333,P00522
catalog,WEB-354247,P00523
catalog,WEB-393786,P00524
catalog,WEB-796705,P00527
catalog,WEB-475019,P00529
catalog,WEB-103676,P00530
catalog,WEB-872233,P00531
catalog,WEB-798000,P00532
catalog,WEB-349964,P00533
catalog,WEB-300011,P00535
catalog,WEB-750477,P00537
catalog,WEB-470763,P00538
catalog,WEB-705184,P00539
catalog,WEB-279022,P00542
catalog,WEB-650848,P00543
catalog,WEB-974238,P00545
catalog,WEB-417847,P00546
catalog,WEB-938445,P00547
catalog,WEB-181452,P00548
catalog,WEB-778692,P00549
catalog,WEB-178320,P00550
catalog,WEB-653683,P00551
catalog,WEB-295039,P00552
catalog,WEB-772115,P00554
catalog,WEB-471776,P00556
catalog,WEB-687916,P00558
catalog,WEB-397313,P00559
catalog,WEB-733463,P00560
catalog,WEB-886610,P00561
catalog,WEB-549340,P00563
catalog,WEB-947836,P00567
catalog,WEB-997552,P00569
catalog,WEB-920888,P00571
catalog,WEB-330596,P00572
catalog,WEB-323409,P00573
catalog,WEB-645338,P00574
catalog,WEB-952621,P00575
catalog,WEB-444477,P00577
catalog,WEB-812995,P00578
catalog,WEB-375182,P00579
catalog,WEB-158783,P00580
catalog,WEB-431793,P00582
catalog,WEB-209179,P00583
catalog,WEB-668680,P00585
catalog,WEB-305231,P00586
catalog,WEB-749862,P00587
catalog,WEB-460295,P00588
catalog,WEB-963762,P00589
catalog,WEB-923390,P00590
catalog,WEB-245562,P00591
catalog,WEB-247608,P00592
catalog,WEB-104054,P00593
catalog,WEB-635168,P00595
catalog,WEB-198488,P00598
catalog,WEB-433962,P00599
catalog,WEB-982747,P00600
catalog,WEB-661922,P00601
catalog,WEB-226483,P00602
catalog,WEB-910575,P00603
catalog,WEB-457517,P00606
catalog,WEB-905422,P00607
catalog,WEB-732078,P00608
catalog,WEB-960080,P00609
catalog,WEB-910706,P00610
catalog,WEB-549721,P00612
catalog,WEB-943387,P00614
catalog,WEB-961011,P00615
catalog,WEB-433605,P00616
catalog,WEB-187425,P00617
catalog,WEB-800981,P00619
catalog,WEB-961359,P00620
catalog,WEB-779163,P00621
catalog,WEB-996523,P00622
catalog,WEB-294966,P00623
catalog,WEB-790755,P00625
catalog,WEB-300455,P00626
catalog,WEB-675975,P00629
catalog,WEB-664181,P00630
catalog,WEB-450082,P00631
catalog,WEB-504049,P00632
catalog,WEB-801813,P00633
catalog,WEB-482414,P00634
catalog,WEB-344230,P00635
catalog,WEB-325028,P00637
catalog,WEB-201131,P00639
catalog,WEB-177628,P00640
catalog,WEB-614157,P00641
catalog,WEB-847685,P00642
catalog,WEB-346021,P00643
catalog,WEB-516831,P00644
catalog,WEB-404227,P00645
catalog,WEB-303767,P00646
catalog,WEB-360720,P00647
catalog,WEB-510431,P00648
catalog,WEB-357638,P00649
catalog,WEB-713117,P00650
catalog,WEB-575547,P00651
catalog,WEB-272531,P00652
catalog,WEB-732430,P00655
catalog,WEB-550654,P00656
catalog,WEB-971099,P00657
catalog,WEB-652847,P00658
catalog,WEB-754836,P00659
catalog,WEB-130720,P00660
catalog,WEB-516497,P00661
catalog,WEB-753715,P00662
catalog,WEB-179427,P00665
catalog,WEB-986239,P00666
catalog,WEB-585365,P00669
catalog,WEB-603383,P00673
catalog,WEB-802835,P00674
catalog,WEB-390683,P00676
catalog,WEB-468287,P00677
catalog,WEB-914746,P00678
catalog,WEB-843736,P00679
catalog,WEB-205582,P00680
catalog,WEB-449015,P00682
catalog,WEB-946380,P00683
catalog,WEB-179290,P00686
catalog,WEB-392087,P00687
catalog,WEB-964302,P00689
catalog,WEB-231248,P00690
catalog,WEB-654515,P00691
catalog,WEB-995474,P00694
catalog,WEB-129451,P00695
catalog,WEB-971981,P00697
catalog,WEB-433469,P00698
catalog,WEB-656497,P00699
catalog,WEB-838085,P00701
catalog,WEB-954467,P00702
catalog,WEB-894740,P00705
catalog,WEB-326170,P00706
catalog,WEB-246314,P00707
catalog,WEB-306473,P00708
catalog,WEB-570073,P00711
catalog,WEB-772272,P00712
catalog,WEB-842104,P00715
catalog,WEB-902142,P00716
catalog,WEB-688825,P00717
catalog,WEB-932090,P00718
catalog,WEB-886810,P00719
catalog,WEB-148983,P00720
catalog,WEB-704221,P00722
catalog,WEB-679074,P00723
catalog,WEB-436279,P00725
catalog,WEB-363563,P00726
catalog,WEB-961510,P00728
catalog,WEB-158781,P00729
catalog,WEB-775559,P00730
catalog,WEB-301164,P00731
catalog,WEB-120515,P00732
catalog,WEB-886262,P00735
catalog,WEB-781486,P00737
catalog,WEB-785500,P00738
catalog,WEB-277994,P00739
catalog,WEB-685676,P00741
catalog,WEB-360191,P00742
catalog,WEB-925412,P00743
catalog,WEB-446415,P00744
catalog,WEB-619695,P00745
catalog,WEB-627976,P00746
catalog,WEB-232618,P00747
catalog,WEB-953160,P00749
catalog,WEB-441076,P00750
catalog,WEB-760292,P00751
catalog,WEB-655053,P00754
catalog,WEB-666557,P00756
catalog,WEB-863972,P00758
catalog,WEB-197750,P00759
catalog,WEB-893614,P00760
catalog,WEB-379916,P00762
catalog,WEB-390251,P00763
catalog,WEB-503191,P00764
catalog,WEB-301989,P00765
catalog,WEB-381483,P00766
catalog,WEB-252384,P00767
catalog,WEB-730728,P00768
catalog,WEB-802552,P00769
catalog,WEB-921048,P00770
catalog,WEB-379513,P00771
catalog,WEB-234172,P00772
catalog,WEB-675876,P00773
catalog,WEB-856327,P00774
catalog,WEB-591570,P00776
catalog,WEB-801904,P00778
catalog,WEB-281748,P00779
catalog,WEB-941755,P00781
catalog,WEB-369111,P00783
catalog,WEB-492231,P00785
catalog,WEB-306538,P00786
catalog,WEB-527003,P00788
catalog,WEB-718929,P00791
catalog,WEB-879493,P00792
catalog,WEB-149764,P00794
catalog,WEB-912237,P00799
catalog,WEB-369600,P00800
catalog,WEB-980673,P00802
catalog,WEB-125363,P00803
catalog,WEB-715888,P00804
catalog,WEB-395569,P00805
catalog,WEB-569797,P00806
catalog,WEB-566546,P00807
catalog,WEB-656722,P00809
catalog,WEB-951061,P00812
catalog,WEB-132870,P00813
catalog,WEB-657104,P00814
catalog,WEB-648945,P00817
catalog,WEB-539938,P00818
catalog,WEB-825588,P00819
catalog,WEB-286883,P00821
catalog,WEB-741213,P00823
catalog,WEB-448481,P00824
catalog,WEB-504147,P00825
catalog,WEB-369229,P00826
catalog,WEB-762721,P00828
catalog,WEB-612557,P00829
catalog,WEB-196620,P00830
catalog,WEB-236269,P00831
catalog,WEB-443774,P00832
catalog,WEB-420702,P00833
catalog,WEB-653753,P00834
catalog,WEB-680393,P00835
catalog,WEB-502426,P00836
catalog,WEB-826539,P00838
catalog,WEB-819736,P00840
catalog,WEB-888656,P00841
catalog,WEB-769502,P00843
catalog,WEB-836637,P00844
catalog,WEB-674520,P00845
catalog,WEB-774163,P00846
catalog,WEB-722874,P00847
catalog,WEB-461992,P00848
catalog,WEB-541639,P00849
catalog,WEB-946489,P00850
catalog,WEB-573644,P00851
catalog,WEB-222694,P00853
catalog,WEB-177946,P00854
catalog,WEB-173949,P00855
catalog,WEB-144060,P00856
catalog,WEB-488126,P00857
catalog,WEB-244211,P00858
catalog,WEB-371365,P00859
catalog,WEB-942667,P00860
catalog,WEB-176771,P00861
catalog,WEB-190091,P00862
catalog,WEB-163051,P00863
catalog,WEB-755493,P00864
catalog,WEB-738603,P00868
catalog,WEB-196785,P00869
catalog,WEB-620193,P00872
catalog,WEB-422007,P00873
catalog,WEB-351698,P00874
catalog,WEB-262611,P00876
catalog,WEB-583890,P00877
catalog,WEB-591349,P00878
catalog,WEB-846690,P00881
catalog,WEB-470514,P00882
catalog,WEB-896961,P00885
catalog,WEB-766415,P00886
catalog,WEB-828356,P00888
catalog,WEB-231404,P00889
catalog,WEB-317365,P00891
catalog,WEB-313910,P00892
catalog,WEB-854713,P00893
catalog,WEB-890030,P00894
catalog,WEB-763063,P00896
catalog,WEB-505070,P00897
catalog,WEB-452387,P00898
catalog,WEB-492020,P00899
catalog,WEB-759535,P00900
catalog,WEB-464319,P00901
catalog,WEB-514466,P00904
catalog,WEB-703883,P00905
catalog,WEB-927090,P00906
catalog,WEB-504418,P00907
catalog,WEB-896357,P00908
catalog,WEB-971256,P00909
catalog,WEB-476127,P00911
catalog,WEB-332584,P00913
catalog,WEB-325941,P00914
catalog,WEB-702626,P00915
catalog,WEB-535694,P00917
catalog,WEB-606491,P00918
catalog,WEB-359115,P00919
catalog,WEB-856645,P00920
catalog,WEB-469853,P00921
catalog,WEB-290553,P00922
catalog,WEB-763037,P00923
catalog,WEB-533922,P00924
catalog,WEB-365148,P00928
catalog,WEB-306401,P00929
catalog,WEB-518669,P00931
catalog,WEB-873125,P00932
catalog,WEB-795792,P00935
catalog,WEB-949051,P00937
catalog,WEB-371303,P00939
catalog,WEB-829444,P00942
catalog,WEB-855040,P00943
catalog,WEB-950944,P00944
catalog,WEB-770728,P00946
catalog,WEB-438591,P00947
catalog,WEB-380453,P00948
catalog,WEB-827841,P00951
catalog,WEB-415709,P00952
catalog,WEB-951294,P00953
catalog,WEB-150672,P00954
catalog,WEB-295711,P00955
catalog,WEB-176788,P00958
catalog,WEB-870147,P00959
catalog,WEB-739025,P00960
catalog,WEB-535320,P00961
catalog,WEB-287716,P00962
catalog,WEB-166151,P00964
catalog,WEB-361413,P00965
catalog,WEB-849211,P00966
catalog,WEB-936450,P00967
catalog,WEB-168177,P00969
catalog,WEB-499645,P00970
catalog,WEB-466030,P00971
catalog,WEB-831080,P00972
catalog,WEB-341840,P00973
catalog,WEB-869600,P00976
catalog,WEB-626462,P00977
catalog,WEB-650203,P00978
catalog,WEB-407921,P00979
catalog,WEB-890829,P00980
catalog,WEB-546147,P00982
catalog,WEB-216287,P00983
catalog,WEB-236605,P00984
catalog,WEB-643755,P00985
catalog,WEB-194501,P00986
catalog,WEB-690671,P00987
catalog,WEB-734748,P00989
catalog,WEB-772268,P00990
catalog,WEB-521477,P00992
catalog,WEB-377124,P00993
catalog,WEB-207510,P00994
catalog,WEB-768789,P00995
catalog,WEB-948397,P00996
catalog,WEB-853308,P00997
catalog,WEB-911218,P00998
catalog,WEB-109748,P00999
catalog,WEB-891081,P01000
catalog,WEB-341563,P01001
catalog,WEB-444871,P01003
catalog,WEB-690133,P01004
catalog,WEB-977415,P01005
catalog,WEB-115241,P01006
catalog,WEB-406975,P01008
catalog,WEB-279479,P01009
catalog,WEB-941649,P01010
catalog,WEB-711806,P01011
catalog,WEB-385771,P01012
catalog,WEB-492986,P01016
catalog,WEB-769286,P01017
catalog,WEB-781848,P01018
catalog,WEB-355389,P01019
catalog,WEB-326405,P01020
catalog,WEB-354230,P01022
catalog,WEB-253536,P01024
catalog,WEB-431026,P01025
catalog,WEB-671332,P01026
catalog,WEB-801900,P01029
catalog,WEB-509306,P01030
catalog,WEB-777612,P01032
catalog,WEB-977050,P01034
catalog,WEB-488339,P01036
catalog,WEB-114384,P01037
catalog,WEB-961322,P01038
catalog,WEB-698478,P01039
catalog,WEB-861034,P01040
catalog,WEB-825449,P01041
catalog,WEB-540813,P01042
catalog,WEB-970231,P01043
catalog,WEB-218980,P01044
catalog,WEB-974596,P01045
catalog,WEB-710846,P01046
catalog,WEB-653667,P01047
catalog,WEB-410155,P01049
catalog,WEB-885242,P01050
catalog,WEB-740527,P01051
catalog,WEB-870038,P01052
catalog,WEB-657945,P01053
catalog,WEB-941169,P01055
catalog,WEB-631098,P01056
catalog,WEB-783500,P01057
catalog,WEB-470438,P01058
catalog,WEB-603654,P01059
catalog,WEB-420516,P01060
catalog,WEB-849139,P01061
catalog,WEB-833732,P01062
catalog,WEB-681676,P01065
catalog,WEB-806338,P01066
catalog,WEB-308871,P01067
catalog,WEB-669914,P01068
catalog,WEB-215227,P01070
catalog,WEB-221407,P01073
catalog,WEB-260288,P01074
catalog,WEB-871232,P01075
catalog,WEB-617918,P01077
catalog,WEB-485202,P01078
catalog,WEB-670214,P01079
catalog,WEB-842788,P01080
catalog,WEB-289215,P01081
catalog,WEB-825395,P01082
catalog,WEB-261892,P01084
catalog,WEB-822899,P01085
catalog,WEB-631084,P01091
catalog,WEB-757201,P01092
catalog,WEB-366382,P01097
catalog,WEB-180132,P01099
catalog,WEB-433996,P01101
catalog,WEB-833369,P01102
catalog,WEB-390556,P01103
catalog,WEB-285601,P01104
catalog,WEB-344288,P01105
catalog,WEB-860958,P01106
catalog,WEB-523721,P01107
catalog,WEB-252497,P01110
catalog,WEB-631919,P01111
catalog,WEB-151341,P01113
catalog,WEB-930408,P01116
catalog,WEB-306644,P01118
catalog,WEB-967195,P01120
catalog,WEB-863125,P01121
catalog,WEB-277982,P01123
catalog,WEB-589774,P01126
catalog,WEB-788450,P01127
catalog,WEB-825404,P01129
catalog,WEB-468035,P01130
catalog,WEB-385452,P01131
catalog,WEB-132533,P01132
catalog,WEB-710271,P01134
catalog,WEB-498639,P01135
catalog,WEB-393455,P01136
catalog,WEB-305780,P01137
catalog,WEB-820804,P01138
catalog,WEB-721212,P01139
catalog,WEB-757120,P01141
catalog,WEB-563962,P01143
catalog,WEB-186493,P01144
catalog,WEB-468437,P01145
catalog,WEB-447473,P01146
catalog,WEB-363940,P01147
catalog,WEB-358318,P01149
catalog,WEB-432375,P01150
catalog,WEB-426494,P01151
catalog,WEB-459660,P01152
catalog,WEB-947517,P01153
catalog,WEB-267854,P01154
catalog,WEB-849310,P01156
catalog,WEB-378963,P01157
catalog,WEB-279339,P01158
catalog,WEB-943132,P01159
catalog,WEB-380577,P01160
catalog,WEB-409410,P01163
catalog,WEB-336239,P01166
catalog,WEB-495387,P01167
catalog,WEB-621336,P01168
catalog,WEB-526134,P01169
catalog,WEB-715186,P01170
catalog,WEB-551819,P01173
catalog,WEB-577299,P01174
catalog,WEB-547144,P01175
catalog,WEB-511676,P01176
catalog,WEB-770028,P01177
catalog,WEB-414711,P01179
catalog,WEB-662797,P01180
catalog,WEB-448471,P01181
catalog,WEB-133861,P01185
catalog,WEB-711712,P01186
catalog,WEB-118647,P01187
catalog,WEB-973691,P01188
catalog,WEB-383117,P01189
catalog,WEB-755180,P01190
catalog,WEB-540245,P01191
catalog,WEB-693536,P01192
catalog,WEB-397741,P01193
catalog,WEB-826728,P01194
catalog,WEB-792214,P01196
catalog,WEB-208367,P01198
catalog,WEB-878790,P01199
catalog,WEB-110420,P01200
catalog,WEB-924112,P01204
catalog,WEB-415441,P01205
catalog,WEB-109831,P01206
catalog,WEB-816769,P01207
catalog,WEB-931266,P01208
catalog,WEB-832052,P01210
catalog,WEB-782671,P01212
catalog,WEB-688932,P01214
catalog,WEB-605919,P01216
catalog,WEB-160547,P01217
catalog,WEB-523159,P01218
catalog,WEB-321405,P01219
catalog,WEB-222413,P01220
catalog,WEB-337805,P01221
catalog,WEB-675794,P01222
catalog,WEB-231931,P01223
catalog,WEB-919921,P01224
catalog,WEB-904255,P01226
catalog,WEB-851495,P01227
catalog,WEB-536441,P01228
catalog,WEB-562922,P01229
catalog,WEB-774457,P01230
catalog,WEB-467942,P01232
catalog,WEB-469962,P01237
catalog,WEB-258420,P01239
catalog,WEB-184384,P01241
catalog,WEB-873802,P01242
catalog,WEB-566830,P01243
catalog,WEB-894236,P01244
catalog,WEB-759810,P01247
catalog,WEB-855727,P01249
catalog,WEB-369474,P01251
catalog,WEB-663117,P01252
catalog,WEB-710602,P01253
catalog,WEB-984726,P01255
catalog,WEB-755709,P01257
catalog,WEB-968548,P01258
catalog,WEB-984433,P01260
catalog,WEB-446940,P01261
catalog,WEB-329916,P01262
catalog,WEB-630838,P01263
catalog,WEB-842654,P01265
catalog,WEB-851762,P01266
catalog,WEB-826312,P01267
catalog,WEB-939087,P01268
catalog,WEB-771921,P01269
catalog,WEB-152881,P01270
catalog,WEB-560630,P01271
catalog,WEB-397468,P01273
catalog,WEB-523678,P01274
catalog,WEB-208274,P01275
catalog,WEB-842298,P01277
catalog,WEB-906532,P01278
catalog,WEB-941800,P01279
catalog,WEB-754738,P01281
catalog,WEB-172064,P01284
catalog,WEB-510985,P01285
catalog,WEB-742317,P01287
catalog,WEB-690038,P01288
catalog,WEB-130518,P01289
catalog,WEB-890511,P01290
catalog,WEB-129015,P01292
catalog,WEB-492877,P01294
catalog,WEB-538132,P01295
catalog,WEB-564868,P01296
catalog,WEB-661594,P01297
catalog,WEB-558550,P01298
catalog,WEB-920173,P01300
catalog,WEB-563719,P01304
catalog,WEB-439844,P01305
catalog,WEB-730726,P01306
catalog,WEB-625241,P01307
catalog,WEB-815319,P01309
catalog,WEB-409267,P01311
catalog,WEB-223100,P01314
catalog,WEB-513425,P01316
catalog,WEB-980403,P01317
catalog,WEB-832911,P01318
catalog,WEB-808541,P01319
catalog,WEB-589220,P01320
catalog,WEB-188439,P01321
catalog,WEB-886532,P01324
catalog,WEB-317508,P01325
catalog,WEB-829077,P01327
catalog,WEB-197852,P01328
catalog,WEB-442391,P01329
catalog,WEB-612959,P01331
catalog,WEB-408578,P01332
catalog,WEB-980255,P01333
catalog,WEB-639986,P01335
catalog,WEB-930958,P01336
catalog,WEB-731450,P01337
catalog,WEB-368280,P01338
catalog,WEB-376559,P01339
catalog,WEB-356013,P01340
catalog,WEB-708120,P01341
catalog,WEB-603680,P01343
catalog,WEB-569789,P01344
catalog,WEB-649919,P01345
catalog,WEB-797784,P01347
catalog,WEB-958538,P01349
catalog,WEB-177785,P01350
catalog,WEB-124199,P01351
catalog,WEB-652790,P01352
catalog,WEB-183652,P01353
catalog,WEB-518531,P01354
catalog,WEB-904459,P01356
catalog,WEB-390747,P01358
catalog,WEB-100616,P01359
catalog,WEB-491662,P01360
catalog,WEB-764223,P01361
catalog,WEB-513587,P01363
catalog,WEB-767220,P01365
catalog,WEB-353452,P01366
catalog,WEB-951511,P01367
catalog,WEB-553674,P01370
catalog,WEB-722893,P01372
catalog,WEB-665967,P01374
catalog,WEB-756070,P01376
catalog,WEB-509327,P01377
catalog,WEB-721296,P01378
catalog,WEB-500290,P01380
catalog,WEB-911468,P01382
catalog,WEB-882661,P01383
catalog,WEB-978017,P01385
catalog,WEB-534315,P01387
catalog,WEB-125054,P01388
catalog,WEB-563361,P01389
catalog,WEB-685064,P01390
catalog,WEB-918459,P01391
catalog,WEB-397748,P01392
catalog,WEB-135323,P01394
catalog,WEB-708383,P01395
catalog,WEB-616589,P01396
catalog,WEB-387042,P01397
catalog,WEB-684547,P01398
catalog,WEB-656474,P01399
catalog,WEB-652866,P01400
catalog,WEB-343523,P01401
catalog,WEB-773737,P01402
catalog,WEB-367358,P01403
catalog,WEB-103067,P01404
catalog,WEB-380266,P01405
catalog,WEB-946432,P01406
catalog,WEB-838710,P01407
catalog,WEB-719442,P01408
catalog,WEB-577875,P01409
catalog,WEB-505281,P01410
catalog,WEB-489139,P01412
catalog,WEB-467949,P01414
catalog,WEB-728204,P01415
catalog,WEB-741738,P01417
catalog,WEB-208345,P01418
catalog,WEB-395517,P01419
catalog,WEB-737279,P01420
catalog,WEB-868896,P01422
catalog,WEB-822848,P01423
catalog,WEB-508981,P01424
catalog,WEB-132639,P01425
catalog,WEB-184005,P01427
catalog,WEB-831482,P01428
catalog,WEB-782417,P01429
catalog,WEB-390178,P01430
catalog,WEB-835004,P01433
catalog,WEB-920892,P01434
catalog,WEB-178757,P01436
catalog,WEB-680899,P01439
catalog,WEB-911436,P01440
catalog,WEB-263215,P01441
catalog,WEB-900492,P01443
catalog,WEB-415609,P01446
catalog,WEB-722427,P01448
catalog,WEB-642937,P01449
catalog,WEB-977446,P01450
catalog,WEB-796073,P01452
catalog,WEB-633688,P01453
catalog,WEB-215281,P01454
catalog,WEB-373768,P01455
catalog,WEB-799949,P01456
catalog,WEB-130874,P01457
catalog,WEB-981422,P01458
catalog,WEB-794405,P01459
catalog,WEB-188389,P01462
catalog,WEB-155147,P01463
catalog,WEB-348087,P01464
catalog,WEB-407041,P01465
catalog,WEB-602930,P01468
catalog,WEB-615321,P01469
catalog,WEB-924547,P01471
catalog,WEB-629449,P01475
catalog,WEB-359188,P01476
catalog,WEB-435637,P01477
catalog,WEB-299804,P01478
catalog,WEB-498266,P01479
catalog,WEB-622102,P01480
catalog,WEB-261669,P01481
catalog,WEB-310285,P01482
catalog,WEB-911256,P01483
catalog,WEB-195810,P01484
catalog,WEB-926694,P01486
catalog,WEB-560063,P01487
catalog,WEB-573329,P01488
catalog,WEB-766246,P01489
catalog,WEB-565847,P01490
catalog,WEB-705668,P01492
catalog,WEB-423533,P01494
catalog,WEB-709078,P01495
catalog,WEB-249668,P01496
catalog,WEB-196676,P01498
catalog,WEB-719296,P01499
catalog,WEB-832021,P01500
catalog,WEB-460553,P01501
catalog,WEB-361569,P01502
catalog,WEB-905003,P01503
catalog,WEB-838768,P01504
catalog,WEB-150207,P01505
catalog,WEB-983208,P01507
catalog,WEB-548234,P01509
catalog,WEB-608171,P01510
catalog,WEB-213688,P01511
catalog,WEB-313478,P01512
catalog,WEB-884604,P01513
catalog,WEB-826910,P01516
catalog,WEB-491438,P01517
catalog,WEB-376723,P01518
catalog,WEB-612505,P01520
catalog,WEB-587818,P01525
catalog,WEB-369883,P01526
catalog,WEB-910806,P01529
catalog,WEB-770083,P01530
catalog,WEB-356207,P01531
catalog,WEB-104341,P01533
catalog,WEB-347008,P01535
catalog,WEB-494217,P01536
catalog,WEB-642829,P01538
catalog,WEB-472270,P01539
catalog,WEB-239504,P01540
catalog,WEB-988271,P01541
catalog,WEB-838806,P01542
catalog,WEB-226300,P01543
catalog,WEB-254349,P01544
catalog,WEB-350596,P01545
catalog,WEB-663479,P01546
catalog,WEB-100929,P01547
catalog,WEB-651805,P01548
catalog,WEB-290225,P01549
catalog,WEB-707576,P01550
catalog,WEB-792083,P01552
catalog,WEB-617949,P01553
catalog,WEB-700276,P01554
catalog,WEB-175178,P01555
catalog,WEB-249108,P01557
catalog,WEB-696929,P01558
catalog,WEB-491607,P01559
catalog,WEB-940155,P01560
catalog,WEB-150307,P01561
catalog,WEB-427145,P01562
catalog,WEB-436482,P01564
catalog,WEB-651884,P01566
catalog,WEB-270579,P01567
catalog,WEB-425908,P01570
catalog,WEB-146333,P01571
catalog,WEB-502995,P01572
catalog,WEB-599297,P01573
catalog,WEB-773603,P01575
catalog,WEB-374081,P01576
catalog,WEB-501899,P01578
catalog,WEB-261625,P01579
catalog,WEB-651980,P01580
catalog,WEB-976029,P01581
catalog,WEB-146886,P01582
catalog,WEB-282248,P01584
catalog,WEB-813293,P01587
catalog,WEB-345521,P01588
catalog,WEB-455652,P01589
catalog,WEB-267797,P01590
catalog,WEB-660234,P01591
catalog,WEB-236519,P01593
catalog,WEB-454703,P01594
catalog,WEB-953301,P01595
catalog,WEB-144764,P01596
catalog,WEB-577882,P01598
catalog,WEB-743433,P01599
catalog,WEB-715634,P01600
catalog,WEB-374898,P01601
catalog,WEB-755847,P01603
catalog,WEB-398046,P01604
catalog,WEB-242716,P01606
catalog,WEB-549993,P01607
catalog,WEB-191985,P01608
catalog,WEB-575828,P01609
catalog,WEB-621937,P01610
catalog,WEB-120332,P01611
catalog,WEB-148751,P01612
catalog,WEB-906440,P01613
catalog,WEB-726902,P01614
catalog,WEB-993046,P01615
catalog,WEB-409941,P01617
catalog,WEB-294386,P01618
catalog,WEB-353069,P01619
catalog,WEB-545030,P01624
catalog,WEB-301445,P01625
catalog,WEB-206015,P01628
catalog,WEB-655664,P01629
catalog,WEB-539251,P01630
catalog,WEB-255509,P01631
catalog,WEB-926468,P01632
catalog,WEB-514906,P01634
catalog,WEB-680631,P01637
catalog,WEB-493590,P01638
catalog,WEB-453392,P01639
catalog,WEB-484758,P01641
catalog,WEB-872472,P01642
catalog,WEB-660848,P01643
catalog,WEB-711340,P01645
catalog,WEB-468333,P01647
catalog,WEB-612598,P01649
catalog,WEB-481093,P01650
catalog,WEB-255414,P01651
catalog,WEB-969927,P01652
catalog,WEB-450606,P01653
catalog,WEB-347051,P01654
catalog,WEB-577837,P01655
catalog,WEB-750672,P01656
catalog,WEB-541672,P01658
catalog,WEB-186634,P01659
catalog,WEB-368663,P01660
catalog,WEB-322397,P01661
catalog,WEB-947857,P01662
catalog,WEB-471954,P01663
catalog,WEB-100949,P01666
catalog,WEB-533142,P01667
catalog,WEB-994294,P01668
catalog,WEB-246773,P01670
catalog,WEB-186577,P01671
catalog,WEB-740012,P01672
catalog,WEB-652304,P01673
catalog,WEB-391277,P01674
catalog,WEB-701558,P01675
catalog,WEB-245114,P01676
catalog,WEB-725554,P01678
catalog,WEB-217732,P01679
catalog,WEB-992734,P01683
catalog,WEB-215246,P01684
catalog,WEB-256039,P01685
catalog,WEB-758246,P01686
catalog,WEB-970597,P01687
catalog,WEB-364697,P01688
catalog,WEB-104223,P01694
catalog,WEB-751452,P01695
catalog,WEB-963058,P01696
catalog,WEB-233469,P01697
catalog,WEB-490476,P01698
catalog,WEB-653351,P01700
catalog,WEB-668211,P01701
catalog,WEB-635763,P01704
catalog,WEB-237238,P01705
catalog,WEB-528805,P01706
catalog,WEB-831976,P01707
catalog,WEB-485691,P01708
catalog,WEB-972688,P01709
catalog,WEB-246823,P01712
catalog,WEB-877348,P01714
catalog,WEB-517444,P01717
catalog,WEB-441629,P01719
catalog,WEB-525831,P01721
catalog,WEB-218742,P01722
catalog,WEB-391384,P01723
catalog,WEB-327629,P01724
catalog,WEB-826305,P01725
catalog,WEB-845906,P01726
catalog,WEB-339582,P01727
catalog,WEB-626226,P01728
catalog,WEB-544146,P01729
catalog,WEB-295278,P01730
catalog,WEB-140741,P01731
catalog,WEB-172408,P01732
catalog,WEB-447962,P01734
catalog,WEB-393274,P01735
catalog,WEB-580112,P01736
catalog,WEB-726249,P01737
catalog,WEB-453236,P01740
catalog,WEB-851504,P01741
catalog,WEB-855378,P01743
catalog,WEB-352698,P01745
catalog,WEB-351738,P01746
catalog,WEB-416064,P01747
catalog,WEB-663737,P01750
catalog,WEB-926954,P01751
catalog,WEB-812288,P01753
catalog,WEB-156163,P01754
catalog,WEB-678347,P01755
catalog,WEB-678296,P01756
catalog,WEB-106416,P01757
catalog,WEB-166954,P01759
catalog,WEB-795377,P01761
catalog,WEB-828445,P01763
catalog,WEB-152593,P01764
catalog,WEB-648197,P01765
catalog,WEB-115044,P01766
catalog,WEB-179611,P01767
catalog,WEB-761563,P01768
catalog,WEB-157114,P01769
catalog,WEB-896733,P01770
catalog,WEB-103536,P01771
catalog,WEB-991458,P01772
catalog,WEB-212309,P01773
catalog,WEB-530311,P01774
catalog,WEB-331544,P01775
catalog,WEB-975908,P01776
catalog,WEB-281509,P01777
catalog,WEB-531167,P01778
catalog,WEB-932968,P01779
catalog,WEB-938647,P01780
catalog,WEB-483504,P01783
catalog,WEB-165746,P01784
catalog,WEB-301203,P01785
catalog,WEB-644435,P01786
catalog,WEB-298620,P01788
catalog,WEB-943952,P01792
catalog,WEB-462688,P01794
catalog,WEB-984647,P01795
catalog,WEB-414585,P01798
catalog,WEB-496473,P01799
catalog,WEB-140267,P01800
catalog,WEB-233932,P01802
catalog,WEB-411373,P01803
catalog,WEB-249010,P01805
catalog,WEB-624032,P01806
catalog,WEB-483202,P01808
catalog,WEB-200355,P01809
catalog,WEB-179396,P01810
catalog,WEB-648368,P01811
catalog,WEB-544892,P01812
catalog,WEB-224387,P01813
catalog,WEB-159641,P01814
catalog,WEB-175158,P01818
catalog,WEB-654394,P01819
catalog,WEB-614894,P01820
catalog,WEB-632812,P01821
catalog,WEB-895500,P01823
catalog,WEB-824958,P01824
catalog,WEB-104764,P01825
catalog,WEB-470032,P01826
catalog,WEB-834757,P01827
catalog,WEB-269477,P01828
catalog,WEB-238544,P01831
catalog,WEB-678574,P01832
catalog,WEB-698983,P01833
catalog,WEB-848425,P01835
catalog,WEB-626275,P01836
catalog,WEB-105080,P01837
catalog,WEB-836833,P01838
catalog,WEB-914084,P01839
catalog,WEB-393692,P01840
catalog,WEB-853762,P01841
catalog,WEB-154602,P01843
catalog,WEB-155463,P01844
catalog,WEB-836053,P01846
catalog,WEB-862591,P01847
catalog,WEB-756242,P01848
catalog,WEB-961530,P01849
catalog,WEB-436846,P01850
catalog,WEB-302192,P01851
catalog,WEB-149682,P01852
catalog,WEB-768504,P01853
catalog,WEB-882933,P01856
catalog,WEB-348704,P01857
catalog,WEB-368572,P01859
catalog,WEB-795752,P01860
catalog,WEB-677683,P01861
catalog,WEB-818796,P01862
catalog,WEB-842604,P01864
catalog,WEB-342008,P01865
catalog,WEB-553930,P01867
catalog,WEB-287160,P01869
catalog,WEB-644794,P01871
catalog,WEB-996094,P01873
catalog,WEB-780578,P01874
catalog,WEB-784858,P01877
catalog,WEB-995024,P01879
catalog,WEB-515447,P01881
catalog,WEB-953254,P01883
catalog,WEB-685256,P01884
catalog,WEB-973554,P01885
catalog,WEB-768717,P01887
catalog,WEB-752502,P01888
catalog,WEB-246409,P01889
catalog,WEB-502343,P01890
catalog,WEB-576923,P01891
catalog,WEB-655815,P01893
catalog,WEB-579648,P01894
catalog,WEB-815479,P01895
catalog,WEB-213993,P01896
catalog,WEB-317663,P01897
catalog,WEB-593323,P01899
catalog,WEB-314375,P01900
catalog,WEB-799582,P01901
catalog,WEB-810018,P01903
catalog,WEB-457303,P01904
catalog,WEB-698695,P01905
catalog,WEB-212201,P01906
catalog,WEB-149740,P01907
catalog,WEB-105485,P01908
catalog,WEB-334311,P01909
catalog,WEB-461022,P01910
catalog,WEB-841767,P01911
catalog,WEB-315702,P01912
catalog,WEB-566591,P01913
catalog,WEB-106897,P01914
catalog,WEB-171228,P01915
catalog,WEB-849681,P01916
catalog,WEB-376279,P01918
catalog,WEB-425566,P01919
catalog,WEB-808587,P01921
catalog,WEB-748278,P01923
catalog,WEB-558628,P01924
catalog,WEB-613232,P01927
catalog,WEB-557769,P01929
catalog,WEB-322420,P01930
catalog,WEB-885047,P01932
catalog,WEB-394078,P01933
catalog,WEB-434190,P01935
catalog,WEB-471940,P01936
catalog,WEB-877774,P01937
catalog,WEB-687669,P01938
catalog,WEB-296400,P01940
catalog,WEB-271118,P01942
catalog,WEB-532398,P01944
catalog,WEB-973077,P01946
catalog,WEB-537676,P01948
catalog,WEB-219906,P01949
catalog,WEB-140222,P01950
catalog,WEB-236729,P01952
catalog,WEB-203513,P01953
catalog,WEB-911923,P01955
catalog,WEB-469302,P01956
catalog,WEB-626137,P01957
catalog,WEB-767214,P01959
catalog,WEB-315595,P01960
catalog,WEB-714808,P01967
catalog,WEB-325596,P01968
catalog,WEB-472979,P01969
catalog,WEB-371739,P01970
catalog,WEB-910184,P01971
catalog,WEB-524485,P01974
catalog,WEB-564085,P01975
catalog,WEB-178769,P01978
catalog,WEB-165665,P01980
catalog,WEB-772835,P01981
catalog,WEB-661280,P01983
catalog,WEB-931276,P01985
catalog,WEB-367101,P01987
catalog,WEB-722782,P01989
catalog,WEB-590220,P01990
catalog,WEB-839845,P01991
catalog,WEB-294341,P01993
catalog,WEB-947041,P01994
catalog,WEB-310399,P01995
catalog,WEB-477677,P01996
catalog,WEB-898745,P01997
catalog,WEB-271377,P01998
catalog,WEB-435833,P01999
catalog,WEB-577527,P02000
catalog,WEB-536222,P02003
catalog,WEB-936939,P02004
catalog,WEB-327556,P02005
catalog,WEB-683964,P02007
catalog,WEB-104462,P02008
catalog,WEB-648745,P02009
catalog,WEB-811179,P02010
catalog,WEB-929055,P02011
catalog,WEB-437730,P02012
catalog,WEB-794320,P02014
catalog,WEB-816782,P02016
catalog,WEB-557983,P02020
catalog,WEB-375789,P02023
catalog,WEB-523961,P02025
catalog,WEB-748157,P02027
catalog,WEB-885160,P02029
catalog,WEB-442182,P02030
catalog,WEB-959182,P02034
catalog,WEB-112847,P02035
catalog,WEB-822333,P02036
catalog,WEB-565447,P02039
catalog,WEB-766777,P02040
catalog,WEB-537188,P02044
catalog,WEB-707483,P02045
catalog,WEB-974188,P02046
catalog,WEB-160397,P02047
catalog,WEB-375116,P02050
catalog,WEB-418643,P02051
catalog,WEB-921376,P02052
catalog,WEB-132652,P02054
catalog,WEB-695931,P02055
catalog,WEB-544620,P02057
catalog,WEB-237541,P02058
catalog,WEB-928786,P02061
catalog,WEB-559172,P02062
catalog,WEB-431416,P02064
catalog,WEB-690674,P02065
catalog,WEB-325003,P02067
catalog,WEB-689221,P02070
catalog,WEB-395193,P02071
catalog,WEB-906020,P02072
catalog,WEB-447889,P02073
catalog,WEB-853210,P02074
catalog,WEB-113758,P02076
catalog,WEB-142075,P02077
catalog,WEB-960498,P02078
catalog,WEB-978292,P02079
catalog,WEB-284754,P02080
catalog,WEB-795737,P02082
catalog,WEB-342811,P02083
catalog,WEB-673536,P02085
catalog,WEB-546801,P02086
catalog,WEB-888320,P02087
catalog,WEB-805234,P02088
catalog,WEB-900569,P02090
catalog,WEB-438619,P02091
catalog,WEB-406867,P02093
catalog,WEB-218135,P02094
catalog,WEB-540591,P02096
catalog,WEB-438316,P02099
catalog,WEB-774101,P02100
catalog,WEB-282964,P02101
catalog,WEB-416122,P02102
catalog,WEB-307190,P02103
catalog,WEB-245655,P02105
catalog,WEB-963132,P02106
catalog,WEB-360593,P02107
catalog,WEB-341767,P02108
catalog,WEB-547703,P02109
catalog,WEB-513488,P02111
catalog,WEB-704870,P02112
catalog,WEB-409086,P02113
catalog,WEB-459549,P02116
catalog,WEB-713959,P02117
catalog,WEB-969651,P02118
catalog,WEB-982730,P02119
catalog,WEB-364353,P02120
catalog,WEB-169923,P02121
catalog,WEB-381303,P02122
catalog,WEB-492835,P02124
catalog,WEB-287101,P02125
catalog,WEB-830120,P02126
catalog,WEB-336144,P02129
catalog,WEB-986462,P02130
catalog,WEB-373320,P02134
catalog,WEB-407875,P02135
catalog,WEB-901754,P02138
catalog,WEB-373476,P02140
catalog,WEB-679340,P02141
catalog,WEB-638939,P02142
catalog,WEB-627266,P02143
catalog,WEB-947185,P02144
catalog,WEB-214484,P02145
catalog,WEB-294755,P02146
catalog,WEB-421024,P02147
catalog,WEB-673917,P02148
catalog,WEB-750238,P02149
catalog,WEB-823213,P02150
catalog,WEB-894479,P02151
catalog,WEB-380119,P02152
catalog,WEB-563168,P02154
catalog,WEB-531544,P02157
catalog,WEB-216061,P02160
catalog,WEB-358483,P02161
catalog,WEB-171217,P02162
catalog,WEB-171065,P02163
catalog,WEB-798394,P02164
catalog,WEB-479242,P02165
catalog,WEB-447662,P02166
catalog,WEB-658729,P02169
catalog,WEB-331916,P02170
catalog,WEB-120280,P02171
catalog,WEB-128898,P02172
catalog,WEB-896772,P02173
catalog,WEB-754878,P02175
catalog,WEB-584614,P02176
catalog,WEB-246933,P02177
catalog,WEB-879071,P02179
catalog,WEB-476454,P02182
catalog,WEB-113755,P02184
catalog,WEB-274927,P02187
catalog,WEB-627193,P02193
catalog,WEB-513664,P02194
catalog,WEB-332583,P02195
catalog,WEB-490269,P02196
catalog,WEB-409331,P02197
catalog,WEB-120930,P02198
catalog,WEB-198754,P02199
catalog,WEB-755136,P02200
catalog,WEB-797799,P02201
catalog,WEB-850597,P02202
catalog,WEB-557710,P02203
catalog,WEB-720190,P02204
catalog,WEB-188350,P02206
catalog,WEB-270925,P02207
catalog,WEB-494399,P02208
catalog,WEB-607086,P02209
catalog,WEB-400297,P02214
catalog,WEB-875891,P02215
catalog,WEB-596699,P02216
catalog,WEB-726837,P02217
catalog,WEB-449633,P02218
catalog,WEB-689980,P02220
catalog,WEB-479949,P02221
catalog,WEB-875814,P02222
catalog,WEB-787459,P02223
catalog,WEB-172088,P02224
catalog,WEB-619109,P02226
catalog,WEB-781546,P02228
catalog,WEB-868113,P02230
catalog,WEB-523093,P02232
catalog,WEB-676974,P02233
catalog,WEB-570411,P02234
catalog,WEB-609968,P02236
catalog,WEB-434532,P02237
catalog,WEB-749033,P02238
catalog,WEB-249074,P02240
catalog,WEB-983133,P02241
catalog,WEB-539026,P02244
catalog,WEB-986332,P02245
catalog,WEB-197680,P02246
catalog,WEB-444220,P02247
catalog,WEB-647089,P02248
catalog,WEB-308702,P02250
catalog,WEB-352823,P02251
catalog,WEB-800012,P02252
catalog,WEB-634067,P02253
catalog,WEB-418958,P02255
catalog,WEB-298199,P02257
catalog,WEB-501358,P02258
catalog,WEB-313325,P02259
catalog,WEB-557624,P02260
catalog,WEB-414930,P02262
catalog,WEB-390784,P02265
catalog,WEB-343958,P02266
catalog,WEB-607450,P02268
catalog,WEB-503991,P02269
catalog,WEB-752902,P02270
catalog,WEB-842286,P02272
catalog,WEB-727399,P02273
catalog,WEB-437643,P02274
catalog,WEB-935259,P02275
catalog,WEB-841492,P02276
catalog,WEB-997865,P02277
catalog,WEB-208475,P02282
catalog,WEB-207766,P02283
catalog,WEB-322458,P02284
catalog,WEB-579277,P02285
catalog,WEB-728629,P02286
catalog,WEB-854798,P02287
catalog,WEB-570090,P02289
catalog,WEB-316887,P02290
catalog,WEB-464206,P02291
catalog,WEB-969207,P02292
catalog,WEB-386870,P02293
catalog,WEB-524983,P02294
catalog,WEB-377429,P02295
catalog,WEB-743968,P02296
catalog,WEB-768408,P02297
catalog,WEB-665162,P02300
catalog,WEB-256962,P02304
catalog,WEB-349742,P02305
catalog,WEB-970888,P02306
catalog,WEB-847717,P02307
catalog,WEB-197935,P02309
catalog,WEB-818659,P02310
catalog,WEB-401447,P02311
catalog,WEB-179550,P02313
catalog,WEB-947422,P02314
catalog,WEB-640825,P02315
catalog,WEB-380047,P02316
catalog,WEB-103930,P02317
catalog,WEB-548915,P02318
catalog,WEB-856598,P02319
catalog,WEB-873358,P02321
catalog,WEB-848599,P02322
catalog,WEB-971272,P02323
catalog,WEB-224101,P02324
catalog,WEB-254388,P02325
catalog,WEB-696814,P02327
catalog,WEB-669832,P02330
catalog,WEB-836383,P02331
catalog,WEB-433879,P02333
catalog,WEB-151078,P02336
catalog,WEB-396047,P02337
catalog,WEB-884498,P02339
catalog,WEB-109147,P02340
catalog,WEB-296751,P02341
catalog,WEB-118801,P02342
catalog,WEB-431967,P02344
catalog,WEB-605873,P02345
catalog,WEB-963294,P02347
catalog,WEB-493118,P02348
catalog,WEB-494135,P02349
catalog,WEB-520770,P02352
catalog,WEB-126573,P02353
catalog,WEB-575722,P02355
catalog,WEB-840644,P02358
catalog,WEB-838595,P02359
catalog,WEB-925124,P02360
catalog,WEB-891897,P02362
catalog,WEB-512277,P02363
catalog,WEB-299606,P02364
catalog,WEB-682922,P02365
catalog,WEB-223479,P02366
catalog,WEB-567344,P02367
catalog,WEB-665368,P02368
catalog,WEB-349882,P02370
catalog,WEB-479054,P02371
catalog,WEB-352033,P02372
catalog,WEB-806816,P02374
catalog,WEB-947190,P02375
catalog,WEB-239499,P02377
catalog,WEB-673728,P02378
catalog,WEB-257450,P02379
catalog,WEB-149134,P02380
catalog,WEB-719015,P02381
catalog,WEB-307843,P02382
catalog,WEB-486948,P02383
catalog,WEB-221685,P02384
catalog,WEB-235382,P02386
catalog,WEB-846229,P02388
catalog,WEB-475780,P02389
catalog,WEB-989145,P02390
catalog,WEB-316729,P02391
catalog,WEB-781931,P02392
catalog,WEB-268919,P02393
catalog,WEB-257534,P02395
catalog,WEB-734621,P02396
catalog,WEB-117875,P02397
catalog,WEB-497590,P02398
catalog,WEB-938930,P02399
catalog,WEB-487396,P02400
catalog,WEB-264075,P02401
catalog,WEB-804837,P02402
catalog,WEB-411013,P02403
catalog,WEB-749821,P02404
catalog,WEB-429337,P02405
catalog,WEB-208849,P02406
catalog,WEB-274232,P02407
catalog,WEB-513297,P02411
catalog,WEB-665873,P02413
catalog,WEB-127311,P02414
catalog,WEB-946046,P02417
catalog,WEB-702268,P02418
catalog,WEB-490818,P02419
catalog,WEB-701516,P02420
catalog,WEB-685609,P02421
catalog,WEB-905712,P02422
catalog,WEB-807305,P02423
catalog,WEB-280558,P02424
catalog,WEB-480205,P02425
catalog,WEB-892461,P02427
catalog,WEB-511599,P02428
catalog,WEB-483691,P02431
catalog,WEB-129124,P02432
catalog,WEB-610843,P02433
catalog,WEB-223023,P02434
catalog,WEB-943954,P02435
catalog,WEB-289294,P02437
catalog,WEB-790363,P02438
catalog,WEB-508735,P02439
catalog,WEB-885522,P02440
catalog,WEB-440040,P02443
catalog,WEB-954694,P02444
catalog,WEB-584224,P02446
catalog,WEB-825397,P02447
catalog,WEB-120886,P02448
catalog,WEB-294975,P02451
catalog,WEB-228137,P02452
catalog,WEB-656688,P02454
catalog,WEB-979874,P02455
catalog,WEB-714583,P02456
catalog,WEB-746883,P02458
catalog,WEB-320238,P02459
catalog,WEB-823532,P02460
catalog,WEB-354596,P02461
catalog,WEB-971440,P02463
catalog,WEB-784070,P02464
catalog,WEB-402498,P02465
catalog,WEB-589464,P02468
catalog,WEB-257766,P02470
catalog,WEB-623061,P02471
catalog,WEB-728062,P02472
catalog,WEB-864504,P02473
catalog,WEB-469990,P02474
catalog,WEB-490574,P02475
catalog,WEB-634668,P02476
catalog,WEB-607536,P02477
catalog,WEB-213827,P02479
catalog,WEB-915211,P02480
catalog,WEB-831162,P02481
catalog,WEB-735887,P02482
catalog,WEB-409948,P02484
catalog,WEB-547885,P02485
catalog,WEB-945079,P02486
catalog,WEB-674433,P02487
catalog,WEB-902938,P02488
catalog,WEB-406943,P02489
catalog,WEB-379952,P02492
catalog,WEB-429630,P02493
catalog,WEB-706038,P02494
catalog,WEB-308933,P02496
catalog,WEB-918840,P02497
catalog,WEB-624312,P02498
catalog,WEB-560172,P02499
catalog,WEB-564486,P02500
acquired,ACQ6820150,P00010
acquired,ACQ4298194,P00038
acquired,ACQ1402915,P00043
acquired,ACQ9007280,P00046
acquired,ACQ3696326,P00049
acquired,ACQ3981373,P00051
acquired,ACQ8870613,P00055
acquired,ACQ2139117,P00057
acquired,ACQ9823223,P00072
acquired,ACQ7836737,P00076
acquired,ACQ5550720,P00081
acquired,ACQ8404758,P00085
acquired,ACQ8616299,P00091
acquired,ACQ1438653,P00095
acquired,ACQ9409807,P00098
acquired,ACQ5691366,P00100
acquired,ACQ5864302,P00101
acquired,ACQ1933388,P00106
acquired,ACQ9750027,P00108
acquired,ACQ2872236,P00109
acquired,ACQ3593756,P00110
acquired,ACQ7578870,P00113
acquired,ACQ6388558,P00116
acquired,ACQ3838872,P00127
acquired,ACQ2282720,P00132
acquired,ACQ2333062,P00133
acquired,ACQ2195841,P00134
acquired,ACQ8745393,P00136
acquired,ACQ5145931,P00138
acquired,ACQ9968717,P00139
acquired,ACQ6691886,P00140
acquired,ACQ2378989,P00141
acquired,ACQ1053425,P00144
acquired,ACQ4894775,P00147
acquired,ACQ7167733,P00151
acquired,ACQ4206699,P00154
acquired,ACQ1362153,P00159
acquired,ACQ7304073,P00166
acquired,ACQ8494742,P00172
acquired,ACQ9540329,P00173
acquired,ACQ9580355,P00175
acquired,ACQ8981006,P00177
acquired,ACQ7108360,P00178
acquired,ACQ1975335,P00179
acquired,ACQ3238871,P00180
acquired,ACQ6478676,P00194
acquired,ACQ4757288,P00195
acquired,ACQ7338131,P00200
acquired,ACQ4984188,P00201
acquired,ACQ5799820,P00203
acquired,ACQ7248825,P00205
acquired,ACQ8610361,P00209
acquired,ACQ2701156,P00212
acquired,ACQ1220548,P00225
acquired,ACQ3697075,P00228
acquired,ACQ9711235,P00232
acquired,ACQ3515099,P00234
acquired,ACQ5116391,P00235
acquired,ACQ8321079,P00238
acquired,ACQ4279583,P00241
acquired,ACQ1482277,P00244
acquired,ACQ6048634,P00245
acquired,ACQ5245889,P00247
acquired,ACQ9748840,P00254
acquired,ACQ1572984,P00259
acquired,ACQ7283119,P00269
acquired,ACQ6019225,P00270
acquired,ACQ9631823,P00274
acquired,ACQ4363591,P00275
acquired,ACQ9663829,P00290
acquired,ACQ5059887,P00292
acquired,ACQ7589433,P00293
acquired,ACQ5190367,P00297
acquired,ACQ6967760,P00299
acquired,ACQ9087653,P00306
acquired,ACQ9688933,P00309
acquired,ACQ8209497,P00312
acquired,ACQ2465697,P00321
acquired,ACQ7083861,P00322
acquired,ACQ2022089,P00325
acquired,ACQ4237672,P00333
acquired,ACQ8053221,P00341
acquired,ACQ2216972,P00343
acquired,ACQ1016578,P00347
acquired,ACQ6783703,P00350
acquired,ACQ7061654,P00355
acquired,ACQ4143854,P00356
acquired,ACQ9877113,P00357
acquired,ACQ2369237,P00366
acquired,ACQ9672888,P00369
acquired,ACQ2495142,P00372
acquired,ACQ9167280,P00375
acquired,ACQ7623308,P00384
acquired,ACQ7708464,P00386
acquired,ACQ6833931,P00387
acquired,ACQ5817785,P00391
acquired,ACQ3721881,P00403
acquired,ACQ6835010,P00405
acquired,ACQ5643849,P00406
acquired,ACQ4824283,P00408
acquired,ACQ4887203,P00414
acquired,ACQ6071229,P00415
acquired,ACQ1807004,P00419
acquired,ACQ5362734,P00425
acquired,ACQ2531528,P00426
acquired,ACQ7110187,P00431
acquired,ACQ3466842,P00432
acquired,ACQ4986254,P00441
acquired,ACQ4647466,P00443
acquired,ACQ3106180,P00451
acquired,ACQ3911955,P00454
acquired,ACQ7341574,P00457
acquired,ACQ1597307,P00467
acquired,ACQ8556069,P00469
acquired,ACQ9152911,P00487
acquired,ACQ2331878,P00502
acquired,ACQ1665848,P00507
acquired,ACQ4979091,P00510
acquired,ACQ2593645,P00511
acquired,ACQ2218688,P00512
acquired,ACQ8232614,P00515
acquired,ACQ5907611,P00519
acquired,ACQ6684447,P00527
acquired,ACQ8931529,P00529
acquired,ACQ6741277,P00534
acquired,ACQ8148276,P00535
acquired,ACQ7791420,P00537
acquired,ACQ2797203,P00541
acquired,ACQ1860721,P00543
acquired,ACQ1523803,P00544
acquired,ACQ2926599,P00550
acquired,ACQ8742376,P00555
acquired,ACQ3742320,P00557
acquired,ACQ3548365,P00560
acquired,ACQ9080563,P00562
acquired,ACQ8286422,P00567
acquired,ACQ9465087,P00573
acquired,ACQ9955540,P00575
acquired,ACQ5212060,P00578
acquired,ACQ5684250,P00583
acquired,ACQ2056144,P00597
acquired,ACQ3906233,P00603
acquired,ACQ4365083,P00606
acquired,ACQ2473229,P00608
acquired,ACQ9186259,P00610
acquired,ACQ4735318,P00616
acquired,ACQ1959196,P00621
acquired,ACQ6681236,P00625
acquired,ACQ9730605,P00626
acquired,ACQ3067332,P00635
acquired,ACQ3995995,P00638
acquired,ACQ3140655,P00639
acquired,ACQ1141230,P00641
acquired,ACQ7762579,P00659
acquired,ACQ1336713,P00663
acquired,ACQ9968365,P00665
acquired,ACQ9018528,P00668
acquired,ACQ1204363,P00669
acquired,ACQ7909466,P00675
acquired,ACQ6376412,P00681
acquired,ACQ8301443,P00684
acquired,ACQ6238006,P00688
acquired,ACQ5680432,P00692
acquired,ACQ9109172,P00694
acquired,ACQ1051692,P00699
acquired,ACQ7956591,P00709
acquired,ACQ6561435,P00710
acquired,ACQ4156009,P00713
acquired,ACQ3631129,P00719
acquired,ACQ1415082,P00720
acquired,ACQ7749488,P00725
acquired,ACQ4039731,P00730
acquired,ACQ6659671,P00733
acquired,ACQ3890032,P00738
acquired,ACQ3728743,P00740
acquired,ACQ1373840,P00750
acquired,ACQ9526996,P00752
acquired,ACQ8036047,P00756
acquired,ACQ9772185,P00757
acquired,ACQ3683871,P00759
acquired,ACQ1129185,P00760
acquired,ACQ5299673,P00763
acquired,ACQ5965973,P00773
acquired,ACQ5484174,P00778
acquired,ACQ7802702,P00781
acquired,ACQ1908576,P00787
acquired,ACQ1312367,P00794
acquired,ACQ1483208,P00803
acquired,ACQ7860144,P00808
acquired,ACQ8786390,P00811
acquired,ACQ9510584,P00812
acquired,ACQ1587636,P00813
acquired,ACQ3300889,P00824
acquired,ACQ6291135,P00827
acquired,ACQ5675299,P00831
acquired,ACQ7595082,P00832
acquired,ACQ4403248,P00833
acquired,ACQ8308709,P00835
acquired,ACQ7441381,P00838
acquired,ACQ2317012,P00839
acquired,ACQ1086508,P00845
acquired,ACQ2677003,P00847
acquired,ACQ7362468,P00861
acquired,ACQ9021120,P00862
acquired,ACQ5344705,P00867
acquired,ACQ4061491,P00873
acquired,ACQ2334772,P00876
acquired,ACQ2152008,P00877
acquired,ACQ5502914,P00882
acquired,ACQ2151813,P00892
acquired,ACQ3014937,P00896
acquired,ACQ1995962,P00903
acquired,ACQ8286377,P00904
acquired,ACQ8607444,P00906
acquired,ACQ2336347,P00914
acquired,ACQ8954277,P00920
acquired,ACQ6440329,P00927
acquired,ACQ3281595,P00929
acquired,ACQ2398106,P00930
acquired,ACQ5858869,P00937
acquired,ACQ3067045,P00939
acquired,ACQ7941571,P00941
acquired,ACQ6998560,P00944
acquired,ACQ3013555,P00948
acquired,ACQ1254980,P00949
acquired,ACQ1383686,P00958
acquired,ACQ9627204,P00961
acquired,ACQ9091375,P00975
acquired,ACQ3322424,P00980
acquired,ACQ6249435,P00981
acquired,ACQ9338791,P00990
acquired,ACQ1400850,P00991
acquired,ACQ6685156,P00992
acquired,ACQ5047578,P00993
acquired,ACQ3586615,P01000
acquired,ACQ3930705,P01002
acquired,ACQ6178150,P01003
acquired,ACQ6856018,P01004
acquired,ACQ5681259,P01009
acquired,ACQ1436013,P01010
acquired,ACQ4539680,P01012
acquired,ACQ9744787,P01017
acquired,ACQ5091788,P01019
acquired,ACQ3105578,P01023
acquired,ACQ3279148,P01025
acquired,ACQ8522748,P01034
acquired,ACQ1655083,P01037
acquired,ACQ5969396,P01039
acquired,ACQ2770975,P01054
acquired,ACQ2557676,P01058
acquired,ACQ9563896,P01063
acquired,ACQ8038696,P01065
acquired,ACQ7689805,P01078
acquired,ACQ9775887,P01084
acquired,ACQ4790676,P01086
acquired,ACQ2282739,P01091
acquired,ACQ7463428,P01100
acquired,ACQ1687335,P01103
acquired,ACQ2179199,P01109
acquired,ACQ7274537,P01112
acquired,ACQ2420494,P01118
acquired,ACQ8243300,P01120
acquired,ACQ6533789,P01123
acquired,ACQ5695373,P01134
acquired,ACQ7081297,P01135
acquired,ACQ9072725,P01146
acquired,ACQ6583277,P01147
acquired,ACQ8499465,P01148
acquired,ACQ5821600,P01150
acquired,ACQ6378883,P01152
acquired,ACQ7626915,P01153
acquired,ACQ3303586,P01167
acquired,ACQ7972481,P01171
acquired,ACQ5530821,P01175
acquired,ACQ2519596,P01183
acquired,ACQ5712132,P01184
acquired,ACQ5910898,P01186
acquired,ACQ2856005,P01187
acquired,ACQ3786563,P01189
acquired,ACQ8704448,P01194
acquired,ACQ7010656,P01196
acquired,ACQ8520933,P01201
acquired,ACQ3115290,P01204
acquired,ACQ1271751,P01207
acquired,ACQ3708432,P01210
acquired,ACQ4214576,P01213
acquired,ACQ8609506,P01214
acquired,ACQ4138113,P01215
acquired,ACQ8301204,P01221
acquired,ACQ2319238,P01233
acquired,ACQ5124561,P01234
acquired,ACQ4800791,P01238
acquired,ACQ7763628,P01239
acquired,ACQ4915194,P01241
acquired,ACQ2473697,P01255
acquired,ACQ6397148,P01256
acquired,ACQ8586009,P01262
acquired,ACQ8717009,P01263
acquired,ACQ9559336,P01264
acquired,ACQ8431308,P01265
acquired,ACQ8121615,P01266
acquired,ACQ4215456,P01267
acquired,ACQ1575131,P01268
acquired,ACQ3084672,P01272
acquired,ACQ3311488,P01273
acquired,ACQ2526850,P01275
acquired,ACQ3334836,P01277
acquired,ACQ9454456,P01288
acquired,ACQ6746010,P01289
acquired,ACQ8054739,P01292
acquired,ACQ3277010,P01295
acquired,ACQ6927776,P01301
acquired,ACQ5760885,P01306
acquired,ACQ4944878,P01309
acquired,ACQ5844478,P01316
acquired,ACQ2054388,P01320
acquired,ACQ3991387,P01322
acquired,ACQ7397520,P01323
acquired,ACQ2112660,P01324
acquired,ACQ5417709,P01325
acquired,ACQ2150853,P01330
acquired,ACQ4756194,P01331
acquired,ACQ6543970,P01335
acquired,ACQ1208208,P01344
acquired,ACQ7073874,P01357
acquired,ACQ1404052,P01365
acquired,ACQ8822592,P01371
acquired,ACQ7480783,P01373
acquired,ACQ6419885,P01378
acquired,ACQ2369772,P01381
acquired,ACQ2516169,P01382
acquired,ACQ1551403,P01387
acquired,ACQ5546594,P01397
acquired,ACQ6236235,P01404
acquired,ACQ2728045,P01405
acquired,ACQ7917983,P01410
acquired,ACQ3961847,P01411
acquired,ACQ5075181,P01412
acquired,ACQ1313809,P01416
acquired,ACQ5726133,P01424
acquired,ACQ9831917,P01425
acquired,ACQ8288172,P01428
acquired,ACQ3786474,P01429
acquired,ACQ5824955,P01432
acquired,ACQ2128595,P01433
acquired,ACQ6322974,P01440
acquired,ACQ6690086,P01450
acquired,ACQ4969147,P01453
acquired,ACQ8103595,P01461
acquired,ACQ6858542,P01467
acquired,ACQ9466514,P01468
acquired,ACQ2524709,P01470
acquired,ACQ4211121,P01471
acquired,ACQ5958630,P01480
acquired,ACQ9254006,P01483
acquired,ACQ8840138,P01489
acquired,ACQ4889966,P01490
acquired,ACQ3990673,P01492
acquired,ACQ1122672,P01493
acquired,ACQ6704837,P01494
acquired,ACQ3891421,P01501
acquired,ACQ2784415,P01502
acquired,ACQ5454341,P01503
acquired,ACQ8325110,P01505
acquired,ACQ8822335,P01510
acquired,ACQ2471990,P01514
acquired,ACQ1803914,P01519
acquired,ACQ1854079,P01521
acquired,ACQ5140268,P01522
acquired,ACQ4335091,P01523
acquired,ACQ1435546,P01531
acquired,ACQ7906244,P01537
acquired,ACQ9993105,P01539
acquired,ACQ2947651,P01544
acquired,ACQ2512625,P01545
acquired,ACQ3718563,P01546
acquired,ACQ6518365,P01547
acquired,ACQ5295310,P01559
acquired,ACQ8912341,P01563
acquired,ACQ9989474,P01565
acquired,ACQ4919847,P01581
acquired,ACQ4849331,P01582
acquired,ACQ6774171,P01586
acquired,ACQ6514182,P01588
acquired,ACQ9625471,P01591
acquired,ACQ4006040,P01607
acquired,ACQ5089987,P01616
acquired,ACQ7182942,P01618
acquired,ACQ6959885,P01623
acquired,ACQ7935746,P01636
acquired,ACQ7031555,P01649
acquired,ACQ2609569,P01652
acquired,ACQ4269224,P01663
acquired,ACQ3445826,P01669
acquired,ACQ7679883,P01674
acquired,ACQ5959793,P01676
acquired,ACQ3810709,P01680
acquired,ACQ4207128,P01688
acquired,ACQ6543773,P01692
acquired,ACQ7375490,P01701
acquired,ACQ5350900,P01702
acquired,ACQ8251724,P01715
acquired,ACQ5566282,P01716
acquired,ACQ5503027,P01720
acquired,ACQ4493295,P01724
acquired,ACQ6740178,P01725
acquired,ACQ7710514,P01727
acquired,ACQ1666871,P01729
acquired,ACQ1156295,P01734
acquired,ACQ5410593,P01740
acquired,ACQ9448857,P01747
acquired,ACQ5042343,P01750
acquired,ACQ3938591,P01753
acquired,ACQ6652402,P01756
acquired,ACQ9130694,P01759
acquired,ACQ3496625,P01768
acquired,ACQ2088464,P01796
acquired,ACQ5542533,P01797
acquired,ACQ6018884,P01798
acquired,ACQ1925682,P01804
acquired,ACQ6694701,P01807
acquired,ACQ4783258,P01812
acquired,ACQ9249413,P01819
acquired,ACQ2552786,P01820
acquired,ACQ9305151,P01825
acquired,ACQ2905409,P01829
acquired,ACQ8833002,P01837
acquired,ACQ9476284,P01840
acquired,ACQ2070433,P01852
acquired,ACQ1142519,P01867
acquired,ACQ6992730,P01868
acquired,ACQ1185127,P01872
acquired,ACQ3109647,P01873
acquired,ACQ7117725,P01875
acquired,ACQ3018290,P01876
acquired,ACQ8336592,P01895
acquired,ACQ7712747,P01904
acquired,ACQ9813886,P01907
acquired,ACQ5463707,P01909
acquired,ACQ5862063,P01913
acquired,ACQ1534743,P01914
acquired,ACQ8786300,P01916
acquired,ACQ1410780,P01917
acquired,ACQ8700840,P01919
acquired,ACQ5399277,P01925
acquired,ACQ5445843,P01926
acquired,ACQ7191848,P01935
acquired,ACQ3435099,P01937
acquired,ACQ4741161,P01939
acquired,ACQ4671663,P01941
acquired,ACQ7056263,P01944
acquired,ACQ5046725,P01945
acquired,ACQ7746654,P01948
acquired,ACQ8773587,P01953
acquired,ACQ1027176,P01955
acquired,ACQ3705326,P01956
acquired,ACQ1114139,P01957
acquired,ACQ5686726,P01958
acquired,ACQ7849137,P01963
acquired,ACQ7031152,P01965
acquired,ACQ4486035,P01970
acquired,ACQ8851251,P01972
acquired,ACQ1963959,P01974
acquired,ACQ8551491,P01978
acquired,ACQ4797393,P01981
acquired,ACQ2282346,P01982
acquired,ACQ1536277,P01983
acquired,ACQ2089268,P01985
acquired,ACQ7817713,P01987
acquired,ACQ9319595,P01989
acquired,ACQ5379155,P01997
acquired,ACQ8413368,P02004
acquired,ACQ3344026,P02013
acquired,ACQ2158319,P02020
acquired,ACQ1749753,P02023
acquired,ACQ2697157,P02027
acquired,ACQ8826345,P02031
acquired,ACQ5773593,P02033
acquired,ACQ1677482,P02034
acquired,ACQ4899603,P02036
acquired,ACQ3770359,P02037
acquired,ACQ6668167,P02041
acquired,ACQ9230954,P02045
acquired,ACQ8224206,P02046
acquired,ACQ6238480,P02049
acquired,ACQ7078456,P02054
acquired,ACQ3027055,P02055
acquired,ACQ8848080,P02056
acquired,ACQ1936754,P02058
acquired,ACQ5761072,P02062
acquired,ACQ8463265,P02073
acquired,ACQ4158143,P02080
acquired,ACQ9269134,P02081
acquired,ACQ7610382,P02084
acquired,ACQ2664527,P02086
acquired,ACQ5490737,P02087
acquired,ACQ5321185,P02089
acquired,ACQ9331250,P02093
acquired,ACQ3602396,P02095
acquired,ACQ9476623,P02107
acquired,ACQ8159073,P02108
acquired,ACQ3837257,P02111
acquired,ACQ9865345,P02112
acquired,ACQ7169851,P02115
acquired,ACQ4485778,P02116
acquired,ACQ1097451,P02123
acquired,ACQ3052894,P02125
acquired,ACQ7912172,P02127
acquired,ACQ8396683,P02128
acquired,ACQ8443361,P02132
acquired,ACQ2678554,P02133
acquired,ACQ8296354,P02135
acquired,ACQ6256476,P02138
acquired,ACQ1900501,P02141
acquired,ACQ4870303,P02142
acquired,ACQ5020504,P02152
acquired,ACQ3455377,P02159
acquired,ACQ9957802,P02167
acquired,ACQ1608481,P02170
acquired,ACQ7186686,P02183
acquired,ACQ5858332,P02185
acquired,ACQ7920553,P02186
acquired,ACQ1155798,P02191
acquired,ACQ7665665,P02192
acquired,ACQ1632141,P02199
acquired,ACQ1171758,P02205
acquired,ACQ8762875,P02206
acquired,ACQ7975713,P02207
acquired,ACQ3137542,P02208
acquired,ACQ1407191,P02210
acquired,ACQ4280667,P02211
acquired,ACQ5312741,P02213
acquired,ACQ5559264,P02214
acquired,ACQ7629298,P02216
acquired,ACQ9528465,P02217
acquired,ACQ3920245,P02221
acquired,ACQ8874210,P02230
acquired,ACQ5317666,P02231
acquired,ACQ4021711,P02235
acquired,ACQ6247643,P02236
acquired,ACQ2053110,P02239
acquired,ACQ5211893,P02241
acquired,ACQ3261316,P02244
acquired,ACQ6509951,P02245
acquired,ACQ2350777,P02250
acquired,ACQ5263186,P02255
acquired,ACQ6401298,P02259
acquired,ACQ7010123,P02273
acquired,ACQ4457785,P02276
acquired,ACQ5701228,P02294
acquired,ACQ7180141,P02295
acquired,ACQ2510683,P02297
acquired,ACQ8080387,P02303
acquired,ACQ4109818,P02325
acquired,ACQ9217503,P02328
acquired,ACQ2515196,P02332
acquired,ACQ9877616,P02333
acquired,ACQ5536578,P02335
acquired,ACQ3735705,P02340
acquired,ACQ6312215,P02347
acquired,ACQ3690178,P02351
acquired,ACQ1375954,P02365
acquired,ACQ2490949,P02368
acquired,ACQ2344402,P02370
acquired,ACQ3720696,P02373
acquired,ACQ2202475,P02374
acquired,ACQ8451087,P02382
acquired,ACQ8266486,P02383
acquired,ACQ6673046,P02387
acquired,ACQ3375480,P02394
acquired,ACQ6128677,P02405
acquired,ACQ5191429,P02406
acquired,ACQ3036625,P02407
acquired,ACQ1064036,P02408
acquired,ACQ5389945,P02419
acquired,ACQ4811575,P02424
acquired,ACQ8184094,P02426
acquired,ACQ5625285,P02430
acquired,ACQ3769000,P02431
acquired,ACQ7727391,P02432
acquired,ACQ9597441,P02440
acquired,ACQ3897342,P02442
acquired,ACQ8341382,P02445
acquired,ACQ9911124,P02448
acquired,ACQ1441359,P02458
acquired,ACQ9155393,P02477
acquired,ACQ6519474,P02480
acquired,ACQ3161913,P02486
acquired,ACQ4814434,P02489
acquired,ACQ8466349,P02491
acquired,ACQ5359798,P02495
acquired,ACQ3712263,P02496
