catalog_sku,title,brand,mpn,category_path,list_price,is_published
WEB-381483,Corvane Juniper Scroll 24K BTU R-410A Compressor,Corvane,CV-95566-B,HVAC > Parts > Compressors,601.36,true
WEB-496473,Arcticline Summit 60/5 MFD 440V Capacitor,Arcticline,AL-32670-H,HVAC > Parts > Capacitors,71.51,true
WEB-870038,Bluepeak Meridian 1 Pole 30 Amp 120V Coil Contactor,Bluepeak,BP-62829-A,HVAC > Parts > Contactors,88.23,true
WEB-549721,Bluepeak Tundra 2.5 Ton 15 SEER Condenser,BluePeak HVAC,BP-53077-F,HVAC > Equipment > Condensers,3314.79,true
WEB-518531,Bluepeak Trident Outdoor Temp 4-20mA Sensor,Bluepeak,BP-53150-H,HVAC > Controls > Sensors,135.24,true
WEB-160547,Northwind Comfort Pioneer 1/4 x 3/8 35 ft Line Set,N/W Comfort,NW-34443-F,HVAC > Supplies > Line Sets,395.25,true
WEB-553674,Arcticline Atlas 1 Pole 40 Amp 240V Coil Contactor,Arcticline,AL-98778-G,HVAC > Parts > Contactors,70.58,true
WEB-312724,Northwind Comfort Zephyr Scroll 30K BTU R-454B Compressor,Northwind Comfort,NW-49029-E,HVAC > Parts > Compressors,1621.58,true
WEB-680899,Arcticline Apex 1/2 HP 1625 RPM Motor,Arcticline,AL-58211-E,HVAC > Parts > Motors,555.62,true
WEB-928159,Northwind Comfort Falcon Outdoor Temp 20K Sensor,Northwind Comfort,NW-35572-A,HVAC > Controls > Sensors,41.94,true
WEB-562922,Corvane Orion 3 Ton 16 SEER Heat Pump,Corvane,CV-33139-C,HVAC > Equipment > Heat Pumps,4536.59,true
WEB-910706,Northwind Comfort Atlas Scroll 18K BTU R-454B Compressor,NORTHWIND,NW-51963-E,HVAC > Parts > Compressors,1265.52,true
WEB-573633,Ridgeway Air Ember 1.5 Ton 16 SEER Condenser,Ridgeway,RW-42771-K,HVAC > Equipment > Condensers,1675.08,true
WEB-631919,Thermaxis Beacon 45/3 MFD 370V Capacitor,Thermaxis,TX-21583-G,HVAC > Parts > Capacitors,65.17,true
WEB-347008,Arcticline Zephyr 4 Ton 15 SEER Heat Pump,Arcticline,AL-65397-E,HVAC > Equipment > Heat Pumps,6679.07,true
WEB-607536,Thermaxis Tundra 3 Ton Upflow Air Handler,Thermaxis,TX-13631-C,HVAC > Equipment > Air Handlers,2204.79,true
WEB-341840,Bluepeak Sable Non-Programmable 3H/2C Thermostat,Bluepeak,BP-92716-C,HVAC > Controls > Thermostats,209.35,true
WEB-768408,Thermaxis Granite 2 Ton 20 SEER Heat Pump,Therm-Axis,TX-46597-A,HVAC > Equipment > Heat Pumps,3692.46,true
WEB-534315,Ridgeway Air Cascade R-32 10 lb Cylinder Refrigerant,Ridgeway Air,RW-69438-J,HVAC > Supplies > Refrigerant,173.83,true
WEB-963132,Arcticline Juniper 1/6 HP 1075 RPM Motor,Arcticline,AL-14286-E,HVAC > Parts > Motors,211.38,true
WEB-124212,Corvane Quarry 1.5 Ton 20 SEER Condenser,Corvane,CV-40051-B,HVAC > Equipment > Condensers,2888.58,true
WEB-492231,Corvane Summit 60K BTU 97% AFUE Furnace,Corvane,CV-15021-K,HVAC > Equipment > Furnaces,1219.73,true
WEB-730726,Corvane Trident 55/3 MFD 440V Capacitor,Corvane Controls,CV-57891-B,HVAC > Parts > Capacitors,75.11,true
WEB-963294,Bluepeak Beacon 45/7.5 MFD 370V Capacitor,Bluepeak,BP-57411-G,HVAC > Parts > Capacitors,43.81,true
WEB-750672,Northwind Comfort Orion R-410A 10 lb Cylinder Refrigerant,Northwind Comfort,NW-75247-F,HVAC > Supplies > Refrigerant,451.20,true
WEB-208345,Arcticline Orion 5 Ton Multi-Position Air Handler,Arcticline,AL-47355-E,HVAC > Equipment > Air Handlers,2592.31,true
WEB-900492,Northwind Comfort Trident Scroll 24K BTU R-410A Compressor,Northwind Comfort,NW-71679-F,HVAC > Parts > Compressors,596.73,true
WEB-369600,Northwind Comfort Keystone 3/8 x 7/8 50 ft Line Set,Northwind Comfort,NW-26037-B,HVAC > Supplies > Line Sets,211.66,true
WEB-730728,Arcticline Cascade 3/8 x 3/4 15 ft Line Set,Arcticline,AL-69496-J,HVAC > Supplies > Line Sets,134.87,true
WEB-797784,Arcticline Sable 1/4 x 3/8 35 ft Line Set,Arcticline,AL-71260-G,HVAC > Supplies > Line Sets,129.17,true
WEB-930509,Bluepeak Vector Humidity 10K Sensor,Bluepeak,BP-77799-B,HVAC > Controls > Sensors,30.15,true
WEB-475780,Bluepeak Tundra 3.5 Ton 14 SEER Heat Pump,Bluepeak,BP-20503-G,HVAC > Equipment > Heat Pumps,5753.82,true
WEB-317508,Bluepeak Zephyr 60/5 MFD 440V Capacitor,Bluepeak,BP-20090-C,HVAC > Parts > Capacitors,53.99,true
WEB-575547,Thermaxis Tundra Programmable 3H/2C Thermostat,Thermaxis,TX-70608-C,HVAC > Controls > Thermostats,257.64,true
WEB-377124,Northwind Comfort Harbor R-410A 30 lb Cylinder Refrigerant,Northwind Comfort,NW-83546-H,HVAC > Supplies > Refrigerant,190.07,true
WEB-612959,Thermaxis Ember 45/5 MFD 370V Capacitor,Thermaxis,TX-43998-F,HVAC > Parts > Capacitors,34.78,true
WEB-863125,Heliotemp Quarry 3.5 Ton Horizontal Air Handler,Heliotemp Corp,HT-17076-J,HVAC > Equipment > Air Handlers,2627.15,true
WEB-992133,Arcticline Apex 2 Ton 20 SEER Condenser,Arcticline,AL-23299-F,HVAC > Equipment > Condensers,3671.08,true
WEB-132639,Arcticline Apex 120K BTU 97% AFUE Furnace,Arcticline,AL-44396-J,HVAC > Equipment > Furnaces,1847.11,true
WEB-468035,Arcticline Pioneer 5 Ton Upflow Air Handler,Arctic Line,AL-88146-A,HVAC > Equipment > Air Handlers,1970.85,false
WEB-736331,Thermaxis Delta 3 Ton Horizontal Air Handler,Thermaxis,TX-66172-D,HVAC > Equipment > Air Handlers,1873.50,true
WEB-989145,Northwind Comfort Beacon CO2 20K Sensor,Northwind Comfort Inc,NW-12624-E,HVAC > Controls > Sensors,35.37,true
WEB-677194,Northwind Comfort Pioneer 16x20x1 MERV 13 Filter,Northwind Comfort,NW-16012-F,HVAC > Supplies > Filters,47.13,true
WEB-482484,Thermaxis Quarry 4 Ton 20 SEER Heat Pump,Thermaxis,TX-39963-C,HVAC > Equipment > Heat Pumps,3948.14,true
WEB-208367,Corvane Atlas 5 Ton 18 SEER Heat Pump,Corvane,CV-13852-D,HVAC > Equipment > Heat Pumps,5989.01,true
WEB-816782,Arcticline Tundra 3/4 HP 1625 RPM Motor,Arcticline,AL-66710-E,HVAC > Parts > Motors,389.76,true
WEB-208274,Thermaxis Trident Scroll 36K BTU R-454B Compressor,Thermaxis,TX-92171-D,HVAC > Parts > Compressors,2187.03,true
WEB-976530,Thermaxis Keystone 4 Ton Multi-Position Air Handler,Thermaxis,TX-10046-C,HVAC > Equipment > Air Handlers,1130.44,true
WEB-802556,Heliotemp Keystone 3 Ton 14 SEER Heat Pump,Heliotemp,HT-11653-G,HVAC > Equipment > Heat Pumps,5876.97,true
WEB-719296,Heliotemp Trident 2 Pole 30 Amp 24V Coil Contactor,Heliotemp,HT-18582-F,HVAC > Parts > Contactors,106.38,true
WEB-394078,Heliotemp Beacon 1.5 Ton 16 SEER Heat Pump,Heliotemp,HT-46072-K,HVAC > Equipment > Heat Pumps,2531.25,true
WEB-162957,Arcticline Atlas Non-Programmable 2H/2C Thermostat,Arcticline,AL-72733-C,HVAC > Controls > Thermostats,210.27,true
WEB-960021,Thermaxis Atlas 55/5 MFD 440V Capacitor,Thermaxis,TX-36779-G,HVAC > Parts > Capacitors,83.68,true
WEB-867466,Ridgeway Air Trident 60K BTU 80% AFUE Furnace,Ridgeway Air,RW-92129-J,HVAC > Equipment > Furnaces,1158.55,true
WEB-510929,Arcticline Beacon Outdoor Temp 20K Sensor,Arcticline,AL-78885-F,HVAC > Controls > Sensors,170.35,true
WEB-856598,Northwind Comfort Zephyr 5 Ton 16 SEER Heat Pump,N/W Comfort,NW-86536-G,HVAC > Equipment > Heat Pumps,2335.86,true
WEB-327927,Ridgeway Air Cascade 5 Ton Upflow Air Handler,Ridgeway Air,RW-89022-J,HVAC > Equipment > Air Handlers,1837.15,true
WEB-181452,Bluepeak Juniper 120K BTU 96% AFUE Furnace,Bluepeak,BP-98821-B,HVAC > Equipment > Furnaces,1381.21,true
WEB-578500,Heliotemp Zephyr R-454B 10 lb Cylinder Refrigerant,Heliotemp,HT-56371-H,HVAC > Supplies > Refrigerant,402.79,true
WEB-882933,Corvane Falcon 2.5 Ton 16 SEER Condenser,Corvane Inc.,CV-80366-G,HVAC > Equipment > Condensers,1794.13,true
WEB-469302,Arcticline Tundra 2.5 Ton Upflow Air Handler,Arcticline,AL-57653-H,HVAC > Equipment > Air Handlers,2473.05,true
WEB-998605,Heliotemp Atlas 2 Pole 40 Amp 240V Coil Contactor,Heliotemp,HT-16910-E,HVAC > Parts > Contactors,40.02,true
WEB-433962,Corvane Atlas Scroll 48K BTU R-410A Compressor,Corvane,CV-71014-F,HVAC > Parts > Compressors,2057.17,true
WEB-684547,Arcticline Falcon R-410A 30 lb Cylinder Refrigerant,Arcticline,AL-76592-G,HVAC > Supplies > Refrigerant,558.29,true
WEB-423533,Heliotemp Delta 1 Pole 40 Amp 24V Coil Contactor,Heliotemp,HT-91476-F,HVAC > Parts > Contactors,88.48,true
WEB-289988,Arcticline Harbor 1/4 x 3/8 15 ft Line Set,Arcticline,AL-85642-K,HVAC > Supplies > Line Sets,221.30,true
WEB-392825,Corvane Quarry 2 Pole 40 Amp 240V Coil Contactor,Corvane,CV-67455-C,HVAC > Parts > Contactors,17.44,true
WEB-758246,Arcticline Harbor 1/6 HP 1625 RPM Motor,Arcticline Mfg,AL-74692-C,HVAC > Parts > Motors,419.30,true
WEB-159641,Arcticline Trident 60K BTU 92% AFUE Furnace,Arcticline,AL-51822-A,HVAC > Equipment > Furnaces,3223.22,true
WEB-767220,Heliotemp Juniper 20x25x2 MERV 11 Filter,Heliotemp,HT-55111-D,HVAC > Supplies > Filters,54.68,true
WEB-144764,Thermaxis Keystone 20x25x1 MERV 8 Filter,Thermaxis,TX-10305-G,HVAC > Supplies > Filters,48.36,true
WEB-475019,Ridgeway Air Summit Outdoor Temp 10K Sensor,Ridgeway Air,RW-56387-D,HVAC > Controls > Sensors,85.80,true
WEB-567507,Ridgeway Air Ember 1 Pole 40 Amp 24V Coil Contactor,Ridgeway Air,RW-65542-B,HVAC > Parts > Contactors,90.17,true
WEB-923390,Northwind Comfort Cascade 3/4 HP 825 RPM Motor,Northwind Comfort,NW-45899-G,HVAC > Parts > Motors,184.06,true
WEB-642829,Heliotemp Sterling Scroll 30K BTU R-410A Compressor,HELIOTEMP,HT-53991-F,HVAC > Parts > Compressors,1678.70,true
WEB-482414,Thermaxis Orion Outdoor Temp 10K Sensor,Thermaxis,TX-52868-D,HVAC > Controls > Sensors,133.57,true
WEB-415709,Northwind Comfort Keystone Scroll 24K BTU R-410A Compressor,Northwind Comfort,NW-49716-G,HVAC > Parts > Compressors,753.83,true
WEB-939087,Arcticline Sterling 45/7.5 MFD 370V Capacitor,Arcticline,AL-30385-A,HVAC > Parts > Capacitors,35.94,true
WEB-688902,Arcticline Trident 5 Ton 18 SEER Condenser,Arcticline,AL-21006-F,HVAC > Equipment > Condensers,5501.83,true
WEB-373778,Thermaxis Meridian 5 Ton 18 SEER Heat Pump,Thermaxis,TX-55409-C,HVAC > Equipment > Heat Pumps,2351.92,true
WEB-846229,Heliotemp Lumen 4 Ton 18 SEER Condenser,Heliotemp,HT-61098-K,HVAC > Equipment > Condensers,1540.14,true
WEB-267797,Corvane Granite 3 Ton Upflow Air Handler,Corvane,CV-42101-D,HVAC > Equipment > Air Handlers,2469.51,true
WEB-461992,Ridgeway Air Cascade 3 Pole 50 Amp 240V Coil Contactor,Ridgeway Air,RW-79309-K,HVAC > Parts > Contactors,95.92,true
WEB-846690,Bluepeak Mesa Smart Wi-Fi 3H/2C Thermostat,Bluepeak,BP-18538-D,HVAC > Controls > Thermostats,148.03,true
WEB-978017,Ridgeway Air Tundra Non-Programmable 3H/2C Thermostat,Ridgeway Air,RW-18885-C,HVAC > Controls > Thermostats,109.83,true
WEB-688010,Corvane Mesa 3 Pole 40 Amp 120V Coil Contactor,Corvane,CV-41277-G,HVAC > Parts > Contactors,105.02,true
WEB-976417,Arcticline Granite 100K BTU 92% AFUE Furnace,Arcticline,AL-40049-B,HVAC > Equipment > Furnaces,3356.51,true
WEB-196620,Bluepeak Atlas 16x20x4 MERV 11 Filter,Bluepeak,BP-76432-B,HVAC > Supplies > Filters,7.05,true
WEB-700830,Arcticline Beacon 40/3 MFD 440V Capacitor,Arcticline,AL-28943-D,HVAC > Parts > Capacitors,54.41,true
WEB-342811,Arcticline Trident R-410A 25 lb Cylinder Refrigerant,ARCTICLINE,AL-18113-F,HVAC > Supplies > Refrigerant,418.85,true
WEB-931266,Bluepeak Summit 3.5 Ton 14 SEER Heat Pump,BLUEPEAK,BP-35118-D,HVAC > Equipment > Heat Pumps,3015.29,true
WEB-597920,Arcticline Atlas 3.5 Ton Upflow Air Handler,Arcticline,AL-84604-F,HVAC > Equipment > Air Handlers,1472.15,true
WEB-986332,Ridgeway Air Trident Scroll 36K BTU R-410A Compressor,RIDGEWAY,RW-62402-D,HVAC > Parts > Compressors,1854.42,true
WEB-213688,Ridgeway Air Pioneer 100K BTU 92% AFUE Furnace,Ridgeway Air,RW-15621-J,HVAC > Equipment > Furnaces,3266.60,true
WEB-784070,Northwind Comfort Zephyr 40K BTU 80% AFUE Furnace,N/W Comfort,NW-32780-B,HVAC > Equipment > Furnaces,1540.84,true
WEB-441253,Arcticline Keystone 100K BTU 92% AFUE Furnace,ARCTICLINE,AL-49533-C,HVAC > Equipment > Furnaces,3371.41,true
WEB-782671,Arcticline Falcon 1 Pole 40 Amp 240V Coil Contactor,ARCTICLINE,AL-85435-E,HVAC > Parts > Contactors,102.02,true
WEB-301164,Ridgeway Air Tundra 1/6 HP 825 RPM Motor,RIDGEWAY,RW-59884-B,HVAC > Parts > Motors,460.24,true
WEB-575828,Northwind Comfort Falcon R-454B 20 lb Cylinder Refrigerant,Northwind Comfort,NW-39567-G,HVAC > Supplies > Refrigerant,148.56,true
WEB-938647,Northwind Comfort Sable 4 Ton Upflow Air Handler,Northwind Comfort,NW-19315-F,HVAC > Equipment > Air Handlers,2285.46,true
WEB-910806,Northwind Comfort Apex 2 Ton 20 SEER Heat Pump,Northwind Comfort,NW-75512-K,HVAC > Equipment > Heat Pumps,6521.62,true
WEB-564486,Thermaxis Pioneer Outdoor Temp 20K Sensor,Thermaxis,TX-55887-F,HVAC > Controls > Sensors,122.06,true
WEB-655993,Thermaxis Atlas 50/5 MFD 370V Capacitor,Thermaxis,TX-10376-B,HVAC > Parts > Capacitors,30.73,true
WEB-885242,Heliotemp Vector Scroll 24K BTU R-454B Compressor,Heliotemp,HT-43342-H,HVAC > Parts > Compressors,815.23,true
WEB-387042,Heliotemp Summit Smart Wi-Fi 2H/2C Thermostat,Heliotemp,HT-78781-H,HVAC > Controls > Thermostats,126.16,true
WEB-422007,Thermaxis Quarry 2 Pole 50 Amp 120V Coil Contactor,Thermaxis,TX-92935-C,HVAC > Parts > Contactors,42.77,true
WEB-872472,Bluepeak Apex 1/6 HP 1075 RPM Motor,Bluepeak,BP-56499-B,HVAC > Parts > Motors,371.14,true
WEB-666867,Thermaxis Ember 2.5 Ton Multi-Position Air Handler,Thermaxis,TX-99920-F,HVAC > Equipment > Air Handlers,2733.08,true
WEB-874775,Ridgeway Air Sable 80K BTU 96% AFUE Furnace,Ridgeway Air,RW-76703-D,HVAC > Equipment > Furnaces,1780.99,false
WEB-433469,Bluepeak Keystone 40/5 MFD 440V Capacitor,Bluepeak,BP-71547-H,HVAC > Parts > Capacitors,71.97,true
WEB-708120,Corvane Quarry 16x20x2 MERV 11 Filter,Corvane,CV-12776-C,HVAC > Supplies > Filters,35.42,false
WEB-693536,Ridgeway Air Vector 3.5 Ton Horizontal Air Handler,Ridgeway Air,RW-4956-7B,HVAC > Equipment > Air Handlers,2856.70,true
WEB-328941,Heliotemp Trident 5 Ton 14 SEER Condenser,Heliotemp,HT-75925-J,HVAC > Equipment > Condensers,1799.53,true
WEB-615331,Northwind Comfort Meridian 20x25x4 MERV 8 Filter,Northwind Comfort,NW-90478-F,HVAC > Supplies > Filters,42.82,true
WEB-918840,Ridgeway Air Meridian 100K BTU 80% AFUE Furnace,Ridgeway Air,RW-92996-F,HVAC > Equipment > Furnaces,1702.27,true
WEB-310399,Corvane Orion Duct Temp 4-20mA Sensor,Corvane,CV-75651-F,HVAC > Controls > Sensors,107.98,true
WEB-926694,Arcticline Harbor 1 HP 1075 RPM Motor,Arcticline,AL-96536-G,HVAC > Parts > Motors,378.76,true
WEB-218026,Arcticline Cascade Outdoor Temp 10K Sensor,Arcticline Mfg,AL-32272-F,HVAC > Controls > Sensors,71.83,true
WEB-558550,Bluepeak Apex Scroll 18K BTU R-410A Compressor,Bluepeak,BP-93181-J,HVAC > Parts > Compressors,1300.71,true
WEB-557710,Heliotemp Meridian Scroll 18K BTU R-454B Compressor,Heliotemp,HT-87721-F,HVAC > Parts > Compressors,1473.56,true
WEB-953160,Bluepeak Delta 16x20x4 MERV 11 Filter,Bluepeak,BP-26035-D,HVAC > Supplies > Filters,15.62,true
WEB-132533,Thermaxis Trident Non-Programmable 1H/1C Thermostat,Thermaxis,TX-81171-H,HVAC > Controls > Thermostats,159.40,true
WEB-947185,Heliotemp Vector R-32 30 lb Cylinder Refrigerant,Heliotemp,HT-23048-K,HVAC > Supplies > Refrigerant,408.60,true
WEB-110881,Bluepeak Sable 40K BTU 97% AFUE Furnace,Bluepeak,BP-47681-C,HVAC > Equipment > Furnaces,2993.89,true
WEB-341363,Thermaxis Vector 2 Ton 20 SEER Condenser,Thermaxis,TX-94500-K,HVAC > Equipment > Condensers,2852.46,true
WEB-442391,Bluepeak Sterling Scroll 42K BTU R-454B Compressor,Blue Peak,BP-10347-B,HVAC > Parts > Compressors,1783.26,true
WEB-272465,Arcticline Beacon 3/8 x 7/8 25 ft Line Set,Arcticline,AL-39271-H,HVAC > Supplies > Line Sets,223.01,true
WEB-663117,Corvane Orion 3 Ton 20 SEER Condenser,CORVANE,CV-21845-E,HVAC > Equipment > Condensers,4931.02,true
WEB-740527,Northwind Comfort Sterling 2 Ton 18 SEER Heat Pump,Northwind Comfort,NW-31890-B,HVAC > Equipment > Heat Pumps,3045.27,true
WEB-470032,Bluepeak Atlas R-32 10 lb Cylinder Refrigerant,Bluepeak,BP-62035-A,HVAC > Supplies > Refrigerant,491.80,true
WEB-462688,Thermaxis Summit 2 Pole 40 Amp 240V Coil Contactor,Thermaxis LLC,TX-81222-K,HVAC > Parts > Contactors,120.74,true
WEB-769502,Ridgeway Air Beacon 2 Ton 16 SEER Condenser,Ridgeway Air,RW-85624-H,HVAC > Equipment > Condensers,3163.66,true
WEB-216061,Heliotemp Delta Scroll 36K BTU R-410A Compressor,Heliotemp,HT-63864-G,HVAC > Parts > Compressors,1168.98,true
WEB-103067,Corvane Sable 80K BTU 92% AFUE Furnace,Corvane Inc.,CV-29110-G,HVAC > Equipment > Furnaces,2798.87,true
WEB-368280,Ridgeway Air Falcon Smart Wi-Fi 3H/2C Thermostat,Ridgeway Air,RW-51105-K,HVAC > Controls > Thermostats,65.92,true
WEB-607912,Heliotemp Beacon Scroll 36K BTU R-410A Compressor,Helio-Temp,HT-96411-F,HVAC > Parts > Compressors,753.26,true
WEB-563719,Ridgeway Air Delta 4 Ton 20 SEER Heat Pump,Ridgeway Air,RW-17326-B,HVAC > Equipment > Heat Pumps,3085.59,true
WEB-961322,Heliotemp Falcon 1/3 HP 1075 RPM Motor,HELIOTEMP,HT-52039-G,HVAC > Parts > Motors,343.23,true
WEB-815479,Corvane Beacon CO2 4-20mA Sensor,Corvane,CV-82010-D,HVAC > Controls > Sensors,80.29,true
WEB-660848,Northwind Comfort Atlas 20x25x4 MERV 13 Filter,N/W Comfort,NW-89389-J,HVAC > Supplies > Filters,16.47,true
WEB-364353,Ridgeway Air Keystone 3/8 x 7/8 25 ft Line Set,Ridgeway Air,RW-92291-G,HVAC > Supplies > Line Sets,258.31,true
WEB-504418,Northwind Comfort Meridian Scroll 18K BTU R-410A Compressor,Northwind Comfort,NW-55123-K,HVAC > Parts > Compressors,1120.51,true
WEB-470514,Ridgeway Air Juniper 1/4 HP 1625 RPM Motor,Ridgeway Air,RW-23218-J,HVAC > Parts > Motors,251.38,true
WEB-991983,Arcticline Meridian CO2 4-20mA Sensor,Arcticline,AL-62058-B,HVAC > Controls > Sensors,78.60,true
WEB-688825,Arcticline Vector 1/3 HP 825 RPM Motor,Arcticline,AL-54409-B,HVAC > Parts > Motors,318.07,true
WEB-924991,Northwind Comfort Beacon 2.5 Ton 14 SEER Condenser,NORTHWIND,NW-58715-H,HVAC > Equipment > Condensers,4529.69,true
WEB-301989,Bluepeak Apex 1/4 x 3/8 50 ft Line Set,Bluepeak,BP-51910-K,HVAC > Supplies > Line Sets,119.11,true
WEB-115533,Bluepeak Beacon 3/8 x 7/8 35 ft Line Set,BluePeak HVAC,BP-30435-J,HVAC > Supplies > Line Sets,237.83,true
WEB-158783,Arcticline Tundra 100K BTU 97% AFUE Furnace,Arcticline,AL-43727-C,HVAC > Equipment > Furnaces,2389.29,true
WEB-540813,Corvane Pioneer R-454B 25 lb Cylinder Refrigerant,Corvane,CV-77697-D,HVAC > Supplies > Refrigerant,216.22,true
WEB-626275,Bluepeak Beacon Scroll 36K BTU R-410A Compressor,Bluepeak,BP-72165-C,HVAC > Parts > Compressors,1439.37,true
WEB-376723,Arcticline Vector 3 Ton 14 SEER Heat Pump,Arcticline,AL-14754-K,HVAC > Equipment > Heat Pumps,5093.09,true
WEB-566546,Ridgeway Air Keystone 2.5 Ton 15 SEER Condenser,Ridgeway,RW-72045-B,HVAC > Equipment > Condensers,1379.05,true
WEB-364697,Arcticline Cascade R-410A 20 lb Cylinder Refrigerant,Arcticline,AL-66634-A,HVAC > Supplies > Refrigerant,328.95,true
WEB-520273,Northwind Comfort Mesa 1 Pole 40 Amp 24V Coil Contactor,Northwind Comfort,NW-79670-K,HVAC > Parts > Contactors,94.78,false
WEB-440040,Heliotemp Harbor 3/8 x 3/4 50 ft Line Set,Heliotemp,HT-20909-E,HVAC > Supplies > Line Sets,236.56,true
WEB-838768,Thermaxis Pioneer 2.5 Ton 16 SEER Heat Pump,Thermaxis,TX-45751-D,HVAC > Equipment > Heat Pumps,2649.95,true
WEB-977050,Ridgeway Air Lumen 1/3 HP 1075 RPM Motor,RIDGEWAY,RW-44587-H,HVAC > Parts > Motors,426.32,true
WEB-245562,Bluepeak Apex 3 Ton Multi-Position Air Handler,Bluepeak,BP-31987-D,HVAC > Equipment > Air Handlers,1761.06,true
WEB-498266,Northwind Comfort Granite 100K BTU 96% AFUE Furnace,Northwind Comfort,NW-67001-J,HVAC > Equipment > Furnaces,2981.16,true
WEB-433879,Northwind Comfort Vector Programmable 1H/1C Thermostat,Northwind Comfort,NW-31234-C,HVAC > Controls > Thermostats,225.67,true
WEB-585365,Heliotemp Mesa Outdoor Temp 20K Sensor,Heliotemp,HT-53564-E,HVAC > Controls > Sensors,152.05,true
WEB-993633,Thermaxis Zephyr Scroll 24K BTU R-410A Compressor,Thermaxis,TX-41992-B,HVAC > Parts > Compressors,755.77,true
WEB-615542,Northwind Comfort Mesa 3/8 x 7/8 35 ft Line Set,Northwind Comfort,NW-24768-F,HVAC > Supplies > Line Sets,149.62,true
WEB-198754,Arcticline Apex Programmable 1H/1C Thermostat,Arcticline,AL-67110-K,HVAC > Controls > Thermostats,408.93,true
WEB-146886,Northwind Comfort Tundra 1.5 Ton 18 SEER Heat Pump,Northwind Comfort,NW-82770-E,HVAC > Equipment > Heat Pumps,5655.63,true
WEB-123627,Ridgeway Air Meridian 3 Ton 18 SEER Condenser,Ridgeway Air,RW-51182-B,HVAC > Equipment > Condensers,5238.45,true
WEB-773737,Arcticline Sterling 3.5 Ton 15 SEER Heat Pump,Arcticline,AL-50660-E,HVAC > Equipment > Heat Pumps,5226.24,true
WEB-400297,Bluepeak Sterling 2.5 Ton 18 SEER Condenser,Bluepeak,BP-34428-B,HVAC > Equipment > Condensers,4354.22,true
WEB-436846,Thermaxis Tundra 3/4 HP 825 RPM Motor,Thermaxis,TX-41817-A,HVAC > Parts > Motors,83.86,true
WEB-361121,Bluepeak Keystone 1 Pole 50 Amp 240V Coil Contactor,Bluepeak,BP-45889-C,HVAC > Parts > Contactors,30.60,true
WEB-589464,Corvane Vector 2.5 Ton Upflow Air Handler,Corvane Inc.,CV-57140-G,HVAC > Equipment > Air Handlers,1333.55,true
WEB-516497,Bluepeak Falcon R-454B 20 lb Cylinder Refrigerant,BLUEPEAK,BP-19606-F,HVAC > Supplies > Refrigerant,494.73,true
WEB-665873,Corvane Vector 3/8 x 7/8 35 ft Line Set,CORVANE,CV-58899-B,HVAC > Supplies > Line Sets,267.73,true
WEB-447962,Heliotemp Keystone R-454B 20 lb Cylinder Refrigerant,Heliotemp,HT-98039-B,HVAC > Supplies > Refrigerant,555.15,true
WEB-226300,Corvane Meridian 60/10 MFD 440V Capacitor,Corvane,CV-21905-A,HVAC > Parts > Capacitors,16.16,true
WEB-534765,Ridgeway Air Zephyr 1.5 Ton 14 SEER Condenser,Ridgeway Air,RW-99621-B,HVAC > Equipment > Condensers,5204.82,true
WEB-412776,Arcticline Harbor 20x25x2 MERV 11 Filter,Arcticline,AL-77172-C,HVAC > Supplies > Filters,46.55,true
WEB-836383,Northwind Comfort Meridian 20x20x1 MERV 11 Filter,Northwind Comfort,NW-81887-A,HVAC > Supplies > Filters,41.65,true
WEB-281509,Arcticline Keystone 3/8 x 7/8 50 ft Line Set,Arcticline,AL-82582-D,HVAC > Supplies > Line Sets,358.06,true
WEB-442869,Arcticline Keystone Scroll 36K BTU R-410A Compressor,Arcticline,AL-77081-A,HVAC > Parts > Compressors,1857.11,true
WEB-544620,Heliotemp Atlas 3.5 Ton 15 SEER Heat Pump,HELIOTEMP,HT-92031-D,HVAC > Equipment > Heat Pumps,4012.64,true
WEB-901754,Corvane Ember R-32 30 lb Cylinder Refrigerant,Corvane,CV-51353-J,HVAC > Supplies > Refrigerant,166.64,true
WEB-504049,Corvane Falcon Non-Programmable 2H/2C Thermostat,Corvane Controls,CV-51083-C,HVAC > Controls > Thermostats,313.29,true
WEB-448471,Thermaxis Quarry 3 Ton 14 SEER Condenser,Thermaxis,TX-43956-G,HVAC > Equipment > Condensers,2439.83,true
WEB-509306,Bluepeak Delta 1/4 x 3/8 15 ft Line Set,Bluepeak,BP-58487-D,HVAC > Supplies > Line Sets,311.80,true
WEB-357658,Thermaxis Pioneer Smart Wi-Fi 1H/1C Thermostat,Thermaxis,TX-38896-B,HVAC > Controls > Thermostats,113.50,true
WEB-523093,Northwind Comfort Beacon 1 Pole 30 Amp 24V Coil Contactor,Northwind Comfort,NW-76401-G,HVAC > Parts > Contactors,48.63,true
WEB-187425,Bluepeak Sterling 3 Pole 40 Amp 240V Coil Contactor,Bluepeak,BP-17481-A,HVAC > Parts > Contactors,39.48,true
WEB-973554,Northwind Comfort Keystone 3/4 HP 1075 RPM Motor,Northwind Comfort,NW-26249-F,HVAC > Parts > Motors,434.56,true
WEB-489215,Corvane Summit 3/8 x 3/4 50 ft Line Set,Corvane,CV-76863-F,HVAC > Supplies > Line Sets,284.07,true
WEB-647208,Northwind Comfort Granite 2.5 Ton 16 SEER Condenser,Northwind Comfort,NW-35836-B,HVAC > Equipment > Condensers,3703.96,true
WEB-975908,Bluepeak Orion 3/8 x 7/8 25 ft Line Set,Bluepeak,BP-29702-K,HVAC > Supplies > Line Sets,125.54,true
WEB-316729,Arcticline Juniper R-32 20 lb Cylinder Refrigerant,Arcticline,AL-39073-E,HVAC > Supplies > Refrigerant,280.25,true
WEB-294984,Bluepeak Juniper 80K BTU 80% AFUE Furnace,Bluepeak,BP-40522-G,HVAC > Equipment > Furnaces,2793.35,true
WEB-150307,Heliotemp Meridian 2 Ton 20 SEER Condenser,HELIOTEMP,HT-45061-C,HVAC > Equipment > Condensers,5347.60,true
WEB-710271,Northwind Comfort Meridian Scroll 24K BTU R-454B Compressor,Northwind Comfort,NW-90045-J,HVAC > Parts > Compressors,2361.85,true
WEB-902142,Northwind Comfort Granite 20x25x4 MERV 8 Filter,Northwind Comfort,NW-14930-K,HVAC > Supplies > Filters,49.20,true
WEB-434532,Heliotemp Granite 100K BTU 96% AFUE Furnace,Heliotemp,HT-44563-D,HVAC > Equipment > Furnaces,3883.06,true
WEB-235382,Bluepeak Tundra 5 Ton 14 SEER Condenser,Bluepeak,BP-89462-E,HVAC > Equipment > Condensers,4592.20,true
WEB-380266,Northwind Comfort Quarry Duct Temp 10K Sensor,Northwind Comfort,NW-11785-J,HVAC > Controls > Sensors,110.96,true
WEB-130518,Heliotemp Mesa 80K BTU 96% AFUE Furnace,Heliotemp,HT-97799-J,HVAC > Equipment > Furnaces,1285.64,true
WEB-968184,Arcticline Lumen Outdoor Temp 4-20mA Sensor,Arcticline,AL-28251-G,HVAC > Controls > Sensors,150.37,true
WEB-298857,Northwind Comfort Granite 3/8 x 3/4 25 ft Line Set,Northwind Comfort,NW-84961-C,HVAC > Supplies > Line Sets,179.08,true
WEB-450082,Ridgeway Air Beacon 1.5 Ton 20 SEER Heat Pump,Ridgeway Air,RW-54413-D,HVAC > Equipment > Heat Pumps,1585.00,true
WEB-418958,Bluepeak Juniper R-454B 20 lb Cylinder Refrigerant,Bluepeak,BP-15610-D,HVAC > Supplies > Refrigerant,460.87,true
WEB-541672,Thermaxis Pioneer 4 Ton 20 SEER Heat Pump,Thermaxis,TX-83308-C,HVAC > Equipment > Heat Pumps,5617.62,true
WEB-379247,Northwind Comfort Trident 1/6 HP 1075 RPM Motor,Northwind Comfort,NW-57728-F,HVAC > Parts > Motors,557.07,true
WEB-343958,Heliotemp Meridian Non-Programmable 2H/2C Thermostat,Heliotemp,HT-96628-G,HVAC > Controls > Thermostats,154.39,true
WEB-538132,Bluepeak Cascade 1/4 x 3/8 50 ft Line Set,Bluepeak,BP-94299-D,HVAC > Supplies > Line Sets,171.59,true
WEB-380453,Heliotemp Sterling R-22 20 lb Cylinder Refrigerant,Heliotemp Corp,HT-82563-G,HVAC > Supplies > Refrigerant,573.41,true
WEB-308702,Northwind Comfort Orion 16x20x4 MERV 11 Filter,NORTHWIND,NW-76794-H,HVAC > Supplies > Filters,29.25,true
WEB-253419,Ridgeway Air Mesa 3 Ton 20 SEER Condenser,Ridgeway Air,RW-46980-J,HVAC > Equipment > Condensers,2390.92,true
WEB-697188,Northwind Comfort Atlas 3/8 x 3/4 50 ft Line Set,Northwind Comfort,NW-24211-E,HVAC > Supplies > Line Sets,176.49,true
WEB-334677,Thermaxis Atlas R-22 20 lb Cylinder Refrigerant,Thermaxis,TX-34792-D,HVAC > Supplies > Refrigerant,226.70,true
WEB-448837,Arcticline Beacon 5 Ton 15 SEER Condenser,Arcticline,AL-68759-F,HVAC > Equipment > Condensers,1454.55,true
WEB-369474,Corvane Mesa 3/8 x 3/4 25 ft Line Set,Corvane,CV-54969-D,HVAC > Supplies > Line Sets,254.02,true
WEB-802552,Northwind Comfort Mesa 45/3 MFD 370V Capacitor,Northwind Comfort,NW-54115-F,HVAC > Parts > Capacitors,18.14,true
WEB-768789,Corvane Falcon 20x25x2 MERV 8 Filter,Corvane,CV-70769-E,HVAC > Supplies > Filters,35.99,true
WEB-806816,Ridgeway Air Keystone 4 Ton Multi-Position Air Handler,Ridgeway Air,RW-53216-C,HVAC > Equipment > Air Handlers,3115.07,true
WEB-947190,Heliotemp Lumen Non-Programmable 3H/2C Thermostat,Heliotemp Corp,HT-58234-J,HVAC > Controls > Thermostats,97.18,true
WEB-884498,Arcticline Ember Scroll 24K BTU R-454B Compressor,Arcticline,A-L59281-C,HVAC > Parts > Compressors,1677.70,true
WEB-953254,Bluepeak Keystone R-454B 30 lb Cylinder Refrigerant,Bluepeak,BP-89333-A,HVAC > Supplies > Refrigerant,126.23,true
WEB-179550,Ridgeway Air Ember Smart Wi-Fi 1H/1C Thermostat,Ridgeway Air,RW-81511-B,HVAC > Controls > Thermostats,148.95,true
WEB-168177,Northwind Comfort Mesa 1/2 HP 1625 RPM Motor,Northwind Comfort,NW-20245-H,HVAC > Parts > Motors,599.17,true
WEB-251200,Ridgeway Air Pioneer 3/8 x 7/8 50 ft Line Set,Ridgeway Air,RW-57186-J,HVAC > Supplies > Line Sets,171.94,true
WEB-371739,Thermaxis Orion Duct Temp 10K Sensor,Thermaxis,TX-45021-E,HVAC > Controls > Sensors,66.47,true
WEB-698983,Heliotemp Delta Duct Temp 20K Sensor,Heliotemp,HT-73364-F,HVAC > Controls > Sensors,97.19,true
WEB-308871,Bluepeak Keystone 5 Ton 18 SEER Heat Pump,BluePeak HVAC,BP-41412-F,HVAC > Equipment > Heat Pumps,3310.40,true
WEB-522194,Bluepeak Summit Duct Temp 10K Sensor,Bluepeak,BP-14084-A,HVAC > Controls > Sensors,30.93,true
WEB-537188,Ridgeway Air Harbor 100K BTU 92% AFUE Furnace,Ridgeway Air,RW-69517-H,HVAC > Equipment > Furnaces,2105.05,false
WEB-896357,Ridgeway Air Sterling 40K BTU 92% AFUE Furnace,Ridgeway Air,RW-12070-J,HVAC > Equipment > Furnaces,3577.33,true
WEB-952621,Northwind Comfort Trident 1 Pole 30 Amp 24V Coil Contactor,Northwind Comfort,NW-18900-E,HVAC > Parts > Contactors,53.45,false
WEB-895500,Heliotemp Lumen 35/7.5 MFD 440V Capacitor,Heliotemp,HT-34627-B,HVAC > Parts > Capacitors,43.11,true
WEB-879071,Bluepeak Orion 2.5 Ton 15 SEER Condenser,Bluepeak,BP-63719-B,HVAC > Equipment > Condensers,3468.61,true
WEB-441840,Heliotemp Orion 4 Ton 14 SEER Heat Pump,Heliotemp,HT-31574-B,HVAC > Equipment > Heat Pumps,2262.83,true
WEB-449633,Ridgeway Air Harbor Duct Temp 10K Sensor,Ridgeway Air,RW-76677-H,HVAC > Controls > Sensors,102.83,true
WEB-289215,Ridgeway Air Trident 3.5 Ton 16 SEER Heat Pump,Ridgeway Air,RW-65100-E,HVAC > Equipment > Heat Pumps,4700.22,true
WEB-414930,Northwind Comfort Tundra CO2 10K Sensor,Northwind Comfort,NW-38127-F,HVAC > Controls > Sensors,44.21,true
WEB-920888,Thermaxis Sable 3.5 Ton Multi-Position Air Handler,Thermaxis,TX-39357-D,HVAC > Equipment > Air Handlers,2702.13,true
WEB-347051,Ridgeway Air Summit Scroll 24K BTU R-410A Compressor,Ridgeway Air,RW-31079-H,HVAC > Parts > Compressors,1775.25,true
WEB-425908,Northwind Comfort Lumen Scroll 18K BTU R-454B Compressor,Northwind Comfort,NW-84219-K,HVAC > Parts > Compressors,1918.48,true
WEB-842788,Corvane Atlas 60K BTU 92% AFUE Furnace,Corvane,CV-74561-J,HVAC > Equipment > Furnaces,1684.48,true
WEB-236605,Corvane Cascade Duct Temp 4-20mA Sensor,Corvane,CV-79799-E,HVAC > Controls > Sensors,160.75,true
WEB-754738,Thermaxis Keystone 3.5 Ton Multi-Position Air Handler,Thermaxis,TX-42859-B,HVAC > Equipment > Air Handlers,2847.35,true
WEB-602930,Heliotemp Granite 2 Ton 20 SEER Condenser,Heliotemp,HT-59170-E,HVAC > Equipment > Condensers,2053.57,true
WEB-856645,Corvane Zephyr 3/8 x 7/8 15 ft Line Set,Corvane Controls,CV-26905-F,HVAC > Supplies > Line Sets,230.85,true
WEB-282964,Thermaxis Zephyr 5 Ton 18 SEER Heat Pump,Thermaxis,TX-59827-J,HVAC > Equipment > Heat Pumps,3416.88,true
WEB-409267,Ridgeway Air Zephyr 120K BTU 80% AFUE Furnace,Ridgeway,RW-57875-E,HVAC > Equipment > Furnaces,1630.29,true
WEB-525831,Arcticline Delta 3/8 x 7/8 25 ft Line Set,Arcticline,AL-36638-F,HVAC > Supplies > Line Sets,289.86,true
WEB-380577,Heliotemp Granite Scroll 18K BTU R-454B Compressor,Heliotemp,HT-43422-H,HVAC > Parts > Compressors,1990.87,true
WEB-492654,Bluepeak Ember R-32 30 lb Cylinder Refrigerant,Bluepeak,BP-76605-J,HVAC > Supplies > Refrigerant,502.35,true
WEB-921376,Heliotemp Vector 1/4 x 3/8 50 ft Line Set,Heliotemp,HT-66154-E,HVAC > Supplies > Line Sets,285.10,true
WEB-218135,Ridgeway Air Cascade Scroll 42K BTU R-454B Compressor,Ridgeway Air,RW-95513-D,HVAC > Parts > Compressors,1965.30,true
WEB-486948,Arcticline Apex 3 Pole 30 Amp 240V Coil Contactor,Arcticline,AL-13286-E,HVAC > Parts > Contactors,20.71,true
WEB-393786,Corvane Vector 60/7.5 MFD 370V Capacitor,Corvane,CV-86666-B,HVAC > Parts > Capacitors,40.85,false
WEB-680212,Thermaxis Vector 3/8 x 3/4 50 ft Line Set,Thermaxis,TX-46065-A,HVAC > Supplies > Line Sets,184.65,true
WEB-861034,Bluepeak Sterling 1/4 x 3/8 25 ft Line Set,BluePeak HVAC,BP-53831-A,HVAC > Supplies > Line Sets,256.88,true
WEB-479900,Thermaxis Vector 4 Ton 20 SEER Condenser,Thermaxis,TX-53846-H,HVAC > Equipment > Condensers,5574.97,true
WEB-974188,Northwind Comfort Lumen 3.5 Ton 18 SEER Heat Pump,Northwind Comfort,NW-61728-H,HVAC > Equipment > Heat Pumps,1447.26,true
WEB-579277,Northwind Comfort Cascade 16x25x4 MERV 11 Filter,Northwind Comfort,NW-32360-B,HVAC > Supplies > Filters,11.85,true
WEB-376279,Ridgeway Air Juniper 2 Pole 50 Amp 24V Coil Contactor,RIDGEWAY,RW-57416-K,HVAC > Parts > Contactors,96.02,true
WEB-829077,Northwind Comfort Sterling 16x25x1 MERV 13 Filter,Northwind Comfort,NW-77997-J,HVAC > Supplies > Filters,27.23,true
WEB-849681,Thermaxis Summit Smart Wi-Fi 1H/1C Thermostat,Thermaxis,TX-10088-B,HVAC > Controls > Thermostats,331.70,true
WEB-483504,Heliotemp Zephyr 16x20x4 MERV 8 Filter,Heliotemp Corp,HT-15076-G,HVAC > Supplies > Filters,20.24,true
WEB-654394,Arcticline Sable 35/7.5 MFD 440V Capacitor,Arcticline,AL-77004-K,HVAC > Parts > Capacitors,18.06,true
WEB-564868,Corvane Juniper 2.5 Ton 16 SEER Heat Pump,Corvane,CV-46630-G,HVAC > Equipment > Heat Pumps,6056.99,true
WEB-945079,Heliotemp Harbor 40/10 MFD 440V Capacitor,Heliotemp,HT-10123-J,HVAC > Parts > Capacitors,61.97,false
WEB-511599,Arcticline Juniper 120K BTU 92% AFUE Furnace,Arcticline,AL-70271-E,HVAC > Equipment > Furnaces,1328.61,false
WEB-507690,Heliotemp Lumen 50/3 MFD 440V Capacitor,Helio-Temp,HT-42507-G,HVAC > Parts > Capacitors,15.47,true
WEB-870147,Heliotemp Tundra Non-Programmable 2H/2C Thermostat,Heliotemp,HT-99618-F,HVAC > Controls > Thermostats,358.34,true
WEB-307891,Thermaxis Juniper 1 HP 1075 RPM Motor,Therm-Axis,TX-49589-C,HVAC > Parts > Motors,299.31,true
WEB-149134,Northwind Comfort Cascade 3/4 HP 1625 RPM Motor,Northwind Comfort,NW-41500-H,HVAC > Parts > Motors,295.95,true
WEB-417847,Ridgeway Air Delta R-32 30 lb Cylinder Refrigerant,Ridgeway Air,RW-62030-A,HVAC > Supplies > Refrigerant,401.65,true
WEB-970888,Northwind Comfort Mesa 5 Ton 20 SEER Heat Pump,Northwind Comfort,NW-61159-F,HVAC > Equipment > Heat Pumps,3222.19,true
WEB-747114,Northwind Comfort Lumen 20x25x2 MERV 13 Filter,Northwind Comfort,NW-18404-G,HVAC > Supplies > Filters,49.71,true
WEB-727399,Arcticline Summit Humidity 20K Sensor,Arcticline,AL-42802-K,HVAC > Controls > Sensors,56.79,true
WEB-510431,Heliotemp Atlas 3/4 HP 1625 RPM Motor,Heliotemp Corp,HT-34486-H,HVAC > Parts > Motors,372.54,true
WEB-805234,Northwind Comfort Atlas 1/3 HP 1075 RPM Motor,Northwind Comfort,NW-93044-C,HVAC > Parts > Motors,282.73,true
WEB-201893,Arcticline Tundra R-22 20 lb Cylinder Refrigerant,Arcticline,AL-94005-F,HVAC > Supplies > Refrigerant,480.51,true
WEB-833732,Heliotemp Lumen 1/2 HP 1625 RPM Motor,Heliotemp,HT-62289-F,HVAC > Parts > Motors,343.77,true
WEB-627976,Ridgeway Air Harbor 45/7.5 MFD 370V Capacitor,Ridgeway Air,RW-99073-A,HVAC > Parts > Capacitors,53.58,true
WEB-126573,Ridgeway Air Granite Scroll 30K BTU R-410A Compressor,Ridgeway Air,RW-88564-E,HVAC > Parts > Compressors,1809.67,true
WEB-927090,Heliotemp Keystone 20x25x2 MERV 11 Filter,Heliotemp,HT-54917-E,HVAC > Supplies > Filters,48.25,true
WEB-476454,Ridgeway Air Ember 16x20x2 MERV 11 Filter,Ridgeway Air,RW-35440-E,HVAC > Supplies > Filters,18.28,true
WEB-894740,Thermaxis Quarry 1.5 Ton 16 SEER Heat Pump,Thermaxis,TX-23200-D,HVAC > Equipment > Heat Pumps,4349.60,true
WEB-492835,Heliotemp Meridian 16x20x2 MERV 8 Filter,Heliotemp,HT-80052-K,HVAC > Supplies > Filters,36.87,true
WEB-523961,Thermaxis Keystone 100K BTU 96% AFUE Furnace,Therm-Axis,TX-47171-D,HVAC > Equipment > Furnaces,1103.51,true
WEB-755276,Bluepeak Granite Smart Wi-Fi 3H/2C Thermostat,Bluepeak,BP-43246-E,HVAC > Controls > Thermostats,304.87,true
WEB-687916,Northwind Comfort Sterling 1.5 Ton 20 SEER Heat Pump,Northwind Comfort,NW-4210-6G,HVAC > Equipment > Heat Pumps,5740.42,true
WEB-892461,Corvane Cascade R-454B 20 lb Cylinder Refrigerant,Corvane,CV-77805-H,HVAC > Supplies > Refrigerant,286.59,true
WEB-617918,Heliotemp Falcon 16x25x4 MERV 13 Filter,Heliotemp Corp,HT-57068-A,HVAC > Supplies > Filters,10.87,true
WEB-540245,Northwind Comfort Meridian 1.5 Ton 14 SEER Heat Pump,Northwind Comfort,NW-47452-C,HVAC > Equipment > Heat Pumps,6203.53,true
WEB-117875,Arcticline Juniper 45/5 MFD 440V Capacitor,Arcticline Mfg,AL-89982-D,HVAC > Parts > Capacitors,70.59,true
WEB-974238,Arcticline Keystone R-410A 10 lb Cylinder Refrigerant,Arcticline,AL-13894-J,HVAC > Supplies > Refrigerant,385.81,true
WEB-276101,Thermaxis Orion 20x25x2 MERV 8 Filter,Thermaxis,TX-17357-J,HVAC > Supplies > Filters,53.82,true
WEB-485202,Arcticline Apex 3/8 x 3/4 25 ft Line Set,Arcticline,AL-53508-C,HVAC > Supplies > Line Sets,360.14,true
WEB-263215,Heliotemp Pioneer 3.5 Ton 14 SEER Heat Pump,Heliotemp Corp,HT-11233-K,HVAC > Equipment > Heat Pumps,3797.39,true
WEB-530311,Ridgeway Air Falcon 2 Ton 20 SEER Condenser,Ridgeway Air,RW-19180-E,HVAC > Equipment > Condensers,4890.14,true
WEB-855040,Bluepeak Atlas CO2 10K Sensor,Bluepeak,BP-50014-E,HVAC > Controls > Sensors,178.00,true
WEB-963762,Northwind Comfort Orion 3/8 x 7/8 50 ft Line Set,Northwind Comfort,NW-72267-J,HVAC > Supplies > Line Sets,245.35,true
WEB-297962,Thermaxis Keystone 3 Pole 40 Amp 120V Coil Contactor,Thermaxis,TX-61454-H,HVAC > Parts > Contactors,98.45,true
WEB-450606,Heliotemp Pioneer Scroll 24K BTU R-410A Compressor,Heliotemp,HT-75122-H,HVAC > Parts > Compressors,1319.19,true
WEB-725552,Bluepeak Trident 40/5 MFD 370V Capacitor,Bluepeak,BP-16775-J,HVAC > Parts > Capacitors,20.25,false
WEB-831162,Thermaxis Pioneer Scroll 42K BTU R-410A Compressor,Thermaxis,TX-69971-E,HVAC > Parts > Compressors,629.41,true
WEB-823213,Bluepeak Pioneer 3 Pole 40 Amp 240V Coil Contactor,Bluepeak,BP-23822-E,HVAC > Parts > Contactors,58.19,true
WEB-894479,Bluepeak Zephyr 1 Pole 40 Amp 120V Coil Contactor,Bluepeak,BP-97888-K,HVAC > Parts > Contactors,83.81,true
WEB-415609,Heliotemp Delta R-22 20 lb Cylinder Refrigerant,Heliotemp,HT-84050-G,HVAC > Supplies > Refrigerant,295.35,true
WEB-847717,Corvane Ember 50/3 MFD 440V Capacitor,Corvane,CV-32105-C,HVAC > Parts > Capacitors,56.76,true
WEB-650203,Corvane Lumen R-32 20 lb Cylinder Refrigerant,Corvane Inc.,CV-75781-B,HVAC > Supplies > Refrigerant,116.68,true
WEB-922216,Heliotemp Keystone 1 Pole 30 Amp 24V Coil Contactor,Heliotemp,HT-64864-G,HVAC > Parts > Contactors,72.58,true
WEB-270925,Corvane Ember 3.5 Ton Horizontal Air Handler,Corvane,CV-18453-A,HVAC > Equipment > Air Handlers,1455.12,false
WEB-700276,Northwind Comfort Keystone 5 Ton Horizontal Air Handler,Northwind Comfort,NW-28756-E,HVAC > Equipment > Air Handlers,1374.84,true
WEB-785334,Thermaxis Sable Scroll 24K BTU R-410A Compressor,Thermaxis,TX-87606-K,HVAC > Parts > Compressors,1168.64,true
WEB-980673,Corvane Tundra 20x25x2 MERV 13 Filter,Corvane,CV-82898-E,HVAC > Supplies > Filters,51.17,true
WEB-221407,Arcticline Summit 3/8 x 7/8 50 ft Line Set,Arcticline,AL-56870-D,HVAC > Supplies > Line Sets,284.65,true
WEB-342008,Northwind Comfort Juniper Smart Wi-Fi 1H/1C Thermostat,Northwind Comfort,NW-93977-D,HVAC > Controls > Thermostats,321.77,true
WEB-209179,Bluepeak Lumen Scroll 18K BTU R-454B Compressor,Bluepeak,BP-38438-A,HVAC > Parts > Compressors,1017.60,true
WEB-801904,Northwind Comfort Ember Duct Temp 20K Sensor,Northwind Comfort,NW-84853-B,HVAC > Controls > Sensors,57.43,true
WEB-325028,Bluepeak Atlas 20x25x2 MERV 11 Filter,Bluepeak,BP-27510-D,HVAC > Supplies > Filters,33.33,true
WEB-541639,Thermaxis Harbor Duct Temp 20K Sensor,Thermaxis,TX-77636-G,HVAC > Controls > Sensors,151.59,true
WEB-104223,Thermaxis Atlas Scroll 18K BTU R-410A Compressor,Thermaxis,TX-11384-J,HVAC > Parts > Compressors,1841.20,true
WEB-886262,Corvane Quarry 3 Pole 30 Amp 24V Coil Contactor,Corvane,CV-79707-E,HVAC > Parts > Contactors,47.54,true
WEB-934364,Bluepeak Quarry 1.5 Ton 15 SEER Condenser,Bluepeak,BP-32963-H,HVAC > Equipment > Condensers,4039.50,true
WEB-583890,Arcticline Vector Programmable 3H/2C Thermostat,Arcticline,AL-37148-B,HVAC > Controls > Thermostats,166.20,true
WEB-947265,Bluepeak Granite Duct Temp 20K Sensor,Bluepeak,BP-78224-C,HVAC > Controls > Sensors,128.52,false
WEB-841767,Arcticline Sterling 1 Pole 30 Amp 24V Coil Contactor,Arcticline,AL-17645-B,HVAC > Parts > Contactors,118.60,true
WEB-516831,Northwind Comfort Pioneer 3.5 Ton 16 SEER Heat Pump,Northwind Comfort,NW-96349-B,HVAC > Equipment > Heat Pumps,4114.05,true
WEB-635168,Bluepeak Trident 60K BTU 97% AFUE Furnace,Bluepeak,BP-96261-J,HVAC > Equipment > Furnaces,2616.74,true
WEB-671332,Heliotemp Zephyr 1 Pole 40 Amp 240V Coil Contactor,Heliotemp,HT-34157-C,HVAC > Parts > Contactors,30.16,true
WEB-373768,Northwind Comfort Summit 55/7.5 MFD 370V Capacitor,Northwind Comfort,NW-30847-B,HVAC > Parts > Capacitors,28.39,true
WEB-150207,Corvane Juniper 16x20x4 MERV 13 Filter,Corvane,CV-30522-J,HVAC > Supplies > Filters,54.69,true
WEB-795377,Arcticline Cascade 5 Ton 20 SEER Heat Pump,Arcticline,AL-21458-F,HVAC > Equipment > Heat Pumps,2085.17,true
WEB-325596,Arcticline Orion 3 Ton 18 SEER Heat Pump,Arcticline,AL-94132-J,HVAC > Equipment > Heat Pumps,2175.26,true
WEB-188389,Bluepeak Vector 1/4 x 3/8 25 ft Line Set,Bluepeak,BP-42609-A,HVAC > Supplies > Line Sets,97.64,true
WEB-843736,Ridgeway Air Sterling 1 Pole 30 Amp 240V Coil Contactor,Ridgeway Air,RW-77703-C,HVAC > Parts > Contactors,71.05,true
WEB-984433,Northwind Comfort Trident R-32 10 lb Cylinder Refrigerant,Northwind Comfort Inc,NW-98836-A,HVAC > Supplies > Refrigerant,135.59,true
WEB-445543,Corvane Lumen 3 Pole 30 Amp 120V Coil Contactor,Corvane Inc.,CV-45420-F,HVAC > Parts > Contactors,80.37,true
WEB-756070,Corvane Cascade 1/4 HP 825 RPM Motor,Corvane,CV-98507-E,HVAC > Parts > Motors,214.32,true
WEB-794405,Corvane Juniper 16x20x4 MERV 11 Filter,Corvane,CV-97284-F,HVAC > Supplies > Filters,32.16,true
WEB-196676,Corvane Delta 20x25x1 MERV 8 Filter,Corvane Controls,CV-11083-K,HVAC > Supplies > Filters,52.52,true
WEB-178769,Arcticline Meridian 2 Ton 18 SEER Heat Pump,Arcticline,AL-48615-A,HVAC > Equipment > Heat Pumps,3296.82,true
WEB-466030,Thermaxis Vector 2 Pole 30 Amp 240V Coil Contactor,Thermaxis,TX-55295-C,HVAC > Parts > Contactors,76.06,false
WEB-905003,Corvane Delta Programmable 1H/1C Thermostat,Corvane,CV-25859-G,HVAC > Controls > Thermostats,70.54,true
WEB-296675,Corvane Delta 2.5 Ton 20 SEER Heat Pump,Corvane,CV-94946-B,HVAC > Equipment > Heat Pumps,2515.69,true
WEB-449102,Thermaxis Meridian 1/4 HP 825 RPM Motor,Thermaxis,TX-90272-D,HVAC > Parts > Motors,387.71,true
WEB-391277,Heliotemp Meridian Duct Temp 20K Sensor,Heliotemp,HT-19399-H,HVAC > Controls > Sensors,133.89,true
WEB-964302,Northwind Comfort Sterling R-22 25 lb Cylinder Refrigerant,Northwind Comfort,NW-69797-F,HVAC > Supplies > Refrigerant,280.78,true
WEB-327556,Corvane Tundra 2.5 Ton 15 SEER Heat Pump,Corvane,CV-96471-D,HVAC > Equipment > Heat Pumps,3056.62,true
WEB-849139,Bluepeak Harbor 1.5 Ton 15 SEER Condenser,Bluepeak,BP-33391-A,HVAC > Equipment > Condensers,1627.29,true
WEB-120515,Northwind Comfort Pioneer 1.5 Ton 16 SEER Condenser,Northwind Comfort,NW-87353-F,HVAC > Equipment > Condensers,4676.36,true
WEB-609968,Bluepeak Meridian R-454B 30 lb Cylinder Refrigerant,BluePeak HVAC,BP-93525-F,HVAC > Supplies > Refrigerant,420.07,true
WEB-977333,Heliotemp Atlas 20x20x4 MERV 13 Filter,Heliotemp,HT-40184-D,HVAC > Supplies > Filters,35.70,true
WEB-695931,Ridgeway Air Lumen 45/3 MFD 440V Capacitor,Ridgeway Air,RW-61367-F,HVAC > Parts > Capacitors,37.03,true
WEB-236519,Northwind Comfort Harbor R-410A 10 lb Cylinder Refrigerant,Northwind Comfort,NW-35761-B,HVAC > Supplies > Refrigerant,586.12,true
WEB-721296,Arcticline Juniper 40K BTU 96% AFUE Furnace,Arcticline,AL-52795-H,HVAC > Equipment > Furnaces,3089.89,true
WEB-328261,Northwind Comfort Mesa Smart Wi-Fi 2H/2C Thermostat,Northwind Comfort,NW-60142-B,HVAC > Controls > Thermostats,210.07,true
WEB-541448,Arcticline Granite R-410A 20 lb Cylinder Refrigerant,Arcticline,AL-40484-K,HVAC > Supplies > Refrigerant,517.84,true
WEB-326405,Corvane Pioneer 1/3 HP 1075 RPM Motor,Corvane,CV-29259-A,HVAC > Parts > Motors,339.81,true
WEB-593323,Corvane Harbor 120K BTU 80% AFUE Furnace,Corvane,CV-17822-G,HVAC > Equipment > Furnaces,2072.03,true
WEB-237541,Thermaxis Sterling Scroll 42K BTU R-454B Compressor,Thermaxis,TX-83720-F,HVAC > Parts > Compressors,2028.41,true
WEB-197341,Northwind Comfort Orion 20x25x4 MERV 8 Filter,N/W Comfort,NW-23034-B,HVAC > Supplies > Filters,21.50,true
WEB-375182,Arcticline Trident Humidity 10K Sensor,Arcticline,AL-36913-E,HVAC > Controls > Sensors,114.14,true
WEB-468297,Northwind Comfort Vector 3.5 Ton 14 SEER Heat Pump,Northwind Comfort,NW-28578-J,HVAC > Equipment > Heat Pumps,2589.55,true
WEB-715634,Heliotemp Zephyr 3 Pole 40 Amp 120V Coil Contactor,Heliotemp,HT-14627-F,HVAC > Parts > Contactors,48.45,true
WEB-847685,Corvane Mesa 1 HP 1625 RPM Motor,Corvane,CV-71665-F,HVAC > Parts > Motors,519.37,true
WEB-285601,Corvane Sterling Humidity 10K Sensor,Corvane,CV-77314-D,HVAC > Controls > Sensors,118.13,true
WEB-332584,Northwind Comfort Sterling 3.5 Ton Multi-Position Air Handler,Northwind Comfort Inc,NW-76004-G,HVAC > Equipment > Air Handlers,1438.44,true
WEB-772115,Thermaxis Pioneer 1/6 HP 1075 RPM Motor,Thermaxis,TX-60107-B,HVAC > Parts > Motors,177.12,true
WEB-135573,Ridgeway Air Sable 1/2 HP 825 RPM Motor,Ridgeway Air,RW-84648-C,HVAC > Parts > Motors,366.18,true
WEB-313910,Heliotemp Trident 20x20x4 MERV 13 Filter,Heliotemp,HT-83550-F,HVAC > Supplies > Filters,17.98,true
WEB-152593,Northwind Comfort Juniper R-410A 30 lb Cylinder Refrigerant,Northwind Comfort,NW-34813-G,HVAC > Supplies > Refrigerant,321.12,true
WEB-152069,Ridgeway Air Quarry Scroll 18K BTU R-410A Compressor,Ridgeway Air,RW-44667-G,HVAC > Parts > Compressors,819.55,true
WEB-514466,Arcticline Trident Non-Programmable 1H/1C Thermostat,Arcticline,AL-88745-B,HVAC > Controls > Thermostats,185.48,true
WEB-982747,Corvane Ember 120K BTU 97% AFUE Furnace,Corvane,CV-62566-C,HVAC > Equipment > Furnaces,3839.50,true
WEB-299606,Ridgeway Air Mesa Scroll 48K BTU R-410A Compressor,Ridgeway Air,RW-54035-E,HVAC > Parts > Compressors,1504.37,true
WEB-781486,Thermaxis Beacon 1/3 HP 1625 RPM Motor,Thermaxis,TX-99345-D,HVAC > Parts > Motors,527.96,true
WEB-798879,Heliotemp Lumen 3/8 x 3/4 50 ft Line Set,Heliotemp,HT-98719-C,HVAC > Supplies > Line Sets,127.94,true
WEB-855727,Bluepeak Tundra 3/8 x 7/8 35 ft Line Set,Bluepeak,BP-60017-E,HVAC > Supplies > Line Sets,295.60,true
WEB-976029,Corvane Trident R-32 20 lb Cylinder Refrigerant,Corvane,CV-75887-F,HVAC > Supplies > Refrigerant,346.51,true
WEB-692595,Heliotemp Juniper 1 Pole 30 Amp 24V Coil Contactor,Heliotemp,HT-80096-J,HVAC > Parts > Contactors,44.51,true
WEB-186493,Bluepeak Falcon 2 Ton 14 SEER Condenser,Bluepeak,BP-14580-A,HVAC > Equipment > Condensers,2003.27,true
WEB-303767,Bluepeak Sterling 1 HP 1075 RPM Motor,Bluepeak,BP-23310-D,HVAC > Parts > Motors,523.94,true
WEB-873125,Corvane Atlas 120K BTU 92% AFUE Furnace,Corvane,CV-32430-E,HVAC > Equipment > Furnaces,2566.96,true
WEB-223023,Arcticline Cascade R-32 25 lb Cylinder Refrigerant,Arcticline,AL-59176-H,HVAC > Supplies > Refrigerant,471.00,true
WEB-679074,Arcticline Quarry R-32 25 lb Cylinder Refrigerant,Arcticline,AL-53905-D,HVAC > Supplies > Refrigerant,269.78,true
WEB-856327,Heliotemp Lumen 3/4 HP 825 RPM Motor,Heliotemp,HT-27459-E,HVAC > Parts > Motors,305.78,true
WEB-868896,Heliotemp Cascade Scroll 48K BTU R-454B Compressor,Heliotemp,HT-20082-F,HVAC > Parts > Compressors,1481.90,true
WEB-968548,Ridgeway Air Granite 45/7.5 MFD 440V Capacitor,Ridgeway Air,RW-91298-E,HVAC > Parts > Capacitors,44.55,true
WEB-891081,Northwind Comfort Pioneer CO2 20K Sensor,Northwind Comfort,NW-37455-F,HVAC > Controls > Sensors,110.62,true
WEB-540591,Arcticline Harbor R-454B 10 lb Cylinder Refrigerant,Arctic Line,AL-98027-F,HVAC > Supplies > Refrigerant,320.00,true
WEB-854798,Heliotemp Lumen 1 Pole 30 Amp 24V Coil Contactor,Heliotemp,HT-48238-D,HVAC > Parts > Contactors,86.50,true
WEB-290553,Heliotemp Delta 1/6 HP 1075 RPM Motor,Heliotemp,HT-12219-F,HVAC > Parts > Motors,476.45,true
WEB-419041,Ridgeway Air Vector 45/3 MFD 370V Capacitor,Ridgeway Air,RW-65747-B,HVAC > Parts > Capacitors,29.76,true
WEB-788450,Corvane Harbor 2 Ton 16 SEER Condenser,Corvane,CV-79588-A,HVAC > Equipment > Condensers,3618.98,true
WEB-491607,Thermaxis Quarry Programmable 3H/2C Thermostat,Thermaxis,TX-68167-G,HVAC > Controls > Thermostats,303.63,true
WEB-938930,Thermaxis Orion 60/10 MFD 370V Capacitor,Thermaxis,TX-98317-J,HVAC > Parts > Capacitors,63.87,true
WEB-911256,Ridgeway Air Trident R-22 25 lb Cylinder Refrigerant,Ridgeway Air,RW-27944-E,HVAC > Supplies > Refrigerant,424.05,true
WEB-436482,Ridgeway Air Tundra Humidity 20K Sensor,Ridgeway Air,RW-70879-A,HVAC > Controls > Sensors,69.43,true
WEB-197935,Corvane Sterling Scroll 30K BTU R-410A Compressor,Corvane,CV-87375-E,HVAC > Parts > Compressors,1542.12,true
WEB-285702,Thermaxis Harbor Outdoor Temp 4-20mA Sensor,Thermaxis LLC,TX-45443-G,HVAC > Controls > Sensors,16.66,true
WEB-911436,Heliotemp Harbor Smart Wi-Fi 1H/1C Thermostat,Heliotemp,HT-23345-E,HVAC > Controls > Thermostats,343.26,true
WEB-202849,Arcticline Delta 3/8 x 3/4 25 ft Line Set,Arcticline,AL-29121-F,HVAC > Supplies > Line Sets,180.13,true
WEB-508735,Ridgeway Air Trident 3 Pole 30 Amp 24V Coil Contactor,Ridgeway Air,RW-49811-K,HVAC > Parts > Contactors,75.21,true
WEB-502343,Northwind Comfort Sterling 1/2 HP 1075 RPM Motor,Northwind Comfort,NW-63829-C,HVAC > Parts > Motors,297.77,true
WEB-135323,Bluepeak Orion 1 Pole 30 Amp 240V Coil Contactor,Bluepeak,BP-64828-J,HVAC > Parts > Contactors,58.33,true
WEB-610843,Heliotemp Mesa Programmable 2H/2C Thermostat,Heliotemp Corp,HT-58562-H,HVAC > Controls > Thermostats,268.00,true
WEB-886810,Ridgeway Air Zephyr R-454B 10 lb Cylinder Refrigerant,Ridgeway Air,RW-75242-B,HVAC > Supplies > Refrigerant,636.52,true
WEB-380047,Bluepeak Summit 3.5 Ton Horizontal Air Handler,Bluepeak,BP-98162-H,HVAC > Equipment > Air Handlers,2411.10,true
WEB-558628,Heliotemp Pioneer 1.5 Ton 14 SEER Condenser,Heliotemp Corp,HT-25105-A,HVAC > Equipment > Condensers,3645.58,false
WEB-396047,Heliotemp Harbor Humidity 4-20mA Sensor,Heliotemp,HT-25218-K,HVAC > Controls > Sensors,80.02,true
WEB-523159,Corvane Delta Scroll 18K BTU R-410A Compressor,Corvane,CV-19782-K,HVAC > Parts > Compressors,928.03,true
WEB-395569,Arcticline Summit R-22 10 lb Cylinder Refrigerant,Arcticline,AL-14437-K,HVAC > Supplies > Refrigerant,367.61,true
WEB-262225,Thermaxis Tundra Smart Wi-Fi 2H/2C Thermostat,Thermaxis,TX-65307-F,HVAC > Controls > Thermostats,224.16,true
WEB-348704,Arcticline Falcon 2.5 Ton 20 SEER Heat Pump,Arcticline,AL-51709-C,HVAC > Equipment > Heat Pumps,4165.72,true
WEB-155463,Heliotemp Pioneer 1 Pole 30 Amp 240V Coil Contactor,Heliotemp,HT-50282-F,HVAC > Parts > Contactors,72.06,true
WEB-983661,Bluepeak Ember 4 Ton Upflow Air Handler,Bluepeak,BP-22204-C,HVAC > Equipment > Air Handlers,1631.12,true
WEB-377429,Bluepeak Pioneer Programmable 2H/2C Thermostat,Bluepeak,BP-70196-F,HVAC > Controls > Thermostats,421.61,true
WEB-176771,Arcticline Atlas 1 Pole 30 Amp 240V Coil Contactor,Arcticline,AL-67098-F,HVAC > Parts > Contactors,96.43,true
WEB-941169,Thermaxis Falcon R-410A 30 lb Cylinder Refrigerant,Thermaxis,TX-86002-H,HVAC > Supplies > Refrigerant,469.03,true
WEB-941800,Corvane Keystone 2 Pole 50 Amp 24V Coil Contactor,Corvane,CV-57549-G,HVAC > Parts > Contactors,44.83,true
WEB-452387,Northwind Comfort Cascade 1.5 Ton 15 SEER Heat Pump,N/W Comfort,NW-78609-D,HVAC > Equipment > Heat Pumps,2187.12,true
WEB-435833,Arcticline Tundra 3 Ton 15 SEER Heat Pump,Arctic Line,AL-37895-C,HVAC > Equipment > Heat Pumps,3649.46,true
WEB-704691,Corvane Juniper 4 Ton Horizontal Air Handler,Corvane,CV-10865-C,HVAC > Equipment > Air Handlers,2948.44,true
WEB-165746,Bluepeak Atlas 2 Pole 50 Amp 24V Coil Contactor,Bluepeak,BP-71029-H,HVAC > Parts > Contactors,53.30,true
WEB-535576,Bluepeak Vector 3/8 x 7/8 25 ft Line Set,Bluepeak,BP-28952-A,HVAC > Supplies > Line Sets,98.50,true
WEB-186577,Northwind Comfort Meridian 3.5 Ton 15 SEER Heat Pump,Northwind Comfort,NW-53119-J,HVAC > Equipment > Heat Pumps,5311.97,false
WEB-678296,Arcticline Apex 2 Pole 50 Amp 120V Coil Contactor,Arcticline Mfg,AL-28410-A,HVAC > Parts > Contactors,84.46,true
WEB-678347,Corvane Apex 3/8 x 3/4 35 ft Line Set,Corvane,CV-16851-F,HVAC > Supplies > Line Sets,301.26,true
WEB-512277,Ridgeway Air Pioneer Programmable 2H/2C Thermostat,Ridgeway Air,RW-95236-C,HVAC > Controls > Thermostats,220.70,true
WEB-972688,Bluepeak Harbor R-410A 30 lb Cylinder Refrigerant,Bluepeak,BP-87960-F,HVAC > Supplies > Refrigerant,222.34,true
WEB-640825,Ridgeway Air Keystone 60/3 MFD 440V Capacitor,Ridgeway Air,RW-44612-J,HVAC > Parts > Capacitors,62.89,true
WEB-713959,Heliotemp Ember 20x25x2 MERV 8 Filter,Heliotemp,HT-61220-C,HVAC > Supplies > Filters,44.41,true
WEB-710602,Heliotemp Vector 2 Ton 16 SEER Condenser,Heliotemp,HT-95139-C,HVAC > Equipment > Condensers,1805.00,true
WEB-255509,Heliotemp Harbor 1/3 HP 825 RPM Motor,Heliotemp,HT-43684-E,HVAC > Parts > Motors,651.85,true
WEB-971099,Northwind Comfort Trident 40/5 MFD 440V Capacitor,Northwind Comfort,NW-63510-D,HVAC > Parts > Capacitors,86.55,true
WEB-832911,Northwind Comfort Tundra R-410A 25 lb Cylinder Refrigerant,Northwind Comfort,NW-32081-B,HVAC > Supplies > Refrigerant,256.24,true
WEB-548234,Arcticline Apex 5 Ton 20 SEER Heat Pump,Arcticline,AL-63246-A,HVAC > Equipment > Heat Pumps,5236.42,false
WEB-823532,Arcticline Sterling 1 Pole 50 Amp 120V Coil Contactor,Arcticline,AL-34501-G,HVAC > Parts > Contactors,53.28,true
WEB-521977,Arcticline Orion 2.5 Ton Horizontal Air Handler,Arcticline,AL-36578-C,HVAC > Equipment > Air Handlers,2601.56,true
WEB-300011,Northwind Comfort Zephyr Duct Temp 10K Sensor,Northwind Comfort,NW-11687-B,HVAC > Controls > Sensors,50.87,true
WEB-395517,Thermaxis Meridian 2 Pole 40 Amp 24V Coil Contactor,Thermaxis,TX-75566-A,HVAC > Parts > Contactors,64.13,true
WEB-589552,Ridgeway Air Trident 3 Pole 30 Amp 240V Coil Contactor,Ridgeway Air,RW-47513-H,HVAC > Parts > Contactors,24.06,true
WEB-195131,Corvane Harbor 100K BTU 97% AFUE Furnace,Corvane,CV-72966-H,HVAC > Equipment > Furnaces,1934.13,true
WEB-549993,Ridgeway Air Keystone 16x20x1 MERV 8 Filter,Ridgeway Air,RW-79496-E,HVAC > Supplies > Filters,17.94,true
WEB-634214,Bluepeak Granite Scroll 60K BTU R-410A Compressor,Bluepeak,BP-53986-H,HVAC > Parts > Compressors,2064.70,true
WEB-404390,Thermaxis Sable 4 Ton 20 SEER Condenser,Thermaxis LLC,TX-10512-E,HVAC > Equipment > Condensers,2799.62,true
WEB-287716,Northwind Comfort Harbor 4 Ton 15 SEER Heat Pump,Northwind Comfort,NW-98147-H,HVAC > Equipment > Heat Pumps,4540.99,true
WEB-974596,Corvane Beacon 80K BTU 96% AFUE Furnace,Corvane,CV-29749-H,HVAC > Equipment > Furnaces,1432.94,true
WEB-947517,Ridgeway Air Lumen 2.5 Ton 16 SEER Condenser,Ridgeway Air,RW-82614-A,HVAC > Equipment > Condensers,5249.32,true
WEB-660234,Ridgeway Air Orion 1/4 HP 1075 RPM Motor,Ridgeway Air,RW-80118-E,HVAC > Parts > Motors,247.43,true
WEB-666557,Heliotemp Pioneer Non-Programmable 2H/2C Thermostat,Heliotemp,HT-32180-B,HVAC > Controls > Thermostats,221.50,true
WEB-782417,Heliotemp Juniper R-454B 30 lb Cylinder Refrigerant,Heliotemp Corp,HT-17405-G,HVAC > Supplies > Refrigerant,200.44,true
WEB-495387,Ridgeway Air Pioneer 5 Ton Horizontal Air Handler,Ridgeway Air,RW-51345-J,HVAC > Equipment > Air Handlers,2087.02,true
WEB-513425,Heliotemp Zephyr 1 Pole 50 Amp 120V Coil Contactor,Helio-Temp,HT-12726-C,HVAC > Parts > Contactors,112.95,true
WEB-277982,Northwind Comfort Delta 16x20x4 MERV 13 Filter,Northwind Comfort,NW-67143-J,HVAC > Supplies > Filters,16.01,true
WEB-885160,Northwind Comfort Granite 60/5 MFD 370V Capacitor,Northwind Comfort,NW-81647-C,HVAC > Parts > Capacitors,41.79,true
WEB-268919,Thermaxis Cascade 100K BTU 97% AFUE Furnace,Thermaxis,TX-71405-B,HVAC > Equipment > Furnaces,2678.48,true
WEB-642937,Arcticline Juniper 50/10 MFD 440V Capacitor,Arcticline Mfg,AL-11519-J,HVAC > Parts > Capacitors,44.92,true
WEB-690133,Thermaxis Tundra 20x25x2 MERV 13 Filter,Thermaxis,TX-45009-J,HVAC > Supplies > Filters,26.31,true
WEB-208849,Heliotemp Delta 1 Pole 40 Amp 240V Coil Contactor,Heliotemp,HT-53956-A,HVAC > Parts > Contactors,47.45,true
WEB-787459,Corvane Granite 3 Pole 40 Amp 120V Coil Contactor,Corvane Inc.,CV-45054-B,HVAC > Parts > Contactors,99.82,true
WEB-757032,Ridgeway Air Atlas 2 Ton Multi-Position Air Handler,Ridgeway Air,RW-46556-J,HVAC > Equipment > Air Handlers,1964.80,true
WEB-359188,Northwind Comfort Cascade 3.5 Ton Horizontal Air Handler,Northwind Comfort Inc,NW-19301-C,HVAC > Equipment > Air Handlers,2341.12,true
WEB-109748,Arcticline Vector 3 Pole 30 Amp 240V Coil Contactor,Arcticline,AL-66576-D,HVAC > Parts > Contactors,19.31,true
WEB-256962,Northwind Comfort Pioneer R-32 20 lb Cylinder Refrigerant,Northwind Comfort,NW-30205-G,HVAC > Supplies > Refrigerant,528.10,true
WEB-546147,Arcticline Granite 1/4 x 3/8 50 ft Line Set,Arcticline,AL-22459-K,HVAC > Supplies > Line Sets,305.09,true
WEB-774457,Heliotemp Atlas 1/4 x 3/8 25 ft Line Set,Heliotemp,HT-21522-E,HVAC > Supplies > Line Sets,260.63,false
WEB-759535,Northwind Comfort Tundra 2.5 Ton 14 SEER Condenser,Northwind Comfort,NW-21208-E,HVAC > Equipment > Condensers,2863.28,true
WEB-734621,Heliotemp Juniper Scroll 30K BTU R-410A Compressor,Heliotemp,HT-13498-G,HVAC > Parts > Compressors,779.00,true
WEB-120332,Arcticline Vector 50/3 MFD 370V Capacitor,Arcticline,AL-98347-E,HVAC > Parts > Capacitors,14.10,true
WEB-560063,Northwind Comfort Apex 20x25x2 MERV 8 Filter,Northwind Comfort,NW-24825-K,HVAC > Supplies > Filters,10.10,true
WEB-464118,Heliotemp Summit 3 Ton Horizontal Air Handler,Heliotemp,HT-96980-F,HVAC > Equipment > Air Handlers,2671.07,true
WEB-603654,Arcticline Meridian 80K BTU 96% AFUE Furnace,Arcticline,AL-37449-B,HVAC > Equipment > Furnaces,1152.82,true
WEB-664181,Corvane Meridian 3.5 Ton 16 SEER Heat Pump,Corvane,CV-70978-G,HVAC > Equipment > Heat Pumps,5055.25,true
WEB-535948,Northwind Comfort Tundra 45/5 MFD 370V Capacitor,Northwind Comfort,NW-15249-G,HVAC > Parts > Capacitors,62.61,true
WEB-996523,Ridgeway Air Pioneer R-22 25 lb Cylinder Refrigerant,Ridgeway Air,RW-19822-B,HVAC > Supplies > Refrigerant,438.08,true
WEB-669832,Ridgeway Air Delta 1 Pole 50 Amp 120V Coil Contactor,Ridgeway Air,RW-67951-F,HVAC > Parts > Contactors,23.99,true
WEB-393455,Corvane Beacon Smart Wi-Fi 3H/2C Thermostat,Corvane,CV-74661-A,HVAC > Controls > Thermostats,129.11,true
WEB-900569,Heliotemp Harbor 3 Pole 50 Amp 240V Coil Contactor,Heliotemp,HT-98505-E,HVAC > Parts > Contactors,116.90,false
WEB-763118,Arcticline Pioneer 1/4 x 3/8 35 ft Line Set,Arcticline,AL-81936-F,HVAC > Supplies > Line Sets,312.86,true
WEB-857629,Thermaxis Quarry 3/8 x 3/4 25 ft Line Set,Thermaxis,TX-71451-B,HVAC > Supplies > Line Sets,216.71,true
WEB-322397,Bluepeak Quarry 3/8 x 3/4 15 ft Line Set,BLUEPEAK,BP-90425-C,HVAC > Supplies > Line Sets,143.00,true
WEB-457303,Corvane Ember Smart Wi-Fi 1H/1C Thermostat,Corvane,CV-62690-E,HVAC > Controls > Thermostats,233.81,true
WEB-536441,Bluepeak Vector Scroll 18K BTU R-454B Compressor,Bluepeak,BP-78039-K,HVAC > Parts > Compressors,735.77,true
WEB-357638,Arcticline Falcon 20x25x4 MERV 8 Filter,Arcticline,AL-34031-A,HVAC > Supplies > Filters,47.93,true
WEB-238544,Northwind Comfort Quarry 2 Pole 30 Amp 24V Coil Contactor,Northwind Comfort,NW-48770-H,HVAC > Parts > Contactors,71.84,true
WEB-366544,Bluepeak Sable 2 Ton 20 SEER Heat Pump,Bluepeak,BP-91870-A,HVAC > Equipment > Heat Pumps,2578.47,true
WEB-366872,Bluepeak Apex Programmable 3H/2C Thermostat,Bluepeak,BP-60679-D,HVAC > Controls > Thermostats,256.49,true
WEB-226483,Northwind Comfort Ember 20x20x1 MERV 8 Filter,N/W Comfort,NW-76831-C,HVAC > Supplies > Filters,52.56,true
WEB-156163,Bluepeak Falcon 3/4 HP 1075 RPM Motor,Bluepeak,BP-98221-E,HVAC > Parts > Motors,319.09,true
WEB-172064,Ridgeway Air Lumen 4 Ton 18 SEER Heat Pump,Ridgeway Air,RW-35729-A,HVAC > Equipment > Heat Pumps,4358.69,true
WEB-420839,Bluepeak Orion Duct Temp 20K Sensor,Bluepeak,BP-90416-E,HVAC > Controls > Sensors,159.63,true
WEB-120886,Corvane Zephyr 20x20x2 MERV 11 Filter,Corvane,CV-27608-D,HVAC > Supplies > Filters,28.68,true
WEB-822333,Corvane Atlas 3 Pole 40 Amp 24V Coil Contactor,Corvane,CV-32400-B,HVAC > Parts > Contactors,38.15,true
WEB-374898,Arcticline Beacon Scroll 48K BTU R-454B Compressor,Arcticline,AL-95622-H,HVAC > Parts > Compressors,1279.17,true
WEB-206672,Northwind Comfort Granite 1/4 HP 825 RPM Motor,Northwind Comfort,NW-50893-E,HVAC > Parts > Motors,409.39,false
WEB-792083,Thermaxis Cascade Duct Temp 4-20mA Sensor,Thermaxis,TX7-7045-A,HVAC > Controls > Sensors,112.61,true
WEB-125054,Corvane Falcon 5 Ton 16 SEER Condenser,Corvane,CV-81485-G,HVAC > Equipment > Condensers,3441.67,true
WEB-701558,Arcticline Harbor 3 Pole 30 Amp 24V Coil Contactor,Arcticline,AL-52015-J,HVAC > Parts > Contactors,38.10,true
WEB-546801,Bluepeak Cascade 3.5 Ton 15 SEER Condenser,Bluepeak,BP-24188-D,HVAC > Equipment > Condensers,1996.04,true
WEB-768717,Northwind Comfort Cascade 2.5 Ton 15 SEER Condenser,Northwind Comfort,NW-78612-H,HVAC > Equipment > Condensers,2297.39,true
WEB-851495,Corvane Summit 4 Ton 18 SEER Heat Pump,Corvane,CV-25229-H,HVAC > Equipment > Heat Pumps,4671.02,true
WEB-416064,Heliotemp Tundra 3 Ton Horizontal Air Handler,Heliotemp,HT-58259-A,HVAC > Equipment > Air Handlers,2678.93,true
WEB-755180,Ridgeway Air Lumen Duct Temp 10K Sensor,Ridgeway Air,RW-42719-D,HVAC > Controls > Sensors,26.41,true
WEB-607086,Bluepeak Lumen 2.5 Ton 16 SEER Condenser,Bluepeak,BP-12541-K,HVAC > Equipment > Condensers,4835.83,true
WEB-348087,Arcticline Sterling Humidity 4-20mA Sensor,Arcticline,AL-84816-H,HVAC > Controls > Sensors,119.69,true
WEB-634067,Northwind Comfort Sterling 60/7.5 MFD 440V Capacitor,Northwind Comfort Inc,NW-40875-A,HVAC > Parts > Capacitors,12.99,true
WEB-144060,Heliotemp Orion Duct Temp 10K Sensor,Heliotemp,HT-90563-F,HVAC > Controls > Sensors,135.56,true
WEB-252384,Bluepeak Sterling Non-Programmable 1H/1C Thermostat,Bluepeak,BP-45071-B,HVAC > Controls > Thermostats,111.63,true
WEB-838427,Arcticline Apex 16x25x1 MERV 8 Filter,Arcticline,AL-88026-J,HVAC > Supplies > Filters,40.33,true
WEB-341563,Bluepeak Ember 1/6 HP 825 RPM Motor,Bluepeak,BP-52037-J,HVAC > Parts > Motors,118.73,false
WEB-353069,Arcticline Juniper 3.5 Ton 20 SEER Heat Pump,Arcticline,AL-28257-D,HVAC > Equipment > Heat Pumps,4361.18,true
WEB-115044,Northwind Comfort Cascade 40K BTU 80% AFUE Furnace,Northwind Comfort,NW-28395-J,HVAC > Equipment > Furnaces,2794.44,true
WEB-614894,Arcticline Orion 1 Pole 50 Amp 24V Coil Contactor,Arcticline,AL-13169-G,HVAC > Parts > Contactors,46.84,true
WEB-812288,Bluepeak Zephyr 3/8 x 7/8 25 ft Line Set,Blue Peak,B-P16256-K,HVAC > Supplies > Line Sets,298.13,true
WEB-261669,Ridgeway Air Atlas Smart Wi-Fi 1H/1C Thermostat,Ridgeway Air,RW-59346-G,HVAC > Controls > Thermostats,152.48,true
WEB-751452,Arcticline Mesa 20x25x1 MERV 11 Filter,Arcticline,AL-72411-D,HVAC > Supplies > Filters,35.82,true
WEB-483691,Northwind Comfort Summit 2 Ton 15 SEER Condenser,Northwind Comfort,NW-35599-D,HVAC > Equipment > Condensers,4944.34,true
WEB-657945,Arcticline Vector 100K BTU 92% AFUE Furnace,Arcticline,AL-39274-B,HVAC > Equipment > Furnaces,1661.43,true
WEB-963582,Arcticline Trident 3 Pole 30 Amp 240V Coil Contactor,Arcticline,AL-12469-J,HVAC > Parts > Contactors,73.38,true
WEB-593856,Corvane Meridian 20x20x4 MERV 8 Filter,Corvane,CV-76176-D,HVAC > Supplies > Filters,23.59,true
WEB-446220,Arcticline Orion Duct Temp 10K Sensor,Arcticline,AL-35954-K,HVAC > Controls > Sensors,92.33,true
WEB-755709,Corvane Trident 3/8 x 7/8 50 ft Line Set,Corvane,CV-58810-B,HVAC > Supplies > Line Sets,167.28,true
WEB-773603,Northwind Comfort Summit 1/4 x 3/8 50 ft Line Set,Northwind Comfort,NW-18491-E,HVAC > Supplies > Line Sets,161.00,true
WEB-290225,Northwind Comfort Orion 40/3 MFD 370V Capacitor,Northwind Comfort,NW-94402-D,HVAC > Parts > Capacitors,47.84,true
WEB-317670,Arcticline Mesa Outdoor Temp 4-20mA Sensor,Arcticline,AL-92871-E,HVAC > Controls > Sensors,97.33,true
WEB-393740,Bluepeak Quarry 20x20x1 MERV 13 Filter,Bluepeak,BP-81180-D,HVAC > Supplies > Filters,49.31,true
WEB-614722,Arcticline Falcon R-32 30 lb Cylinder Refrigerant,Arcticline,AL-28097-J,HVAC > Supplies > Refrigerant,177.85,true
WEB-705668,Northwind Comfort Quarry 2 Ton 18 SEER Heat Pump,N/W Comfort,NW-71913-D,HVAC > Equipment > Heat Pumps,4710.52,true
WEB-974742,Northwind Comfort Keystone Smart Wi-Fi 2H/2C Thermostat,Northwind Comfort,NW-62871-H,HVAC > Controls > Thermostats,355.51,true
WEB-862591,Ridgeway Air Ember 3/4 HP 1075 RPM Motor,Ridgeway Air,RW-97761-H,HVAC > Parts > Motors,285.65,true
WEB-555133,Ridgeway Air Keystone 100K BTU 92% AFUE Furnace,Ridgeway Air,RW-97534-D,HVAC > Equipment > Furnaces,1407.30,true
WEB-778692,Thermaxis Vector 80K BTU 96% AFUE Furnace,Thermaxis,TX-49678-E,HVAC > Equipment > Furnaces,3344.53,true
WEB-492877,Heliotemp Keystone 1 Pole 30 Amp 120V Coil Contactor,HELIOTEMP,HT-34619-H,HVAC > Parts > Contactors,36.68,true
WEB-393692,Corvane Atlas 5 Ton Multi-Position Air Handler,Corvane,CV-92417-F,HVAC > Equipment > Air Handlers,1081.70,false
WEB-186634,Arcticline Granite 16x20x4 MERV 8 Filter,Arcticline,AL-69071-G,HVAC > Supplies > Filters,35.98,true
WEB-816995,Thermaxis Sable Smart Wi-Fi 3H/2C Thermostat,Thermaxis,TX-83981-F,HVAC > Controls > Thermostats,170.67,true
WEB-983133,Ridgeway Air Sable 2 Ton 14 SEER Heat Pump,Ridgeway Air,RW-61169-D,HVAC > Equipment > Heat Pumps,3020.97,true
WEB-431793,Ridgeway Air Falcon 50/7.5 MFD 370V Capacitor,Ridgeway Air,RW-58198-C,HVAC > Parts > Capacitors,58.76,true
WEB-647089,Bluepeak Mesa 4 Ton Upflow Air Handler,Bluepeak,BP-54011-G,HVAC > Equipment > Air Handlers,1944.06,true
WEB-978292,Ridgeway Air Keystone R-22 10 lb Cylinder Refrigerant,Ridgeway Air,RW-36466-J,HVAC > Supplies > Refrigerant,579.54,true
WEB-405791,Heliotemp Trident R-22 10 lb Cylinder Refrigerant,Heliotemp,HT-60376-F,HVAC > Supplies > Refrigerant,365.27,false
WEB-579648,Bluepeak Sable R-410A 30 lb Cylinder Refrigerant,Bluepeak,BP-20412-C,HVAC > Supplies > Refrigerant,325.33,true
WEB-109831,Northwind Comfort Pioneer Non-Programmable 1H/1C Thermostat,Northwind Comfort,NW-60013-G,HVAC > Controls > Thermostats,315.04,true
WEB-961011,Thermaxis Cascade Scroll 42K BTU R-410A Compressor,Thermaxis,TX-96960-H,HVAC > Parts > Compressors,1392.81,true
WEB-692008,Corvane Tundra Scroll 60K BTU R-454B Compressor,Corvane,CV-85912-D,HVAC > Parts > Compressors,649.90,true
WEB-560172,Bluepeak Lumen 2 Pole 40 Amp 240V Coil Contactor,Blue Peak,BP-26087-C,HVAC > Parts > Contactors,24.99,true
WEB-336144,Arcticline Vector 20x25x2 MERV 8 Filter,Arcticline,AL-26655-B,HVAC > Supplies > Filters,10.63,true
WEB-330596,Thermaxis Cascade 60/10 MFD 440V Capacitor,Thermaxis LLC,TX-10988-A,HVAC > Parts > Capacitors,18.90,true
WEB-169705,Heliotemp Keystone Non-Programmable 2H/2C Thermostat,Heliotemp Corp,HT-12957-H,HVAC > Controls > Thermostats,187.57,true
WEB-640299,Corvane Keystone Scroll 42K BTU R-454B Compressor,Corvane,CV-32140-K,HVAC > Parts > Compressors,656.53,true
WEB-747323,Arcticline Harbor 100K BTU 92% AFUE Furnace,Arcticline,AL-78867-G,HVAC > Equipment > Furnaces,1074.25,true
WEB-373320,Thermaxis Summit 4 Ton Multi-Position Air Handler,Thermaxis,TX-33350-D,HVAC > Equipment > Air Handlers,1353.50,true
WEB-488126,Ridgeway Air Summit Non-Programmable 1H/1C Thermostat,Ridgeway Air,RW-36436-E,HVAC > Controls > Thermostats,307.53,true
WEB-113758,Thermaxis Lumen Duct Temp 10K Sensor,Thermaxis,TX-22415-A,HVAC > Controls > Sensors,103.40,true
WEB-401447,Corvane Quarry 3.5 Ton 18 SEER Heat Pump,Corvane,CV-67386-B,HVAC > Equipment > Heat Pumps,4487.12,true
WEB-804837,Heliotemp Sterling 5 Ton 20 SEER Condenser,Heliotemp,HT-20889-C,HVAC > Equipment > Condensers,2757.47,true
WEB-796705,Bluepeak Harbor 3 Ton 15 SEER Heat Pump,Bluepeak,BP-47038-D,HVAC > Equipment > Heat Pumps,1858.41,true
WEB-356013,Corvane Falcon R-454B 20 lb Cylinder Refrigerant,Corvane,CV-48118-A,HVAC > Supplies > Refrigerant,155.68,true
WEB-151341,Northwind Comfort Trident 40/10 MFD 370V Capacitor,Northwind Comfort,NW-26988-D,HVAC > Parts > Capacitors,74.85,true
WEB-421024,Ridgeway Air Pioneer R-410A 25 lb Cylinder Refrigerant,Ridgeway Air,RW-42004-B,HVAC > Supplies > Refrigerant,442.96,true
WEB-838740,Thermaxis Vector 3/8 x 3/4 25 ft Line Set,Thermaxis,TX-68961-K,HVAC > Supplies > Line Sets,219.27,false
WEB-380018,Northwind Comfort Zephyr 35/10 MFD 370V Capacitor,Northwind Comfort,NW-46286-K,HVAC > Parts > Capacitors,25.25,true
WEB-321405,Corvane Juniper 50/10 MFD 440V Capacitor,Corvane Controls,CV-41947-A,HVAC > Parts > Capacitors,58.10,true
WEB-822899,Bluepeak Meridian 1/4 x 3/8 50 ft Line Set,Bluepeak,BP-26894-E,HVAC > Supplies > Line Sets,185.14,true
WEB-668211,Heliotemp Orion 3/8 x 7/8 15 ft Line Set,Heliotemp,HT-39176-K,HVAC > Supplies > Line Sets,368.75,true
WEB-719015,Corvane Tundra 20x25x1 MERV 8 Filter,Corvane,CV-77200-G,HVAC > Supplies > Filters,35.46,true
WEB-634184,Ridgeway Air Cascade Non-Programmable 1H/1C Thermostat,Ridgeway Air,RW-45059-E,HVAC > Controls > Thermostats,360.79,true
WEB-800012,Heliotemp Beacon 20x20x4 MERV 13 Filter,Heliotemp,HT-54835-B,HVAC > Supplies > Filters,45.09,true
WEB-358483,Corvane Delta Programmable 3H/2C Thermostat,Corvane,CV-97209-J,HVAC > Controls > Thermostats,373.30,true
WEB-557624,Northwind Comfort Cascade R-454B 30 lb Cylinder Refrigerant,NORTHWIND,NW-25869-K,HVAC > Supplies > Refrigerant,489.79,true
WEB-582100,Bluepeak Lumen R-22 30 lb Cylinder Refrigerant,Bluepeak,BP-70849-F,HVAC > Supplies > Refrigerant,143.61,true
WEB-172088,Heliotemp Lumen 1 Pole 30 Amp 240V Coil Contactor,Heliotemp,HT-14323-G,HVAC > Parts > Contactors,24.11,true
WEB-627266,Heliotemp Granite 3.5 Ton 16 SEER Heat Pump,Heliotemp,HT-31572-E,HVAC > Equipment > Heat Pumps,3757.72,true
WEB-462301,Corvane Delta 35/5 MFD 440V Capacitor,Corvane,CV-30963-D,HVAC > Parts > Capacitors,39.00,false
WEB-256039,Corvane Sable 40/7.5 MFD 440V Capacitor,Corvane,CV-48495-K,HVAC > Parts > Capacitors,54.23,true
WEB-322420,Ridgeway Air Falcon 5 Ton Horizontal Air Handler,Ridgeway Air,RW-68074-J,HVAC > Equipment > Air Handlers,1368.91,false
WEB-890098,Ridgeway Air Meridian 35/7.5 MFD 370V Capacitor,Ridgeway Air,RW-83292-H,HVAC > Parts > Capacitors,19.30,false
WEB-349940,Corvane Quarry 1/6 HP 1625 RPM Motor,Corvane,CV-38533-H,HVAC > Parts > Motors,246.11,true
WEB-469990,Arcticline Granite R-22 25 lb Cylinder Refrigerant,Arcticline Mfg,AL-25622-E,HVAC > Supplies > Refrigerant,127.52,true
WEB-638939,Arcticline Juniper 3 Ton 20 SEER Condenser,Arcticline,AL-28309-C,HVAC > Equipment > Condensers,3970.56,true
WEB-812995,Northwind Comfort Vector 100K BTU 96% AFUE Furnace,Northwind Comfort,NW-71404-H,HVAC > Equipment > Furnaces,3307.77,true
WEB-673917,Thermaxis Summit 16x25x4 MERV 11 Filter,Thermaxis,TX-92234-A,HVAC > Supplies > Filters,45.38,true
WEB-715888,Heliotemp Delta 4 Ton Multi-Position Air Handler,Heliotemp,HT-65575-C,HVAC > Equipment > Air Handlers,3241.83,true
WEB-772835,Northwind Comfort Keystone CO2 10K Sensor,Northwind Comfort Inc,NW-56461-K,HVAC > Controls > Sensors,102.21,true
WEB-949797,Arcticline Beacon 2.5 Ton 16 SEER Heat Pump,Arcticline,AL-88351-K,HVAC > Equipment > Heat Pumps,3704.10,true
WEB-262611,Northwind Comfort Beacon 5 Ton 16 SEER Heat Pump,Northwind Comfort,NW-67885-J,HVAC > Equipment > Heat Pumps,3464.81,true
WEB-441076,Corvane Summit 40/3 MFD 440V Capacitor,Corvane,CV-62355-D,HVAC > Parts > Capacitors,63.20,true
WEB-764223,Ridgeway Air Pioneer Scroll 18K BTU R-410A Compressor,Ridgeway Air,RW-85261-B,HVAC > Parts > Compressors,1711.76,true
WEB-971981,Ridgeway Air Beacon Scroll 60K BTU R-410A Compressor,Ridgeway Air,RW-43921-C,HVAC > Parts > Compressors,1440.09,true
WEB-494347,Thermaxis Granite 1 Pole 30 Amp 24V Coil Contactor,Thermaxis,TX-77030-C,HVAC > Parts > Contactors,33.26,true
WEB-194501,Arcticline Juniper 3.5 Ton 20 SEER Condenser,Arcticline,AL-17527-C,HVAC > Equipment > Condensers,4735.14,true
WEB-433996,Ridgeway Air Tundra R-22 20 lb Cylinder Refrigerant,Ridgeway Air,RW-36980-C,HVAC > Supplies > Refrigerant,383.24,true
WEB-535694,Thermaxis Mesa Programmable 1H/1C Thermostat,Thermaxis,TX-82724-K,HVAC > Controls > Thermostats,227.06,true
WEB-375116,Ridgeway Air Delta 1/4 HP 1625 RPM Motor,Ridgeway Air,RW-01122-F,HVAC > Parts > Motors,394.92,true
WEB-434190,Arcticline Falcon 5 Ton 18 SEER Heat Pump,Arcticline,AL-13766-B,HVAC > Equipment > Heat Pumps,3637.23,true
WEB-728629,Arcticline Vector 5 Ton Horizontal Air Handler,Arcticline Mfg,AL-81583-F,HVAC > Equipment > Air Handlers,2300.69,true
WEB-467949,Corvane Ember 3.5 Ton 15 SEER Condenser,Corvane,CV-51964-H,HVAC > Equipment > Condensers,3095.73,true
WEB-349625,Northwind Comfort Lumen 2.5 Ton 14 SEER Heat Pump,N/W Comfort,NW-14197-K,HVAC > Equipment > Heat Pumps,4978.63,true
WEB-527003,Arcticline Granite 1/4 x 3/8 25 ft Line Set,Arcticline Mfg,AL-36978-B,HVAC > Supplies > Line Sets,145.14,true
WEB-287101,Ridgeway Air Tundra 2 Ton Horizontal Air Handler,Ridgeway Air,RW-29072-C,HVAC > Equipment > Air Handlers,3501.94,true
WEB-212201,Bluepeak Trident 3 Ton 16 SEER Heat Pump,BLUEPEAK,BP-70402-J,HVAC > Equipment > Heat Pumps,2912.29,true
WEB-919921,Northwind Comfort Ember 1/4 x 3/8 35 ft Line Set,Northwind Comfort,NW-11783-J,HVAC > Supplies > Line Sets,321.46,true
WEB-681676,Arcticline Falcon Programmable 3H/2C Thermostat,Arcticline,AL-44218-F,HVAC > Controls > Thermostats,249.87,true
WEB-231931,Ridgeway Air Vector 2 Ton 18 SEER Condenser,Ridgeway Air,RW-27712-G,HVAC > Equipment > Condensers,2935.94,true
WEB-951511,Corvane Trident R-32 25 lb Cylinder Refrigerant,Corvane,CV-76702-C,HVAC > Supplies > Refrigerant,393.71,true
WEB-896012,Corvane Juniper Scroll 18K BTU R-454B Compressor,Corvane,CV-71222-C,HVAC > Parts > Compressors,1742.56,true
WEB-203513,Arcticline Trident 3 Ton 18 SEER Condenser,Arctic Line,AL-46528-E,HVAC > Equipment > Condensers,2433.76,false
WEB-818659,Thermaxis Lumen 80K BTU 97% AFUE Furnace,Thermaxis,TX-97931-G,HVAC > Equipment > Furnaces,2138.15,true
WEB-295290,Arcticline Cascade 20x20x2 MERV 8 Filter,Arcticline,AL-68558-A,HVAC > Supplies > Filters,53.50,true
WEB-385452,Arcticline Zephyr R-22 20 lb Cylinder Refrigerant,Arcticline,AL-63977-C,HVAC > Supplies > Refrigerant,461.13,true
WEB-397287,Thermaxis Keystone 1 Pole 30 Amp 240V Coil Contactor,Thermaxis,TX-98071-F,HVAC > Parts > Contactors,76.78,true
WEB-104462,Thermaxis Delta 1/4 HP 825 RPM Motor,Thermaxis,TX-85159-A,HVAC > Parts > Motors,575.35,true
WEB-833369,Thermaxis Zephyr 1 Pole 30 Amp 120V Coil Contactor,Thermaxis,TX-28024-A,HVAC > Parts > Contactors,124.59,true
WEB-407921,Corvane Orion R-32 25 lb Cylinder Refrigerant,Corvane,CV-80116-A,HVAC > Supplies > Refrigerant,178.88,false
WEB-963255,Northwind Comfort Meridian 3/8 x 3/4 15 ft Line Set,NORTHWIND,NW-69695-E,HVAC > Supplies > Line Sets,185.33,false
WEB-315702,Heliotemp Granite 4 Ton 20 SEER Heat Pump,Heliotemp,HT-98125-J,HVAC > Equipment > Heat Pumps,4295.49,true
WEB-390556,Thermaxis Sterling 1/2 HP 825 RPM Motor,Thermaxis,TX-70688-G,HVAC > Parts > Motors,453.94,true
WEB-294341,Ridgeway Air Meridian 3 Ton 16 SEER Heat Pump,Ridgeway Air,RW-52197-D,HVAC > Equipment > Heat Pumps,5755.43,true
WEB-505281,Northwind Comfort Harbor 5 Ton 16 SEER Condenser,Northwind Comfort,NW-58040-E,HVAC > Equipment > Condensers,5369.76,true
WEB-800981,Northwind Comfort Atlas Scroll 60K BTU R-454B Compressor,Northwind Comfort,NW-61972-F,HVAC > Parts > Compressors,1429.09,true
WEB-960498,Northwind Comfort Pioneer 1/2 HP 825 RPM Motor,Northwind Comfort,NW-61233-A,HVAC > Parts > Motors,233.97,true
WEB-863972,Heliotemp Vector Humidity 10K Sensor,Heliotemp,HT-57977-J,HVAC > Controls > Sensors,101.25,true
WEB-935094,Ridgeway Air Pioneer 3/8 x 3/4 50 ft Line Set,Ridgeway Air,RW-12387-F,HVAC > Supplies > Line Sets,265.50,true
WEB-763037,Corvane Meridian Scroll 42K BTU R-410A Compressor,Corvane,CV-58103-A,HVAC > Parts > Compressors,946.33,true
WEB-287188,Thermaxis Delta Scroll 36K BTU R-410A Compressor,Thermaxis,TX-9520-9A,HVAC > Parts > Compressors,1519.62,false
WEB-976169,Ridgeway Air Atlas 20x20x4 MERV 13 Filter,Ridgeway Air,RW-65199-F,HVAC > Supplies > Filters,28.71,true
WEB-297391,Northwind Comfort Trident 4 Ton 15 SEER Condenser,Northwind Comfort,NW-68572-E,HVAC > Equipment > Condensers,3484.51,true
WEB-549548,Corvane Atlas Scroll 18K BTU R-410A Compressor,Corvane,CV-66143-B,HVAC > Parts > Compressors,862.55,true
WEB-523678,Corvane Harbor 1/4 x 3/8 25 ft Line Set,Corvane Controls,CV-38521-K,HVAC > Supplies > Line Sets,221.90,true
WEB-696814,Heliotemp Vector 1/4 HP 1625 RPM Motor,Heliotemp Corp,HT-77033-H,HVAC > Parts > Motors,223.02,true
WEB-246823,Arcticline Tundra 55/5 MFD 440V Capacitor,Arcticline,AL-67727-G,HVAC > Parts > Capacitors,40.56,true
WEB-850597,Northwind Comfort Meridian 2.5 Ton Upflow Air Handler,Northwind Comfort,NW-52480-F,HVAC > Equipment > Air Handlers,2703.46,true
WEB-900622,Ridgeway Air Orion 1 HP 1625 RPM Motor,Ridgeway Air,RW-82256-F,HVAC > Parts > Motors,120.06,true
WEB-454703,Corvane Meridian 1/2 HP 1625 RPM Motor,Corvane Controls,CV-63242-H,HVAC > Parts > Motors,536.46,true
WEB-551819,Thermaxis Ember 3.5 Ton 14 SEER Heat Pump,Thermaxis,TX-88727-E,HVAC > Equipment > Heat Pumps,4994.33,true
WEB-409941,Northwind Comfort Cascade 2.5 Ton Multi-Position Air Handler,Northwind Comfort,NW-14446-K,HVAC > Equipment > Air Handlers,2449.99,true
WEB-685064,Northwind Comfort Zephyr 1 HP 825 RPM Motor,Northwind Comfort,NW-50439-E,HVAC > Parts > Motors,375.71,true
WEB-130874,Thermaxis Apex R-410A 25 lb Cylinder Refrigerant,Thermaxis,TX-47680-A,HVAC > Supplies > Refrigerant,300.78,true
WEB-603680,Bluepeak Keystone 2.5 Ton 18 SEER Heat Pump,Blue Peak,BP-59602-E,HVAC > Equipment > Heat Pumps,5126.81,true
WEB-233932,Ridgeway Air Juniper Programmable 2H/2C Thermostat,Ridgeway Air,RW-27950-H,HVAC > Controls > Thermostats,370.20,true
WEB-405816,Bluepeak Keystone 1/3 HP 1625 RPM Motor,Bluepeak,BP-34529-E,HVAC > Parts > Motors,236.10,true
WEB-109589,Ridgeway Air Apex 4 Ton Multi-Position Air Handler,Ridgeway Air,RW-53721-B,HVAC > Equipment > Air Handlers,2327.04,true
WEB-711712,Northwind Comfort Mesa Non-Programmable 2H/2C Thermostat,N/W Comfort,NW-39561-D,HVAC > Controls > Thermostats,153.56,true
WEB-836637,Ridgeway Air Delta Outdoor Temp 20K Sensor,Ridgeway Air,RW-50228-J,HVAC > Controls > Sensors,53.94,true
WEB-280558,Northwind Comfort Zephyr 55/10 MFD 440V Capacitor,Northwind Comfort,NW-13000-A,HVAC > Parts > Capacitors,49.00,true
WEB-320530,Corvane Beacon Humidity 10K Sensor,Corvane,CV-36735-K,HVAC > Controls > Sensors,94.59,true
WEB-925124,Bluepeak Sterling 4 Ton 15 SEER Condenser,Bluepeak,BP-56714-E,HVAC > Equipment > Condensers,1684.22,true
WEB-349882,Northwind Comfort Falcon Scroll 24K BTU R-454B Compressor,Northwind Comfort,NW-37829-A,HVAC > Parts > Compressors,1109.45,true
WEB-221685,Thermaxis Granite 2 Pole 50 Amp 24V Coil Contactor,Thermaxis,TX-80619-J,HVAC > Parts > Contactors,64.64,true
WEB-397313,Ridgeway Air Ember 2.5 Ton 14 SEER Heat Pump,Ridgeway Air,RW-44103-G,HVAC > Equipment > Heat Pumps,4803.13,true
WEB-132652,Ridgeway Air Meridian 40/5 MFD 440V Capacitor,Ridgeway Air,RW-16743-G,HVAC > Parts > Capacitors,70.69,true
WEB-110420,Thermaxis Trident 1 Pole 50 Amp 240V Coil Contactor,Thermaxis,TX-75231-B,HVAC > Parts > Contactors,53.56,true
WEB-390747,Bluepeak Sable 3 Ton 20 SEER Condenser,Bluepeak,BP-79940-H,HVAC > Equipment > Condensers,1514.74,false
WEB-709672,Thermaxis Delta 1/4 x 3/8 35 ft Line Set,Thermaxis,TX-14963-F,HVAC > Supplies > Line Sets,144.07,true
WEB-977446,Bluepeak Harbor 40/5 MFD 370V Capacitor,Bluepeak,BP-21703-B,HVAC > Parts > Capacitors,29.71,true
WEB-904769,Ridgeway Air Beacon Smart Wi-Fi 1H/1C Thermostat,Ridgeway Air,RW-44807-D,HVAC > Controls > Thermostats,292.57,true
WEB-113755,Arcticline Tundra Non-Programmable 2H/2C Thermostat,Arcticline,AL-77617-C,HVAC > Controls > Thermostats,231.37,true
WEB-903977,Bluepeak Pioneer Outdoor Temp 4-20mA Sensor,Bluepeak,BP-68003-G,HVAC > Controls > Sensors,68.36,true
WEB-105080,Thermaxis Falcon 2.5 Ton Multi-Position Air Handler,Thermaxis,TX-87397-A,HVAC > Equipment > Air Handlers,2635.98,true
WEB-252497,Arcticline Vector CO2 20K Sensor,Arcticline,AL-89666-J,HVAC > Controls > Sensors,77.91,false
WEB-270579,Northwind Comfort Vector 16x25x4 MERV 8 Filter,Northwind Comfort,NW-81184-H,HVAC > Supplies > Filters,8.48,false
WEB-983208,Bluepeak Granite 16x20x2 MERV 11 Filter,Bluepeak,BP-54049-K,HVAC > Supplies > Filters,6.24,true
WEB-484758,Northwind Comfort Zephyr Non-Programmable 1H/1C Thermostat,N/W Comfort,NW-54181-B,HVAC > Controls > Thermostats,102.24,true
WEB-479949,Heliotemp Zephyr 4 Ton 16 SEER Heat Pump,HELIOTEMP,HT-19837-G,HVAC > Equipment > Heat Pumps,5122.83,true
WEB-371365,Heliotemp Meridian 1 Pole 30 Amp 24V Coil Contactor,Heliotemp,HT-10878-B,HVAC > Parts > Contactors,93.42,true
WEB-432375,Northwind Comfort Sable 5 Ton 14 SEER Heat Pump,Northwind Comfort,NW-29575-J,HVAC > Equipment > Heat Pumps,2631.53,true
WEB-577299,Thermaxis Sterling 80K BTU 80% AFUE Furnace,Thermaxis,TX-27992-B,HVAC > Equipment > Furnaces,2890.15,true
WEB-589220,Bluepeak Ember 1 HP 1625 RPM Motor,Bluepeak,BP-81508-A,HVAC > Parts > Motors,586.22,true
WEB-645338,Bluepeak Beacon Programmable 2H/2C Thermostat,Bluepeak,BP-25436-H,HVAC > Controls > Thermostats,217.03,true
WEB-345521,Heliotemp Meridian 1/2 HP 1625 RPM Motor,Heliotemp,HT-43039-D,HVAC > Parts > Motors,646.73,true
WEB-734748,Ridgeway Air Summit 3.5 Ton 16 SEER Condenser,Ridgeway Air,RW-51940-A,HVAC > Equipment > Condensers,1361.64,true
WEB-329916,Corvane Mesa Programmable 2H/2C Thermostat,Corvane,CV-90018-C,HVAC > Controls > Thermostats,399.76,true
WEB-437241,Corvane Sable 2 Ton 18 SEER Heat Pump,Corvane,CV-15142-J,HVAC > Equipment > Heat Pumps,2635.71,true
WEB-509327,Thermaxis Summit 5 Ton Horizontal Air Handler,Thermaxis,TX-17051-H,HVAC > Equipment > Air Handlers,2505.07,true
WEB-726837,Ridgeway Air Delta 1/2 HP 1075 RPM Motor,Ridgeway Air,RW-86530-K,HVAC > Parts > Motors,524.19,true
WEB-317663,Arcticline Apex R-454B 25 lb Cylinder Refrigerant,Arcticline,AL-19687-C,HVAC > Supplies > Refrigerant,416.12,true
WEB-663479,Ridgeway Air Harbor R-22 25 lb Cylinder Refrigerant,Ridgeway Air,RW-62583-C,HVAC > Supplies > Refrigerant,420.98,true
WEB-173949,Thermaxis Meridian 3 Ton Horizontal Air Handler,Thermaxis,TX-99587-G,HVAC > Equipment > Air Handlers,2223.25,true
WEB-935259,Bluepeak Tundra 3 Ton 14 SEER Condenser,Bluepeak,BP-77639-E,HVAC > Equipment > Condensers,1371.12,false
WEB-322458,Corvane Lumen 3.5 Ton 16 SEER Heat Pump,CORVANE,CV-41054-H,HVAC > Equipment > Heat Pumps,3467.96,true
WEB-537676,Thermaxis Keystone 3 Ton 18 SEER Condenser,Thermaxis,TX-63437-E,HVAC > Equipment > Condensers,5160.05,true
WEB-938445,Arcticline Sterling 3.5 Ton Multi-Position Air Handler,Arcticline,AL-26010-D,HVAC > Equipment > Air Handlers,2360.06,true
WEB-960080,Ridgeway Air Cascade Outdoor Temp 10K Sensor,Ridgeway Air,RW-24972-B,HVAC > Controls > Sensors,152.45,true
WEB-683964,Corvane Harbor Scroll 18K BTU R-410A Compressor,Corvane,CV-24040-H,HVAC > Parts > Compressors,1884.28,true
WEB-100116,Arcticline Sterling 2 Ton Horizontal Air Handler,Arcticline Mfg,AL-97592-D,HVAC > Equipment > Air Handlers,2025.77,true
WEB-825404,Northwind Comfort Delta Scroll 18K BTU R-410A Compressor,Northwind Comfort,NW-21554-A,HVAC > Parts > Compressors,1861.33,true
WEB-748278,Corvane Juniper R-454B 25 lb Cylinder Refrigerant,Corvane Inc.,CV-38771-D,HVAC > Supplies > Refrigerant,315.23,true
WEB-674433,Heliotemp Mesa Smart Wi-Fi 3H/2C Thermostat,HELIOTEMP,HT-24318-D,HVAC > Controls > Thermostats,280.83,false
WEB-233469,Arcticline Vector Outdoor Temp 4-20mA Sensor,Arctic Line,AL-37478-C,HVAC > Controls > Sensors,132.80,true
WEB-310285,Heliotemp Lumen 1 Pole 50 Amp 240V Coil Contactor,Heliotemp,HT-25207-E,HVAC > Parts > Contactors,85.42,true
WEB-757201,Heliotemp Sterling 1/4 x 3/8 15 ft Line Set,Heliotemp,HT-22958-F,HVAC > Supplies > Line Sets,176.91,true
WEB-333186,Heliotemp Pioneer 3 Pole 30 Amp 120V Coil Contactor,Helio-Temp,HT-53362-B,HVAC > Parts > Contactors,55.56,true
WEB-274287,Ridgeway Air Cascade 1 HP 1625 RPM Motor,Ridgeway Air,RW-22267-D,HVAC > Parts > Motors,332.80,true
WEB-188350,Northwind Comfort Apex 1/3 HP 1075 RPM Motor,Northwind Comfort,NW-82625-J,HVAC > Parts > Motors,612.67,true
WEB-596699,Heliotemp Summit 35/10 MFD 440V Capacitor,Heliotemp,HT-29684-A,HVAC > Parts > Capacitors,14.70,true
WEB-298620,Bluepeak Lumen 35/3 MFD 370V Capacitor,Bluepeak,BP-66236-A,HVAC > Parts > Capacitors,46.05,true
WEB-877774,Ridgeway Air Trident CO2 10K Sensor,Ridgeway Air Prod,RW-57891-K,HVAC > Controls > Sensors,151.19,true
WEB-305780,Heliotemp Juniper Humidity 10K Sensor,HELIOTEMP,HT-37093-B,HVAC > Controls > Sensors,27.37,true
WEB-612505,Thermaxis Lumen Non-Programmable 3H/2C Thermostat,Thermaxis LLC,TX-26778-C,HVAC > Controls > Thermostats,192.17,true
WEB-170800,Bluepeak Lumen R-22 20 lb Cylinder Refrigerant,Bluepeak,BP-31639-A,HVAC > Supplies > Refrigerant,137.56,true
WEB-591570,Arcticline Lumen 3/8 x 7/8 35 ft Line Set,Arcticline,AL-62586-D,HVAC > Supplies > Line Sets,140.37,true
WEB-207510,Ridgeway Air Pioneer Duct Temp 10K Sensor,Ridgeway Air,RW-90198-G,HVAC > Controls > Sensors,91.76,true
WEB-386870,Arcticline Vector 60K BTU 97% AFUE Furnace,Arcticline,AL-91675-J,HVAC > Equipment > Furnaces,3215.10,true
WEB-816769,Arcticline Granite 1 Pole 30 Amp 24V Coil Contactor,Arcticline,AL-34476-B,HVAC > Parts > Contactors,116.97,true
WEB-549340,Arcticline Vector 40/3 MFD 440V Capacitor,Arcticline,AL-94987-J,HVAC > Parts > Capacitors,63.16,true
WEB-171714,Thermaxis Summit 1/2 HP 1075 RPM Motor,Thermaxis,TX-91820-J,HVAC > Parts > Motors,137.28,true
WEB-902938,Northwind Comfort Sterling 1 Pole 50 Amp 120V Coil Contactor,Northwind Comfort,NW-97026-J,HVAC > Parts > Contactors,65.15,true
WEB-648197,Thermaxis Meridian 60/7.5 MFD 370V Capacitor,Thermaxis,TX-92367-D,HVAC > Parts > Capacitors,28.00,false
WEB-540014,Ridgeway Air Falcon R-410A 25 lb Cylinder Refrigerant,Ridgeway Air,RW-75046-B,HVAC > Supplies > Refrigerant,284.82,true
WEB-785439,Arcticline Vector 1.5 Ton 18 SEER Heat Pump,Arcticline,AL-39329-E,HVAC > Equipment > Heat Pumps,4360.37,true
WEB-792214,Corvane Pioneer 20x25x1 MERV 8 Filter,Corvane,CV-84076-F,HVAC > Supplies > Filters,53.24,true
WEB-721212,Northwind Comfort Sable 16x25x2 MERV 13 Filter,Northwind Comfort,NW-40568-K,HVAC > Supplies > Filters,11.91,true
WEB-414711,Heliotemp Sterling 5 Ton 15 SEER Heat Pump,Heliotemp,HT-69998-A,HVAC > Equipment > Heat Pumps,3361.96,true
WEB-548915,Corvane Quarry Outdoor Temp 20K Sensor,Corvane,CV-87831-G,HVAC > Controls > Sensors,169.45,true
WEB-766777,Thermaxis Tundra 3 Pole 50 Amp 24V Coil Contactor,Thermaxis,TX-86511-J,HVAC > Parts > Contactors,70.98,true
WEB-643755,Thermaxis Beacon Non-Programmable 2H/2C Thermostat,Thermaxis,TX-63596-K,HVAC > Controls > Thermostats,234.59,true
WEB-361569,Corvane Sable Programmable 3H/2C Thermostat,Corvane,CV-21478-B,HVAC > Controls > Thermostats,390.19,true
WEB-529209,Corvane Orion 3.5 Ton Upflow Air Handler,Corvane,CV-42342-C,HVAC > Equipment > Air Handlers,1004.04,false
WEB-493118,Heliotemp Falcon 1/4 x 3/8 25 ft Line Set,Heliotemp,HT-43423-D,HVAC > Supplies > Line Sets,236.28,true
WEB-914746,Thermaxis Juniper Scroll 60K BTU R-410A Compressor,Thermaxis,TX-69190-H,HVAC > Parts > Compressors,1984.49,true
WEB-215902,Bluepeak Delta 2 Ton 18 SEER Condenser,BLUEPEAK,BP-99181-J,HVAC > Equipment > Condensers,2841.74,true
WEB-750013,Ridgeway Air Lumen 40K BTU 80% AFUE Furnace,Ridgeway Air Prod,RW-87394-F,HVAC > Equipment > Furnaces,1671.86,true
WEB-392087,Corvane Orion Programmable 3H/2C Thermostat,Corvane,CV-68839-F,HVAC > Controls > Thermostats,75.56,true
WEB-607450,Northwind Comfort Vector R-22 30 lb Cylinder Refrigerant,Northwind Comfort,NW-64604-A,HVAC > Supplies > Refrigerant,592.02,true
WEB-845991,Thermaxis Trident 16x25x4 MERV 13 Filter,Thermaxis,TX-15670-F,HVAC > Supplies > Filters,26.39,true
WEB-943132,Ridgeway Air Meridian 3/8 x 7/8 15 ft Line Set,Ridgeway Air,RW-68152-E,HVAC > Supplies > Line Sets,368.95,true
WEB-431416,Arcticline Orion R-410A 25 lb Cylinder Refrigerant,Arcticline,AL-30069-K,HVAC > Supplies > Refrigerant,479.12,true
WEB-565702,Ridgeway Air Summit 50/10 MFD 370V Capacitor,Ridgeway Air,RW-14999-E,HVAC > Parts > Capacitors,55.18,true
WEB-409086,Corvane Orion Scroll 48K BTU R-454B Compressor,Corvane Controls,CV-56459-E,HVAC > Parts > Compressors,1904.28,true
WEB-658729,Ridgeway Air Summit Duct Temp 10K Sensor,Ridgeway Air,RW-86632-J,HVAC > Controls > Sensors,129.33,true
WEB-810018,Northwind Comfort Falcon 35/3 MFD 440V Capacitor,NORTHWIND,NW-39895-D,HVAC > Parts > Capacitors,58.00,false
WEB-585416,Arcticline Pioneer 3/8 x 7/8 25 ft Line Set,Arcticline,AL-68621-B,HVAC > Supplies > Line Sets,314.09,true
WEB-633688,Northwind Comfort Granite 60/10 MFD 370V Capacitor,N/W Comfort,NW-42952-G,HVAC > Parts > Capacitors,14.13,true
WEB-946046,Thermaxis Harbor 55/3 MFD 440V Capacitor,Thermaxis,TX-75452-B,HVAC > Parts > Capacitors,64.64,true
WEB-891897,Heliotemp Juniper Humidity 20K Sensor,Heliotemp,HT-50382-C,HVAC > Controls > Sensors,167.49,true
WEB-559172,Arcticline Summit Outdoor Temp 10K Sensor,Arcticline,AL-77991-K,HVAC > Controls > Sensors,62.86,true
WEB-680631,Thermaxis Beacon 3/8 x 7/8 35 ft Line Set,Thermaxis,TX-31818-F,HVAC > Supplies > Line Sets,169.00,true
WEB-768042,Heliotemp Falcon 100K BTU 80% AFUE Furnace,Heliotemp,HT-61639-A,HVAC > Equipment > Furnaces,1679.74,true
WEB-477677,Northwind Comfort Juniper Non-Programmable 3H/2C Thermostat,Northwind Comfort,NW-97706-D,HVAC > Controls > Thermostats,244.32,true
WEB-246314,Heliotemp Apex Non-Programmable 1H/1C Thermostat,Heliotemp,HT-11712-K,HVAC > Controls > Thermostats,122.71,true
WEB-334311,Thermaxis Trident 50/7.5 MFD 370V Capacitor,Thermaxis,TX-60303-J,HVAC > Parts > Capacitors,61.62,true
WEB-252909,Arcticline Meridian 3/8 x 3/4 35 ft Line Set,Arcticline Mfg,AL-52469-E,HVAC > Supplies > Line Sets,136.40,true
WEB-811006,Corvane Zephyr R-410A 30 lb Cylinder Refrigerant,Corvane,CV-74617-F,HVAC > Supplies > Refrigerant,474.06,true
WEB-906532,Heliotemp Summit 2.5 Ton 14 SEER Heat Pump,Heliotemp,HT-78796-B,HVAC > Equipment > Heat Pumps,4964.04,true
WEB-307190,Heliotemp Pioneer 4 Ton Horizontal Air Handler,Heliotemp,HT-34370-D,HVAC > Equipment > Air Handlers,2771.12,true
WEB-808587,Arcticline Lumen 3 Pole 50 Amp 120V Coil Contactor,ARCTICLINE,AL-21944-C,HVAC > Parts > Contactors,70.94,true
WEB-260288,Corvane Pioneer 4 Ton 18 SEER Condenser,Corvane,CV-88219-B,HVAC > Equipment > Condensers,3734.62,true
WEB-254349,Bluepeak Keystone 1/4 x 3/8 25 ft Line Set,Blue Peak,BP-24592-H,HVAC > Supplies > Line Sets,294.28,true
WEB-429337,Northwind Comfort Atlas 2 Ton 20 SEER Heat Pump,Northwind Comfort,NW-66372-F,HVAC > Equipment > Heat Pumps,1738.17,true
WEB-694023,Ridgeway Air Beacon 3/8 x 7/8 35 ft Line Set,Ridgeway Air,RW-71048-F,HVAC > Supplies > Line Sets,228.06,true
WEB-668680,Arcticline Meridian 16x20x2 MERV 11 Filter,Arcticline,AL-40552-B,HVAC > Supplies > Filters,32.10,true
WEB-838806,Northwind Comfort Vector 3/8 x 3/4 15 ft Line Set,Northwind Comfort,NW-55462-B,HVAC > Supplies > Line Sets,114.50,true
WEB-457021,Northwind Comfort Granite 20x20x2 MERV 8 Filter,Northwind Comfort,NW-95320-F,HVAC > Supplies > Filters,39.92,true
WEB-177209,Northwind Comfort Apex 3 Ton Multi-Position Air Handler,Northwind Comfort,NW-31428-F,HVAC > Equipment > Air Handlers,1998.83,true
WEB-661922,Heliotemp Tundra Smart Wi-Fi 2H/2C Thermostat,Heliotemp,HT-96944-H,HVAC > Controls > Thermostats,366.01,true
WEB-769286,Ridgeway Air Lumen 3.5 Ton 15 SEER Condenser,Ridgeway Air,RW-19635-B,HVAC > Equipment > Condensers,5825.35,true
WEB-371303,Arcticline Tundra 20x25x1 MERV 8 Filter,Arcticline,AL-44064-B,HVAC > Supplies > Filters,16.93,true
WEB-603383,Bluepeak Sable 2 Ton Multi-Position Air Handler,Bluepeak,BP-17332-C,HVAC > Equipment > Air Handlers,1340.32,true
WEB-166954,Thermaxis Mesa Scroll 60K BTU R-410A Compressor,Thermaxis LLC,TX-24125-K,HVAC > Parts > Compressors,1431.07,true
WEB-115241,Thermaxis Beacon Programmable 1H/1C Thermostat,THERMAXIS,TX-45243-A,HVAC > Controls > Thermostats,199.19,true
WEB-343523,Ridgeway Air Quarry 1/4 x 3/8 25 ft Line Set,Ridgeway Air,RW-43378-E,HVAC > Supplies > Line Sets,175.76,true
WEB-884604,Ridgeway Air Sable 3/4 HP 1075 RPM Motor,Ridgeway Air,RW-53577-D,HVAC > Parts > Motors,452.01,false
WEB-888320,Northwind Comfort Meridian 3 Ton 14 SEER Condenser,NORTHWIND,NW-48707-A,HVAC > Equipment > Condensers,5708.86,true
WEB-314375,Arcticline Pioneer 1/2 HP 1075 RPM Motor,Arcticline,AL-42883-E,HVAC > Parts > Motors,497.82,true
WEB-530248,Corvane Quarry 3/8 x 3/4 35 ft Line Set,Corvane,CV-98636-B,HVAC > Supplies > Line Sets,382.82,true
WEB-237238,Heliotemp Mesa 2 Ton Upflow Air Handler,HELIOTEMP,HT-87871-H,HVAC > Equipment > Air Handlers,3029.46,true
WEB-614157,Bluepeak Beacon 40K BTU 92% AFUE Furnace,Blue Peak,BP-70564-G,HVAC > Equipment > Furnaces,1617.03,true
WEB-626462,Heliotemp Atlas Smart Wi-Fi 1H/1C Thermostat,Heliotemp,HT-33047-A,HVAC > Controls > Thermostats,253.90,true
WEB-959894,Northwind Comfort Falcon 100K BTU 80% AFUE Furnace,Northwind Comfort,NW-46103-K,HVAC > Equipment > Furnaces,1455.42,true
WEB-920173,Corvane Vector 55/3 MFD 370V Capacitor,Corvane,CV-88131-B,HVAC > Parts > Capacitors,77.72,true
WEB-532398,Corvane Summit 45/5 MFD 440V Capacitor,Corvane,CV-58110-C,HVAC > Parts > Capacitors,40.40,true
WEB-875814,Bluepeak Lumen 3 Ton Horizontal Air Handler,Bluepeak,BP-47469-J,HVAC > Equipment > Air Handlers,1921.86,true
WEB-890030,Heliotemp Sterling 2.5 Ton 15 SEER Condenser,Heliotemp,HT-37801-F,HVAC > Equipment > Condensers,1855.36,true
WEB-323409,Thermaxis Cascade 45/3 MFD 440V Capacitor,Thermaxis,TX-67454-H,HVAC > Parts > Capacitors,19.86,true
WEB-274250,Corvane Delta 1 HP 825 RPM Motor,Corvane,CV-64122-A,HVAC > Parts > Motors,293.65,true
WEB-929055,Bluepeak Cascade 3.5 Ton 14 SEER Condenser,BluePeak HVAC,BP-68364-C,HVAC > Equipment > Condensers,1850.76,true
WEB-943387,Northwind Comfort Vector 1/2 HP 825 RPM Motor,Northwind Comfort,NW-18603-K,HVAC > Parts > Motors,179.13,true
WEB-469853,Arcticline Cascade 3 Pole 50 Amp 120V Coil Contactor,Arcticline,AL-77805-G,HVAC > Parts > Contactors,34.69,false
WEB-533148,Northwind Comfort Beacon 3 Ton Multi-Position Air Handler,Northwind Comfort,NW-99932-D,HVAC > Equipment > Air Handlers,1189.35,true
WEB-184005,Heliotemp Summit Non-Programmable 2H/2C Thermostat,Heliotemp,HT-90934-J,HVAC > Controls > Thermostats,177.73,true
WEB-448481,Thermaxis Sable 1/6 HP 1075 RPM Motor,Thermaxis,TX-36994-G,HVAC > Parts > Motors,567.56,true
WEB-743433,Corvane Zephyr 5 Ton 15 SEER Heat Pump,Corvane,CV-28723-C,HVAC > Equipment > Heat Pumps,2490.23,true
WEB-418643,Thermaxis Orion R-32 10 lb Cylinder Refrigerant,Thermaxis,TX-99667-C,HVAC > Supplies > Refrigerant,231.25,true
WEB-849211,Northwind Comfort Delta 3/8 x 7/8 35 ft Line Set,Northwind Comfort,NW-93543-A,HVAC > Supplies > Line Sets,277.09,true
WEB-460685,Arcticline Lumen 60/5 MFD 370V Capacitor,Arcticline,AL-48422-J,HVAC > Parts > Capacitors,56.12,true
WEB-218980,Corvane Tundra R-32 10 lb Cylinder Refrigerant,Corvane,CV-25369-B,HVAC > Supplies > Refrigerant,273.37,true
WEB-563168,Northwind Comfort Sterling 16x20x2 MERV 13 Filter,Northwind Comfort,NW-57685-D,HVAC > Supplies > Filters,17.74,true
WEB-712979,Thermaxis Vector 3.5 Ton 16 SEER Heat Pump,Thermaxis,TX-22854-A,HVAC > Equipment > Heat Pumps,2270.48,true
WEB-500290,Northwind Comfort Trident R-22 25 lb Cylinder Refrigerant,Northwind Comfort,NW-29534-A,HVAC > Supplies > Refrigerant,572.45,true
WEB-439844,Ridgeway Air Keystone 16x25x1 MERV 8 Filter,Ridgeway Air,RW-27863-C,HVAC > Supplies > Filters,51.49,true
WEB-269477,Ridgeway Air Sable 80K BTU 97% AFUE Furnace,Ridgeway Air,RW-11694-G,HVAC > Equipment > Furnaces,3494.30,true
WEB-252872,Ridgeway Air Trident 3 Pole 30 Amp 120V Coil Contactor,Ridgeway Air,RW-86859-A,HVAC > Parts > Contactors,102.43,true
WEB-171065,Corvane Harbor R-454B 25 lb Cylinder Refrigerant,Corvane,CV-34676-C,HVAC > Supplies > Refrigerant,449.96,true
WEB-308933,Arcticline Falcon 60/5 MFD 370V Capacitor,Arcticline,AL-95061-A,HVAC > Parts > Capacitors,53.91,true
WEB-490754,Corvane Trident 20x25x2 MERV 8 Filter,CORVANE,CV-26678-A,HVAC > Supplies > Filters,29.68,true
WEB-197750,Heliotemp Harbor 20x20x1 MERV 11 Filter,Heliotemp,HT-12970-F,HVAC > Supplies > Filters,15.27,true
WEB-295039,Thermaxis Vector Programmable 1H/1C Thermostat,Thermaxis,TX-14013-C,HVAC > Controls > Thermostats,363.09,true
WEB-235352,Bluepeak Cascade Scroll 42K BTU R-410A Compressor,Bluepeak,BP-77264-K,HVAC > Parts > Compressors,1480.30,true
WEB-125363,Ridgeway Air Orion Scroll 60K BTU R-410A Compressor,RIDGEWAY,RW-30109-H,HVAC > Parts > Compressors,1253.58,true
WEB-569789,Arcticline Delta 1 HP 825 RPM Motor,ARCTICLINE,AL-87728-A,HVAC > Parts > Motors,312.19,true
WEB-130720,Corvane Apex Scroll 36K BTU R-454B Compressor,Corvane,CV-46318-H,HVAC > Parts > Compressors,1515.59,true
WEB-197852,Bluepeak Keystone Scroll 60K BTU R-410A Compressor,Bluepeak,BP-53794-G,HVAC > Parts > Compressors,2178.21,true
WEB-513664,Bluepeak Meridian 40/5 MFD 370V Capacitor,Bluepeak,BP-57692-F,HVAC > Parts > Capacitors,48.59,true
WEB-661594,Ridgeway Air Mesa Scroll 36K BTU R-410A Compressor,Ridgeway,RW-61687-J,HVAC > Parts > Compressors,829.57,true
WEB-197680,Arcticline Atlas 20x20x4 MERV 11 Filter,ARCTICLINE,AL-17199-J,HVAC > Supplies > Filters,7.08,true
WEB-807305,Heliotemp Zephyr Outdoor Temp 4-20mA Sensor,Heliotemp,HT-44758-E,HVAC > Controls > Sensors,130.72,true
WEB-570073,Bluepeak Mesa R-22 20 lb Cylinder Refrigerant,Bluepeak,BP-58732-F,HVAC > Supplies > Refrigerant,353.84,false
WEB-789729,Northwind Comfort Cascade Programmable 1H/1C Thermostat,Northwind Comfort,NW-43536-F,HVAC > Controls > Thermostats,64.57,true
WEB-374081,Ridgeway Air Beacon 1.5 Ton 20 SEER Condenser,Ridgeway Air,RW-56884-B,HVAC > Equipment > Condensers,1594.19,true
WEB-630838,Northwind Comfort Falcon 5 Ton Multi-Position Air Handler,Northwind Comfort,NW-18822-K,HVAC > Equipment > Air Handlers,1425.49,true
WEB-678574,Heliotemp Keystone 2.5 Ton 14 SEER Heat Pump,Heliotemp,HT-93195-B,HVAC > Equipment > Heat Pumps,3548.53,true
WEB-896961,Bluepeak Tundra 50/3 MFD 370V Capacitor,Bluepeak,BP-85407-A,HVAC > Parts > Capacitors,59.46,true
WEB-947422,Ridgeway Air Delta 3 Ton 16 SEER Heat Pump,Ridgeway Air,RW-11171-H,HVAC > Equipment > Heat Pumps,1947.82,true
WEB-779861,Arcticline Sterling 5 Ton 18 SEER Heat Pump,Arcticline,AL-82140-D,HVAC > Equipment > Heat Pumps,3615.82,true
WEB-951294,Bluepeak Keystone 2.5 Ton 14 SEER Heat Pump,Bluepeak,BP-79374-F,HVAC > Equipment > Heat Pumps,3850.50,true
WEB-774589,Corvane Lumen 2 Pole 30 Amp 240V Coil Contactor,Corvane,CV-95921-H,HVAC > Parts > Contactors,30.17,true
WEB-354426,Northwind Comfort Pioneer 40/10 MFD 440V Capacitor,Northwind Comfort,NW-92489-K,HVAC > Parts > Capacitors,28.18,true
WEB-741213,Corvane Harbor 55/5 MFD 370V Capacitor,Corvane,CV-82207-D,HVAC > Parts > Capacitors,74.15,true
WEB-682922,Heliotemp Tundra 1/4 HP 1075 RPM Motor,Heliotemp,HT-63041-F,HVAC > Parts > Motors,86.90,true
WEB-169749,Thermaxis Summit 1/3 HP 1075 RPM Motor,Thermaxis,TX-89145-A,HVAC > Parts > Motors,659.77,true
WEB-306644,Corvane Sterling 3 Ton Multi-Position Air Handler,CORVANE,CV-16366-D,HVAC > Equipment > Air Handlers,1396.14,false
WEB-175158,Arcticline Cascade 50/3 MFD 370V Capacitor,Arcticline,AL-31710-H,HVAC > Parts > Capacitors,62.55,false
WEB-943044,Ridgeway Air Zephyr 1/3 HP 1625 RPM Motor,Ridgeway Air,RW-50317-G,HVAC > Parts > Motors,545.09,true
WEB-523721,Corvane Tundra 20x20x2 MERV 8 Filter,Corvane,CV-69844-K,HVAC > Supplies > Filters,33.59,true
WEB-781848,Thermaxis Meridian 3 Ton 15 SEER Condenser,Thermaxis,TX-10801-J,HVAC > Equipment > Condensers,2098.54,true
WEB-539606,Corvane Zephyr 1/4 HP 825 RPM Motor,Corvane,CV-48472-C,HVAC > Parts > Motors,637.20,true
WEB-351738,Ridgeway Air Pioneer 3 Ton 15 SEER Heat Pump,Ridgeway Air,RW-49517-H,HVAC > Equipment > Heat Pumps,3519.51,true
WEB-177737,Thermaxis Granite 1 Pole 50 Amp 120V Coil Contactor,Thermaxis,TX-28402-J,HVAC > Parts > Contactors,98.42,true
WEB-743968,Bluepeak Sable 20x20x2 MERV 13 Filter,Bluepeak,BP-48806-E,HVAC > Supplies > Filters,51.96,true
WEB-536435,Thermaxis Apex 40K BTU 80% AFUE Furnace,Thermaxis,TX-75135-B,HVAC > Equipment > Furnaces,3012.59,true
WEB-257534,Arcticline Beacon R-454B 20 lb Cylinder Refrigerant,Arcticline,AL-59417-J,HVAC > Supplies > Refrigerant,223.02,true
WEB-605873,Arcticline Tundra 3/8 x 7/8 35 ft Line Set,Arcticline,AL-43492E-,HVAC > Supplies > Line Sets,193.45,true
WEB-838595,Thermaxis Delta 3.5 Ton 20 SEER Condenser,THERMAXIS,TX-79143-K,HVAC > Equipment > Condensers,5707.45,true
WEB-397741,Bluepeak Atlas 1 HP 825 RPM Motor,Bluepeak,BP-14954-B,HVAC > Parts > Motors,418.27,true
WEB-842104,Northwind Comfort Cascade 35/10 MFD 440V Capacitor,Northwind Comfort,NW-66276-F,HVAC > Parts > Capacitors,47.06,true
WEB-148983,Thermaxis Granite 20x20x4 MERV 8 Filter,Thermaxis,TX-53954-A,HVAC > Supplies > Filters,11.54,true
WEB-361413,Ridgeway Air Sable 55/10 MFD 370V Capacitor,Ridgeway Air,RW-57690-G,HVAC > Parts > Capacitors,79.55,true
WEB-488339,Heliotemp Beacon 100K BTU 80% AFUE Furnace,Heliotemp,HT-19249-C,HVAC > Equipment > Furnaces,2209.45,false
WEB-602726,Heliotemp Summit R-454B 25 lb Cylinder Refrigerant,Helio-Temp,HT-41051-A,HVAC > Supplies > Refrigerant,252.42,true
WEB-740306,Heliotemp Lumen Scroll 30K BTU R-454B Compressor,Heliotemp,HT-84803-D,HVAC > Parts > Compressors,2191.39,true
WEB-369883,Bluepeak Cascade 2 Ton 18 SEER Heat Pump,Bluepeak,BP-40833-C,HVAC > Equipment > Heat Pumps,3487.32,true
WEB-665967,Ridgeway Air Beacon 5 Ton 14 SEER Condenser,Ridgeway Air,RW-74226-F,HVAC > Equipment > Condensers,4222.48,true
WEB-309239,Bluepeak Pioneer 2.5 Ton Horizontal Air Handler,Bluepeak,BP-13766-A,HVAC > Equipment > Air Handlers,1118.46,true
WEB-707483,Heliotemp Harbor Duct Temp 4-20mA Sensor,Heliotemp,HT-97667-B,HVAC > Controls > Sensors,136.12,true
WEB-501295,Thermaxis Pioneer 5 Ton Horizontal Air Handler,Thermaxis,TX-64170-H,HVAC > Equipment > Air Handlers,2975.70,true
WEB-763063,Corvane Pioneer 3/4 HP 1625 RPM Motor,Corvane,CV-15569-F,HVAC > Parts > Motors,326.69,true
WEB-911468,Ridgeway Air Meridian 60/10 MFD 370V Capacitor,Ridgeway Air,RW-22338-D,HVAC > Parts > Capacitors,36.66,true
WEB-560630,Ridgeway Air Lumen Smart Wi-Fi 2H/2C Thermostat,Ridgeway Air,RW-86605-D,HVAC > Controls > Thermostats,177.40,true
WEB-370047,Thermaxis Zephyr 3 Pole 40 Amp 120V Coil Contactor,Thermaxis,TX-36477-C,HVAC > Parts > Contactors,20.53,true
WEB-325941,Northwind Comfort Trident 80K BTU 80% AFUE Furnace,Northwind Comfort,NW-77038-J,HVAC > Equipment > Furnaces,2509.07,true
WEB-306401,Bluepeak Trident 2.5 Ton 15 SEER Heat Pump,Bluepeak,BP-85094-F,HVAC > Equipment > Heat Pumps,1740.88,true
WEB-820804,Northwind Comfort Sterling 60K BTU 80% AFUE Furnace,Northwind Comfort,NW-97245-E,HVAC > Equipment > Furnaces,3424.34,true
WEB-129015,Arcticline Granite 60/10 MFD 440V Capacitor,Arcticline,AL-76962-J,HVAC > Parts > Capacitors,53.96,true
WEB-247840,Heliotemp Keystone 4 Ton 14 SEER Condenser,Heliotemp,HT-33205-D,HVAC > Equipment > Condensers,2324.19,true
WEB-748157,Heliotemp Harbor 3.5 Ton Horizontal Air Handler,Heliotemp,HT-90992-A,HVAC > Equipment > Air Handlers,1385.99,true
WEB-414585,Northwind Comfort Cascade 16x20x2 MERV 13 Filter,NORTHWIND,NW-34014-A,HVAC > Supplies > Filters,47.45,true
WEB-680393,Northwind Comfort Vector Scroll 18K BTU R-454B Compressor,Northwind Comfort Inc,NW-14047-A,HVAC > Parts > Compressors,2319.62,true
WEB-875891,Thermaxis Tundra 2.5 Ton Upflow Air Handler,Therm-Axis,TX-52867-G,HVAC > Equipment > Air Handlers,1340.11,true
WEB-219906,Ridgeway Air Quarry 45/10 MFD 440V Capacitor,Ridgeway Air,RW-21910-F,HVAC > Parts > Capacitors,54.26,true
WEB-754878,Heliotemp Mesa 16x25x1 MERV 8 Filter,Heliotemp,HT-13088-H,HVAC > Supplies > Filters,37.23,true
WEB-409948,Corvane Sterling Smart Wi-Fi 3H/2C Thermostat,Corvane,CV-72981-E,HVAC > Controls > Thermostats,157.08,true
WEB-359919,Ridgeway Air Tundra Smart Wi-Fi 3H/2C Thermostat,Ridgeway Air,RW-84417-C,HVAC > Controls > Thermostats,41.23,true
WEB-705737,Heliotemp Summit 3/8 x 3/4 35 ft Line Set,Heliotemp,HT-78086-K,HVAC > Supplies > Line Sets,90.55,false
WEB-195810,Heliotemp Sterling 20x25x2 MERV 13 Filter,Heliotemp,HT-95075-D,HVAC > Supplies > Filters,48.97,true
WEB-827841,Thermaxis Mesa 1 Pole 50 Amp 240V Coil Contactor,Thermaxis,TX-48696-F,HVAC > Parts > Contactors,31.02,false
WEB-316887,Heliotemp Harbor 3/8 x 7/8 50 ft Line Set,Heliotemp,HT-43767-G,HVAC > Supplies > Line Sets,311.94,true
WEB-541890,Northwind Comfort Meridian Scroll 18K BTU R-454B Compressor,Northwind Comfort,NW-29833-K,HVAC > Parts > Compressors,999.80,true
WEB-675794,Heliotemp Zephyr Humidity 4-20mA Sensor,Heliotemp,HT-14769-J,HVAC > Controls > Sensors,52.42,true
WEB-326170,Heliotemp Zephyr 1.5 Ton 16 SEER Condenser,Heliotemp,HT-15025-K,HVAC > Equipment > Condensers,3645.81,true
WEB-408578,Northwind Comfort Lumen 55/3 MFD 370V Capacitor,Northwind Comfort,NW-98156-H,HVAC > Parts > Capacitors,21.79,true
WEB-535320,Arcticline Sterling 2.5 Ton 20 SEER Condenser,Arcticline,AL-80715-C,HVAC > Equipment > Condensers,2780.78,true
WEB-253536,Thermaxis Sable 1/4 x 3/8 15 ft Line Set,Thermaxis,TX-32521-H,HVAC > Supplies > Line Sets,179.88,true
WEB-832052,Thermaxis Harbor 1 Pole 50 Amp 240V Coil Contactor,Thermaxis,TX-56917-E,HVAC > Parts > Contactors,82.06,true
WEB-431967,Northwind Comfort Meridian 1/4 HP 825 RPM Motor,Northwind Comfort,NW-98949-D,HVAC > Parts > Motors,595.04,true
WEB-673728,Heliotemp Zephyr 1.5 Ton 14 SEER Condenser,Heliotemp Corp,HT-94772-H,HVAC > Equipment > Condensers,1888.84,true
WEB-177946,Arcticline Orion 1.5 Ton 15 SEER Condenser,Arcticline,AL-67413-J,HVAC > Equipment > Condensers,4662.63,true
WEB-536749,Northwind Comfort Keystone 2 Pole 30 Amp 240V Coil Contactor,Northwind Comfort,NW-10688-D,HVAC > Parts > Contactors,72.00,true
WEB-814217,Northwind Comfort Sable 16x25x1 MERV 13 Filter,Northwind Comfort,NW-73759-H,HVAC > Supplies > Filters,17.21,true
WEB-964146,Thermaxis Keystone Non-Programmable 1H/1C Thermostat,Thermaxis,TX-48212-B,HVAC > Controls > Thermostats,420.13,true
WEB-379952,Heliotemp Lumen Duct Temp 20K Sensor,Heliotemp,HT-12957-C,HVAC > Controls > Sensors,128.46,true
WEB-138416,Corvane Zephyr Outdoor Temp 10K Sensor,Corvane,CV-94476-H,HVAC > Controls > Sensors,52.89,true
WEB-721945,Heliotemp Zephyr Programmable 1H/1C Thermostat,Heliotemp,HT-56439-D,HVAC > Controls > Thermostats,164.04,true
WEB-715186,Arcticline Orion Scroll 42K BTU R-454B Compressor,Arcticline,AL-52750-H,HVAC > Parts > Compressors,730.07,true
WEB-771921,Arcticline Pioneer Programmable 3H/2C Thermostat,Arcticline,AL-98196-F,HVAC > Controls > Thermostats,242.23,true
WEB-719442,Bluepeak Meridian 3 Ton 18 SEER Heat Pump,Bluepeak,BP-28933-E,HVAC > Equipment > Heat Pumps,2451.45,true
WEB-854658,Corvane Sable 3 Ton 14 SEER Condenser,Corvane Controls,CV-76403-H,HVAC > Equipment > Condensers,4780.86,true
WEB-375789,Northwind Comfort Beacon 2.5 Ton Upflow Air Handler,Northwind Comfort,NW-61886-J,HVAC > Equipment > Air Handlers,2829.59,true
WEB-798000,Thermaxis Beacon Scroll 18K BTU R-454B Compressor,Thermaxis LLC,TX-51749-H,HVAC > Parts > Compressors,2074.02,true
WEB-294975,Bluepeak Pioneer Smart Wi-Fi 2H/2C Thermostat,Bluepeak,BP-34018-H,HVAC > Controls > Thermostats,169.86,true
WEB-494399,Northwind Comfort Beacon 1 HP 1625 RPM Motor,Northwind Comfort,NW-28309-K,HVAC > Parts > Motors,571.43,true
WEB-520791,Northwind Comfort Sable Humidity 20K Sensor,Northwind Comfort,NW-45890-D,HVAC > Controls > Sensors,30.57,true
WEB-439415,Corvane Orion 3/8 x 7/8 15 ft Line Set,CORVANE,CV-23864-K,HVAC > Supplies > Line Sets,294.69,true
WEB-631084,Bluepeak Beacon 4 Ton 16 SEER Condenser,Bluepeak,BP-39228-A,HVAC > Equipment > Condensers,2557.97,true
WEB-381227,Heliotemp Granite 40/5 MFD 440V Capacitor,Heliotemp,HT-31132-E,HVAC > Parts > Capacitors,55.82,true
WEB-799582,Thermaxis Lumen 3 Pole 50 Amp 120V Coil Contactor,Thermaxis,TX-10296-A,HVAC > Parts > Contactors,52.98,true
WEB-665915,Corvane Pioneer R-32 20 lb Cylinder Refrigerant,Corvane,CV-77566-K,HVAC > Supplies > Refrigerant,422.40,true
WEB-924391,Bluepeak Atlas Scroll 24K BTU R-410A Compressor,Bluepeak,BP-42602-H,HVAC > Parts > Compressors,1901.80,false
WEB-464206,Heliotemp Pioneer R-410A 25 lb Cylinder Refrigerant,Heliotemp,HT-18046-D,HVAC > Supplies > Refrigerant,486.99,true
WEB-679340,Northwind Comfort Delta 3 Ton Horizontal Air Handler,Northwind Comfort Inc,NW-71697-E,HVAC > Equipment > Air Handlers,1819.47,true
WEB-274232,Bluepeak Tundra Non-Programmable 2H/2C Thermostat,Bluepeak,BP-62354-D,HVAC > Controls > Thermostats,325.70,true
WEB-657104,Heliotemp Sterling R-32 25 lb Cylinder Refrigerant,Heliotemp,HT-59003-D,HVAC > Supplies > Refrigerant,294.45,true
WEB-848599,Arcticline Atlas Smart Wi-Fi 2H/2C Thermostat,Arcticline,AL-46347-F,HVAC > Controls > Thermostats,108.09,true
WEB-241171,Ridgeway Air Harbor 2 Ton 14 SEER Condenser,Ridgeway Air,RW-27482-E,HVAC > Equipment > Condensers,1946.51,true
WEB-538097,Corvane Keystone 45/3 MFD 440V Capacitor,Corvane,CV-10228-F,HVAC > Parts > Capacitors,60.92,true
WEB-961530,Bluepeak Ember R-410A 30 lb Cylinder Refrigerant,Bluepeak,BP-39194-C,HVAC > Supplies > Refrigerant,309.18,true
WEB-824958,Ridgeway Air Tundra R-454B 25 lb Cylinder Refrigerant,Ridgeway Air,RW-64179-J,HVAC > Supplies > Refrigerant,439.73,true
WEB-619695,Corvane Keystone R-32 10 lb Cylinder Refrigerant,Corvane,CV-61374-G,HVAC > Supplies > Refrigerant,209.59,true
WEB-121147,Arcticline Orion 3.5 Ton 15 SEER Heat Pump,Arctic Line,AL-82741-H,HVAC > Equipment > Heat Pumps,3769.17,true
WEB-171217,Heliotemp Lumen Programmable 2H/2C Thermostat,Heliotemp,HT-49920-J,HVAC > Controls > Thermostats,374.23,true
WEB-749862,Northwind Comfort Trident 1/3 HP 825 RPM Motor,Northwind Comfort,NW-52176-A,HVAC > Parts > Motors,337.93,true
WEB-592185,Ridgeway Air Summit 55/3 MFD 440V Capacitor,Ridgeway Air,RW-84046-F,HVAC > Parts > Capacitors,15.67,true
WEB-655664,Arcticline Ember 2 Ton Upflow Air Handler,Arcticline,AL-74047-K,HVAC > Equipment > Air Handlers,2421.26,true
WEB-100616,Northwind Comfort Apex 80K BTU 97% AFUE Furnace,Northwind Comfort,NW-71004-E,HVAC > Equipment > Furnaces,2283.62,true
WEB-553478,Heliotemp Apex 2 Ton 15 SEER Condenser,Heliotemp,HT-92227-A,HVAC > Equipment > Condensers,1287.24,true
WEB-755847,Corvane Falcon Duct Temp 4-20mA Sensor,Corvane,CV-95435-A,HVAC > Controls > Sensors,138.38,true
WEB-772268,Northwind Comfort Apex 1.5 Ton 18 SEER Heat Pump,Northwind Comfort,NW-37439-B,HVAC > Equipment > Heat Pumps,4418.35,true
WEB-739372,Northwind Comfort Trident Smart Wi-Fi 1H/1C Thermostat,N/W Comfort,NW-90064-J,HVAC > Controls > Thermostats,69.87,true
WEB-894236,Corvane Summit Scroll 24K BTU R-410A Compressor,Corvane,CV-12401-D,HVAC > Parts > Compressors,1520.38,true
WEB-648745,Arcticline Sable 20x25x1 MERV 11 Filter,Arcticline,AL-75725-F,HVAC > Supplies > Filters,29.75,true
WEB-988271,Ridgeway Air Ember 60K BTU 92% AFUE Furnace,Ridgeway Air,RW-98394-C,HVAC > Equipment > Furnaces,3152.72,true
WEB-589774,Corvane Granite 20x25x2 MERV 13 Filter,Corvane,CV-86883-J,HVAC > Supplies > Filters,36.85,true
WEB-166151,Northwind Comfort Lumen R-22 30 lb Cylinder Refrigerant,Northwind Comfort,NW-46419-A,HVAC > Supplies > Refrigerant,636.71,true
WEB-692313,Corvane Cascade 20x20x2 MERV 13 Filter,Corvane,CV-97670-G,HVAC > Supplies > Filters,11.76,true
WEB-634668,Arcticline Keystone 3.5 Ton 15 SEER Condenser,Arcticline,AL-79898-F,HVAC > Equipment > Condensers,2182.28,true
WEB-997552,Arcticline Sable 40K BTU 96% AFUE Furnace,Arcticline,AL-27048-F,HVAC > Equipment > Furnaces,2190.73,true
WEB-738361,Arcticline Harbor 3 Ton 18 SEER Heat Pump,Arcticline,AL-60661-E,HVAC > Equipment > Heat Pumps,5427.87,true
WEB-118801,Bluepeak Tundra 3/4 HP 1625 RPM Motor,Bluepeak,BP-82946-A,HVAC > Parts > Motors,445.13,true
WEB-996094,Bluepeak Quarry R-32 25 lb Cylinder Refrigerant,Bluepeak,BP-25779-E,HVAC > Supplies > Refrigerant,268.76,true
WEB-826910,Heliotemp Zephyr R-410A 30 lb Cylinder Refrigerant,Heliotemp,HT-52317-C,HVAC > Supplies > Refrigerant,448.72,true
WEB-649919,Bluepeak Tundra 2 Pole 40 Amp 24V Coil Contactor,Bluepeak,BP-85422-B,HVAC > Parts > Contactors,97.96,true
WEB-728062,Northwind Comfort Keystone R-32 20 lb Cylinder Refrigerant,Northwind Comfort,NW-27138-H,HVAC > Supplies > Refrigerant,176.11,true
WEB-231248,Arcticline Lumen 5 Ton 15 SEER Condenser,Arcticline,AL-99069-E,HVAC > Equipment > Condensers,1593.41,true
WEB-282248,Corvane Apex 3 Pole 40 Amp 24V Coil Contactor,Corvane Inc.,CV-49495-H,HVAC > Parts > Contactors,20.26,true
WEB-566591,Bluepeak Tundra 3.5 Ton 15 SEER Heat Pump,Bluepeak,BP-40451-F,HVAC > Equipment > Heat Pumps,6061.46,true
WEB-836053,Heliotemp Tundra 3/8 x 7/8 50 ft Line Set,Heliotemp,HT-90830-E,HVAC > Supplies > Line Sets,181.17,true
WEB-653683,Ridgeway Air Delta Programmable 3H/2C Thermostat,Ridgeway Air,RW-60511-H,HVAC > Controls > Thermostats,423.53,true
WEB-911218,Arcticline Sable 40K BTU 97% AFUE Furnace,Arcticline,AL-33625-H,HVAC > Equipment > Furnaces,2821.28,true
WEB-360720,Northwind Comfort Lumen 50/5 MFD 440V Capacitor,Northwind Comfort,NW-93485-B,HVAC > Parts > Capacitors,78.35,true
WEB-129124,Ridgeway Air Juniper Outdoor Temp 10K Sensor,Ridgeway Air,RW-51228-K,HVAC > Controls > Sensors,143.52,true
WEB-190091,Ridgeway Air Keystone 2 Ton Upflow Air Handler,Ridgeway Air Prod,RW-64865-E,HVAC > Equipment > Air Handlers,1491.51,true
WEB-842298,Heliotemp Quarry 1/4 x 3/8 35 ft Line Set,Heliotemp,HT-74695-K,HVAC > Supplies > Line Sets,263.82,true
WEB-921048,Arcticline Lumen 1/4 x 3/8 15 ft Line Set,Arcticline,AL-30929-E,HVAC > Supplies > Line Sets,265.41,true
WEB-706038,Ridgeway Air Juniper 20x20x1 MERV 8 Filter,Ridgeway Air,RW-59629-H,HVAC > Supplies > Filters,41.22,true
WEB-479054,Heliotemp Tundra Outdoor Temp 4-20mA Sensor,Heliotemp,HT-75512-F,HVAC > Controls > Sensors,71.89,true
WEB-811179,Thermaxis Lumen R-32 20 lb Cylinder Refrigerant,Thermaxis,TX-85394-C,HVAC > Supplies > Refrigerant,251.43,true
WEB-701516,Ridgeway Air Mesa CO2 4-20mA Sensor,Ridgeway Air,RW-38063-E,HVAC > Controls > Sensors,92.85,true
WEB-825588,Corvane Apex 20x25x4 MERV 11 Filter,Corvane,CV-34631-G,HVAC > Supplies > Filters,54.52,true
WEB-459549,Thermaxis Meridian 3 Ton 14 SEER Condenser,Thermaxis,TX-20556-F,HVAC > Equipment > Condensers,2177.16,true
WEB-158781,Heliotemp Tundra 3 Ton Upflow Air Handler,Heliotemp,HT-46297-C,HVAC > Equipment > Air Handlers,3231.50,true
WEB-711806,Corvane Lumen 3 Ton 15 SEER Heat Pump,Corvane,CV-50536-A,HVAC > Equipment > Heat Pumps,5550.23,false
WEB-690038,Thermaxis Sable 80K BTU 96% AFUE Furnace,Thermaxis,TX-79334-C,HVAC > Equipment > Furnaces,1957.48,true
WEB-508981,Corvane Tundra 4 Ton Upflow Air Handler,Corvane,CV-87750-E,HVAC > Equipment > Air Handlers,2592.54,true
WEB-468333,Heliotemp Ember R-32 20 lb Cylinder Refrigerant,Heliotemp,HT-33237-J,HVAC > Supplies > Refrigerant,544.94,true
WEB-688932,Northwind Comfort Pioneer 1 HP 825 RPM Motor,Northwind Comfort,NW-12730-B,HVAC > Parts > Motors,156.71,true
WEB-288481,Arcticline Sterling 3 Ton 15 SEER Condenser,Arcticline,AL-13389-B,HVAC > Equipment > Condensers,5459.49,false
WEB-766246,Thermaxis Zephyr CO2 4-20mA Sensor,Thermaxis,TX-60396-K,HVAC > Controls > Sensors,52.05,true
WEB-656474,Corvane Atlas 3 Pole 40 Amp 120V Coil Contactor,Corvane,CV-38431-H,HVAC > Parts > Contactors,75.14,true
WEB-993912,Heliotemp Beacon 16x20x1 MERV 11 Filter,Heliotemp,HT-72470-C,HVAC > Supplies > Filters,48.02,true
WEB-652790,Thermaxis Atlas 2 Ton 14 SEER Condenser,Thermaxis,TX-88487-F,HVAC > Equipment > Condensers,2966.04,true
WEB-472270,Arcticline Sterling 3 Ton 18 SEER Condenser,Arcticline,AL-87316-C,HVAC > Equipment > Condensers,3559.15,false
WEB-365148,Arcticline Apex Programmable 2H/2C Thermostat,Arcticline,AL-63598-D,HVAC > Controls > Thermostats,223.77,true
WEB-368572,Northwind Comfort Atlas CO2 10K Sensor,Northwind Comfort,NW-40302-G,HVAC > Controls > Sensors,172.93,true
WEB-152881,Northwind Comfort Tundra 3/8 x 3/4 25 ft Line Set,Northwind Comfort,NW-65618-H,HVAC > Supplies > Line Sets,182.97,true
WEB-957170,Thermaxis Juniper 16x25x4 MERV 8 Filter,Thermaxis,TX-63883-K,HVAC > Supplies > Filters,12.65,true
WEB-267854,Ridgeway Air Beacon R-22 25 lb Cylinder Refrigerant,Ridgeway Air,RW-76604-J,HVAC > Supplies > Refrigerant,408.35,true
WEB-296400,Bluepeak Pioneer 1/3 HP 1075 RPM Motor,BLUEPEAK,BP-89003-J,HVAC > Parts > Motors,385.95,true
WEB-674520,Bluepeak Quarry Outdoor Temp 20K Sensor,Bluepeak,BP-70289-J,HVAC > Controls > Sensors,107.47,true
WEB-383117,Ridgeway Air Falcon Non-Programmable 3H/2C Thermostat,Ridgeway Air,RW-94469-B,HVAC > Controls > Thermostats,343.67,true
WEB-825395,Northwind Comfort Sable 3.5 Ton Upflow Air Handler,Northwind Comfort,NW-96244-G,HVAC > Equipment > Air Handlers,1076.17,true
WEB-904255,Northwind Comfort Tundra 40/5 MFD 440V Capacitor,Northwind Comfort,NW-74476-F,HVAC > Parts > Capacitors,44.86,true
WEB-254388,Heliotemp Summit 3/4 HP 1075 RPM Motor,Heliotemp Corp,HT-57172-J,HVAC > Parts > Motors,107.48,true
WEB-245114,Corvane Pioneer R-410A 25 lb Cylinder Refrigerant,Corvane,CV-24880-B,HVAC > Supplies > Refrigerant,217.87,true
WEB-766415,Ridgeway Air Mesa Humidity 20K Sensor,Ridgeway Air,RW-37293-G,HVAC > Controls > Sensors,142.97,true
WEB-431026,Bluepeak Orion 1 Pole 40 Amp 120V Coil Contactor,BluePeak HVAC,BP-85257-B,HVAC > Parts > Contactors,75.20,true
WEB-599599,Bluepeak Vector 1/4 HP 825 RPM Motor,BLUEPEAK,BP-74962-J,HVAC > Parts > Motors,395.40,true
WEB-404227,Corvane Apex 3/8 x 3/4 15 ft Line Set,Corvane,CV-27169-G,HVAC > Supplies > Line Sets,371.58,true
WEB-201131,Thermaxis Trident R-32 30 lb Cylinder Refrigerant,Thermaxis,TX-70527-D,HVAC > Supplies > Refrigerant,503.93,true
WEB-539251,Thermaxis Orion 2 Ton Horizontal Air Handler,Thermaxis,TX-75754-C,HVAC > Equipment > Air Handlers,2669.16,true
WEB-846795,Bluepeak Granite 1.5 Ton 18 SEER Heat Pump,BluePeak HVAC,BP-64810-B,HVAC > Equipment > Heat Pumps,2757.62,true
WEB-295278,Ridgeway Air Atlas R-22 10 lb Cylinder Refrigerant,Ridgeway Air,RW-59394-C,HVAC > Supplies > Refrigerant,187.62,true
WEB-340590,Ridgeway Air Sable 4 Ton Horizontal Air Handler,RIDGEWAY,RW-92115-B,HVAC > Equipment > Air Handlers,1135.39,true
WEB-184384,Northwind Comfort Meridian 4 Ton 16 SEER Condenser,Northwind Comfort,NW-30266-F,HVAC > Equipment > Condensers,3437.78,true
WEB-249668,Ridgeway Air Beacon Scroll 42K BTU R-454B Compressor,Ridgeway Air,RW-63019-K,HVAC > Parts > Compressors,1182.49,true
WEB-352033,Northwind Comfort Sable 1 Pole 30 Amp 240V Coil Contactor,Northwind Comfort,NW-54719-F,HVAC > Parts > Contactors,94.48,true
WEB-275798,Arcticline Vector 2 Ton 18 SEER Heat Pump,Arcticline,AL-31273-B,HVAC > Equipment > Heat Pumps,3236.78,true
WEB-984549,Ridgeway Air Mesa 1/4 x 3/8 35 ft Line Set,Ridgeway Air,RW-46907-D,HVAC > Supplies > Line Sets,299.63,true
WEB-920056,Arcticline Summit 4 Ton 20 SEER Condenser,Arcticline,AL-82227-D,HVAC > Equipment > Condensers,3005.07,true
WEB-733463,Bluepeak Delta Scroll 48K BTU R-410A Compressor,Bluepeak,BP-47264-G,HVAC > Parts > Compressors,971.35,true
WEB-140741,Arcticline Beacon 1 HP 1075 RPM Motor,Arcticline,AL-18076-G,HVAC > Parts > Motors,326.76,true
WEB-352823,Bluepeak Zephyr 3 Ton Multi-Position Air Handler,Bluepeak,BP-67943-E,HVAC > Equipment > Air Handlers,1084.62,true
WEB-621336,Bluepeak Keystone R-32 25 lb Cylinder Refrigerant,Bluepeak,BP-50625-G,HVAC > Supplies > Refrigerant,556.01,true
WEB-912777,Bluepeak Delta 1 Pole 40 Amp 24V Coil Contactor,BLUEPEAK,BP-84111-D,HVAC > Parts > Contactors,20.27,true
WEB-984647,Corvane Ember 60/10 MFD 370V Capacitor,Corvane,CV-90612-H,HVAC > Parts > Capacitors,32.79,true
WEB-651884,Heliotemp Mesa 1/4 x 3/8 15 ft Line Set,Heliotemp,HT-37980-G,HVAC > Supplies > Line Sets,333.49,true
WEB-302091,Corvane Meridian 2 Ton 14 SEER Heat Pump,Corvane,CV-93138-D,HVAC > Equipment > Heat Pumps,3522.46,true
WEB-106945,Northwind Comfort Cascade Smart Wi-Fi 2H/2C Thermostat,Northwind Comfort,NW-32205-A,HVAC > Controls > Thermostats,123.99,true
WEB-705184,Thermaxis Apex 40K BTU 97% AFUE Furnace,Thermaxis,TX-32147-G,HVAC > Equipment > Furnaces,3010.72,true
WEB-100929,Bluepeak Tundra 1.5 Ton 16 SEER Condenser,Bluepeak,BP-92085-A,HVAC > Equipment > Condensers,4193.70,true
WEB-171228,Ridgeway Air Summit Scroll 60K BTU R-410A Compressor,Ridgeway Air,RW-17719-A,HVAC > Parts > Compressors,2366.44,true
WEB-889869,Heliotemp Granite 3/8 x 3/4 35 ft Line Set,Heliotemp Corp,HT-46127-E,HVAC > Supplies > Line Sets,88.89,true
WEB-653753,Ridgeway Air Ember 45/10 MFD 440V Capacitor,Ridgeway Air,RW-16098-C,HVAC > Parts > Capacitors,67.02,true
WEB-798394,Corvane Keystone 4 Ton 16 SEER Heat Pump,Corvane,CV-12892-A,HVAC > Equipment > Heat Pumps,4094.46,true
WEB-920892,Thermaxis Sterling 1/6 HP 1625 RPM Motor,Thermaxis LLC,TX-39235-G,HVAC > Parts > Motors,338.68,true
WEB-655815,Ridgeway Air Harbor 16x25x4 MERV 8 Filter,Ridgeway Air,RW-21712-B,HVAC > Supplies > Filters,26.36,true
WEB-295711,Bluepeak Falcon 80K BTU 96% AFUE Furnace,Bluepeak,BP-63410-A,HVAC > Equipment > Furnaces,2214.52,true
WEB-709078,Bluepeak Trident 2 Pole 40 Amp 240V Coil Contactor,Bluepeak,BP-96851-J,HVAC > Parts > Contactors,51.12,true
WEB-565847,Heliotemp Meridian Smart Wi-Fi 1H/1C Thermostat,Heliotemp,HT-23696-K,HVAC > Controls > Thermostats,184.00,true
WEB-905712,Corvane Lumen Scroll 18K BTU R-410A Compressor,Corvane,CV-93600-F,HVAC > Parts > Compressors,1566.98,false
WEB-449015,Bluepeak Meridian 3/8 x 3/4 50 ft Line Set,Bluepeak,BP-35016-E,HVAC > Supplies > Line Sets,375.72,true
WEB-371030,Corvane Meridian 1.5 Ton 18 SEER Condenser,Corvane,CV-99337-H,HVAC > Equipment > Condensers,2901.59,true
WEB-605919,Thermaxis Falcon 35/3 MFD 370V Capacitor,Thermaxis,TX-78564-G,HVAC > Parts > Capacitors,58.31,true
WEB-337805,Thermaxis Pioneer R-22 20 lb Cylinder Refrigerant,Thermaxis,TX-78959-K,HVAC > Supplies > Refrigerant,279.67,true
WEB-648368,Northwind Comfort Keystone 3 Ton Multi-Position Air Handler,Northwind Comfort,NW-75669-G,HVAC > Equipment > Air Handlers,2938.06,true
WEB-468437,Arcticline Harbor Programmable 2H/2C Thermostat,Arcticline,AL-51134-B,HVAC > Controls > Thermostats,246.39,true
WEB-390251,Thermaxis Sterling 16x25x4 MERV 13 Filter,Thermaxis,TX-32497-J,HVAC > Supplies > Filters,50.10,false
WEB-274927,Thermaxis Vector Humidity 4-20mA Sensor,Thermaxis,TX-17060-A,HVAC > Controls > Sensors,89.12,true
WEB-494217,Heliotemp Falcon 3/8 x 3/4 25 ft Line Set,Heliotemp,HT-67384-E,HVAC > Supplies > Line Sets,249.99,true
WEB-277994,Ridgeway Air Quarry Smart Wi-Fi 3H/2C Thermostat,Ridgeway Air,RW-58031-A,HVAC > Controls > Thermostats,153.29,true
WEB-652304,Corvane Apex 3 Ton Multi-Position Air Handler,Corvane,CV-37796-J,HVAC > Equipment > Air Handlers,2338.06,false
WEB-570090,Corvane Meridian R-454B 10 lb Cylinder Refrigerant,Corvane,CV-37778-F,HVAC > Supplies > Refrigerant,295.14,true
WEB-312894,Heliotemp Tundra 2 Ton 18 SEER Heat Pump,Heliotemp,HT-31730-B,HVAC > Equipment > Heat Pumps,5647.10,true
WEB-501899,Arcticline Sable 2 Ton Horizontal Air Handler,Arcticline,AL-42250-A,HVAC > Equipment > Air Handlers,1313.79,true
WEB-727282,Heliotemp Meridian 20x25x2 MERV 11 Filter,Heliotemp,HT-69343-E,HVAC > Supplies > Filters,47.26,true
WEB-910575,Ridgeway Air Beacon 120K BTU 97% AFUE Furnace,Ridgeway Air,RW-53520-K,HVAC > Equipment > Furnaces,2309.78,true
WEB-838710,Ridgeway Air Atlas CO2 10K Sensor,Ridgeway Air,RW-40152-J,HVAC > Controls > Sensors,75.38,true
WEB-406867,Bluepeak Juniper Programmable 2H/2C Thermostat,Bluepeak,BP-98484-F,HVAC > Controls > Thermostats,203.77,true
WEB-216347,Heliotemp Meridian Humidity 20K Sensor,HELIOTEMP,HT-24318-F,HVAC > Controls > Sensors,76.78,true
WEB-420702,Northwind Comfort Quarry Non-Programmable 3H/2C Thermostat,Northwind Comfort,NW-26732-D,HVAC > Controls > Thermostats,95.88,true
WEB-452489,Ridgeway Air Lumen R-22 10 lb Cylinder Refrigerant,Ridgeway Air,RW-98681-D,HVAC > Supplies > Refrigerant,300.17,false
WEB-244211,Heliotemp Lumen 80K BTU 97% AFUE Furnace,Heliotemp,HT-80829-C,HVAC > Equipment > Furnaces,2145.82,true
WEB-150672,Thermaxis Harbor Non-Programmable 3H/2C Thermostat,Thermaxis,TX-92274-K,HVAC > Controls > Thermostats,340.98,true
WEB-831976,Ridgeway Air Quarry 2.5 Ton 20 SEER Condenser,Ridgeway Air,RW-24699-D,HVAC > Equipment > Condensers,4543.29,true
WEB-207766,Thermaxis Falcon 40K BTU 92% AFUE Furnace,Thermaxis,TX-39320-C,HVAC > Equipment > Furnaces,1711.18,true
WEB-936939,Heliotemp Atlas 3.5 Ton 16 SEER Heat Pump,Heliotemp,HT-97775-B,HVAC > Equipment > Heat Pumps,1846.67,false
WEB-180132,Arcticline Trident 2.5 Ton 14 SEER Condenser,Arcticline,AL-85821-C,HVAC > Equipment > Condensers,2462.95,true
WEB-853210,Arcticline Quarry CO2 4-20mA Sensor,Arcticline,AL-60174-G,HVAC > Controls > Sensors,77.34,true
WEB-215246,Bluepeak Tundra 20x20x4 MERV 8 Filter,Bluepeak,BP-83113-G,HVAC > Supplies > Filters,15.08,true
WEB-120280,Corvane Apex Outdoor Temp 20K Sensor,Corvane,CV-11344-H,HVAC > Controls > Sensors,134.35,true
WEB-129451,Northwind Comfort Delta 3 Ton Multi-Position Air Handler,Northwind Comfort,NW-92682-G,HVAC > Equipment > Air Handlers,2232.90,true
WEB-258420,Heliotemp Orion Scroll 30K BTU R-454B Compressor,Helio-Temp,HT-91039-J,HVAC > Parts > Compressors,1399.60,true
WEB-818796,Thermaxis Tundra R-32 25 lb Cylinder Refrigerant,Thermaxis,TX-61380-C,HVAC > Supplies > Refrigerant,561.97,true
WEB-677683,Corvane Atlas 3.5 Ton 16 SEER Heat Pump,Corvane,CV-74685-J,HVAC > Equipment > Heat Pumps,5441.22,false
WEB-183652,Bluepeak Lumen Non-Programmable 1H/1C Thermostat,Bluepeak,BP-49837-C,HVAC > Controls > Thermostats,201.50,true
WEB-344230,Heliotemp Pioneer 3/4 HP 1075 RPM Motor,Heliotemp,HT-61696-G,HVAC > Parts > Motors,264.41,true
WEB-557983,Northwind Comfort Summit 5 Ton Multi-Position Air Handler,Northwind Comfort,NW-64619-J,HVAC > Equipment > Air Handlers,1251.42,true
WEB-522411,Ridgeway Air Lumen 3/8 x 3/4 25 ft Line Set,Ridgeway Air,RW-36007-B,HVAC > Supplies > Line Sets,123.64,true
WEB-120930,Arcticline Quarry Humidity 4-20mA Sensor,Arcticline,AL-72604-J,HVAC > Controls > Sensors,109.33,true
WEB-376559,Heliotemp Atlas Scroll 42K BTU R-454B Compressor,Heliotemp,HT-64568-C,HVAC > Parts > Compressors,2113.14,true
WEB-437643,Corvane Quarry 100K BTU 96% AFUE Furnace,Corvane,CV-13267-H,HVAC > Equipment > Furnaces,1797.82,true
WEB-476127,Northwind Comfort Zephyr Scroll 30K BTU R-410A Compressor,Northwind Comfort,NW-66982-G,HVAC > Parts > Compressors,1584.48,true
WEB-971206,Heliotemp Pioneer 3/8 x 3/4 25 ft Line Set,Heliotemp,HT-19157-J,HVAC > Supplies > Line Sets,103.09,true
WEB-644794,Corvane Vector 1/6 HP 825 RPM Motor,Corvane,CV-83053-E,HVAC > Parts > Motors,205.47,true
WEB-928786,Arcticline Atlas R-22 30 lb Cylinder Refrigerant,Arcticline,AL-52096-J,HVAC > Supplies > Refrigerant,393.22,true
WEB-798050,Thermaxis Beacon 1/4 x 3/8 15 ft Line Set,THERMAXIS,TX-83539-C,HVAC > Supplies > Line Sets,212.72,true
WEB-397748,Bluepeak Juniper Non-Programmable 1H/1C Thermostat,Bluepeak,BP-99491-E,HVAC > Controls > Thermostats,264.09,true
WEB-752902,Northwind Comfort Summit 2 Ton 14 SEER Heat Pump,Northwind Comfort,NW-45328-J,HVAC > Equipment > Heat Pumps,3417.66,false
WEB-576923,Thermaxis Tundra Duct Temp 10K Sensor,Thermaxis LLC,TX-53313-G,HVAC > Controls > Sensors,69.88,true
WEB-860958,Corvane Atlas 3.5 Ton 20 SEER Heat Pump,CORVANE,CV-25783-E,HVAC > Equipment > Heat Pumps,5618.63,true
WEB-301203,Thermaxis Cascade 5 Ton Multi-Position Air Handler,Thermaxis,TX-49161-F,HVAC > Equipment > Air Handlers,2587.62,true
WEB-505070,Bluepeak Beacon 3.5 Ton Upflow Air Handler,Bluepeak,BP-27577-D,HVAC > Equipment > Air Handlers,3062.87,true
WEB-795792,Northwind Comfort Lumen 2.5 Ton 15 SEER Heat Pump,Northwind Comfort,NW-61786-E,HVAC > Equipment > Heat Pumps,3168.32,true
WEB-481093,Thermaxis Cascade 1/6 HP 1075 RPM Motor,Thermaxis,TX-43522-E,HVAC > Parts > Motors,522.18,false
WEB-728204,Heliotemp Zephyr 1/4 HP 825 RPM Motor,Heliotemp,HT-64776-G,HVAC > Parts > Motors,423.37,true
WEB-206015,Heliotemp Quarry 1/6 HP 1075 RPM Motor,Heliotemp,HT-83959-C,HVAC > Parts > Motors,450.96,true
WEB-100949,Bluepeak Delta 1 Pole 40 Amp 240V Coil Contactor,Bluepeak,BP-30159-G,HVAC > Parts > Contactors,43.93,true
WEB-591349,Heliotemp Falcon 120K BTU 96% AFUE Furnace,HELIOTEMP,HT-95764-G,HVAC > Equipment > Furnaces,1597.44,true
WEB-885047,Arcticline Mesa 3/8 x 3/4 15 ft Line Set,Arcticline,AL-47375-G,HVAC > Supplies > Line Sets,141.00,true
WEB-446415,Arcticline Zephyr 1 Pole 30 Amp 120V Coil Contactor,Arcticline,AL-76746-B,HVAC > Parts > Contactors,28.65,true
WEB-768504,Arcticline Apex 60K BTU 97% AFUE Furnace,Arcticline,AL-58196-A,HVAC > Equipment > Furnaces,3361.67,true
WEB-118647,Heliotemp Summit 1/4 HP 1625 RPM Motor,Heliotemp,HT-48513-E,HVAC > Parts > Motors,242.47,true
WEB-302983,Arcticline Sterling Non-Programmable 2H/2C Thermostat,Arctic Line,AL-76262-C,HVAC > Controls > Thermostats,351.90,true
WEB-854713,Northwind Comfort Cascade 45/5 MFD 440V Capacitor,Northwind Comfort,NW-44466-F,HVAC > Parts > Capacitors,12.19,true
WEB-447889,Heliotemp Trident 5 Ton Horizontal Air Handler,Heliotemp,HT-44005-B,HVAC > Equipment > Air Handlers,1668.49,false
WEB-503380,Northwind Comfort Harbor 1/3 HP 1625 RPM Motor,Northwind Comfort,NW-38729-A,HVAC > Parts > Motors,276.58,true
WEB-363940,Northwind Comfort Quarry 3/8 x 7/8 25 ft Line Set,Northwind Comfort,NW-32273-D,HVAC > Supplies > Line Sets,168.72,true
WEB-362862,Bluepeak Granite 16x20x4 MERV 8 Filter,Bluepeak,BP-20779-F,HVAC > Supplies > Filters,40.09,true
WEB-739827,Arcticline Tundra 120K BTU 97% AFUE Furnace,Arcticline,AL-17257-J,HVAC > Equipment > Furnaces,3168.02,true
WEB-354230,Corvane Ember 20x25x1 MERV 8 Filter,CORVANE,CV-75675-H,HVAC > Supplies > Filters,35.02,true
WEB-433605,Arcticline Apex 2 Ton 14 SEER Heat Pump,Arcticline,AL-93094-H,HVAC > Equipment > Heat Pumps,2458.80,true
WEB-886532,Ridgeway Air Meridian 60K BTU 96% AFUE Furnace,RIDGEWAY,RW-72016-J,HVAC > Equipment > Furnaces,3935.30,true
WEB-215281,Heliotemp Atlas 3 Pole 50 Amp 24V Coil Contactor,Heliotemp,HT-73337-F,HVAC > Parts > Contactors,84.25,true
WEB-639986,Thermaxis Meridian 1/4 HP 1075 RPM Motor,Therm-Axis,TX-90713-A,HVAC > Parts > Motors,258.19,true
WEB-217732,Northwind Comfort Mesa R-22 30 lb Cylinder Refrigerant,Northwind Comfort,NW-43573-A,HVAC > Supplies > Refrigerant,497.27,true
WEB-979874,Northwind Comfort Lumen 3.5 Ton 16 SEER Condenser,NORTHWIND,NW-86715-G,HVAC > Equipment > Condensers,2569.81,true
WEB-596940,Bluepeak Cascade CO2 20K Sensor,BLUEPEAK,BP-10220-F,HVAC > Controls > Sensors,58.42,true
WEB-947857,Arcticline Atlas 3.5 Ton 18 SEER Heat Pump,Arcticline,AL-84847-D,HVAC > Equipment > Heat Pumps,4382.46,true
WEB-163051,Northwind Comfort Atlas 2 Pole 40 Amp 24V Coil Contactor,Northwind Comfort Inc,NW-93687-H,HVAC > Parts > Contactors,43.04,true
WEB-407875,Heliotemp Summit 2 Ton 15 SEER Heat Pump,Heliotemp,HT-53462-E,HVAC > Equipment > Heat Pumps,4541.34,true
WEB-106897,Corvane Tundra 5 Ton 15 SEER Heat Pump,Corvane,CV-24575-C,HVAC > Equipment > Heat Pumps,4768.66,true
WEB-932968,Northwind Comfort Granite Scroll 24K BTU R-410A Compressor,Northwind Comfort,NW-75104-D,HVAC > Parts > Compressors,1453.54,true
WEB-980255,Bluepeak Orion 3 Ton 15 SEER Condenser,Bluepeak,BP-82759-J,HVAC > Equipment > Condensers,3737.27,true
WEB-882661,Arcticline Harbor Scroll 48K BTU R-410A Compressor,Arcticline,AL-57427-F,HVAC > Parts > Compressors,1675.00,true
WEB-114384,Corvane Orion R-32 30 lb Cylinder Refrigerant,Corvane,CV-91113-C,HVAC > Supplies > Refrigerant,328.64,true
WEB-246773,Thermaxis Sable 35/10 MFD 370V Capacitor,Thermaxis,TX-85980-H,HVAC > Parts > Capacitors,70.30,true
WEB-492020,Heliotemp Pioneer Scroll 48K BTU R-410A Compressor,HELIOTEMP,HT-35208-D,HVAC > Parts > Compressors,1260.39,false
WEB-447473,Heliotemp Lumen Scroll 18K BTU R-454B Compressor,Heliotemp,HT-76998-B,HVAC > Parts > Compressors,765.68,true
WEB-188439,Ridgeway Air Harbor 1 Pole 50 Amp 120V Coil Contactor,Ridgeway Air,RW-30833-G,HVAC > Parts > Contactors,17.69,true
WEB-232618,Northwind Comfort Apex 4 Ton 20 SEER Condenser,Northwind Comfort,NW-90083-D,HVAC > Equipment > Condensers,2398.36,true
WEB-526134,Northwind Comfort Lumen 16x20x2 MERV 13 Filter,Northwind Comfort,NW-58374-F,HVAC > Supplies > Filters,41.10,true
WEB-620193,Corvane Cascade 40K BTU 96% AFUE Furnace,Corvane,CV-78006-B,HVAC > Equipment > Furnaces,2468.38,true
WEB-488894,Heliotemp Apex 55/5 MFD 370V Capacitor,Heliotemp,HT-83482-B,HVAC > Parts > Capacitors,75.54,true
WEB-255414,Corvane Zephyr 4 Ton 15 SEER Condenser,Corvane,CV-41799-J,HVAC > Equipment > Condensers,5617.58,true
WEB-760292,Northwind Comfort Apex 40/10 MFD 370V Capacitor,Northwind Comfort,NW-78116-J,HVAC > Parts > Capacitors,64.46,true
WEB-134848,Corvane Harbor 1/4 HP 825 RPM Motor,Corvane,CV-36584-J,HVAC > Parts > Motors,547.16,true
WEB-355389,Thermaxis Beacon 1.5 Ton 16 SEER Heat Pump,Thermaxis LLC,TX-99868-D,HVAC > Equipment > Heat Pumps,4767.15,true
WEB-325003,Heliotemp Mesa 3 Ton 16 SEER Heat Pump,Heliotemp,HT-17859-C,HVAC > Equipment > Heat Pumps,2623.99,true
WEB-423396,Thermaxis Zephyr 4 Ton 15 SEER Condenser,Thermaxis,TX-84755-E,HVAC > Equipment > Condensers,4266.48,true
WEB-708383,Heliotemp Harbor Scroll 30K BTU R-410A Compressor,Heliotemp Corp,HT-94986-F,HVAC > Parts > Compressors,716.00,true
WEB-427145,Heliotemp Quarry Duct Temp 4-20mA Sensor,Heliotemp,HT-74886-K,HVAC > Controls > Sensors,68.10,true
WEB-973691,Northwind Comfort Mesa 1.5 Ton 20 SEER Condenser,Northwind Comfort,NW-40101-A,HVAC > Equipment > Condensers,1796.64,true
WEB-565447,Thermaxis Summit 1/6 HP 1625 RPM Motor,THERMAXIS,TX-77355-G,HVAC > Parts > Motors,112.74,true
WEB-444220,Bluepeak Cascade Programmable 1H/1C Thermostat,Bluepeak,BP-49107-H,HVAC > Controls > Thermostats,310.87,true
WEB-284754,Bluepeak Zephyr 50/10 MFD 370V Capacitor,Bluepeak,BP-10099-B,HVAC > Parts > Capacitors,60.92,true
WEB-826728,Bluepeak Ember Smart Wi-Fi 2H/2C Thermostat,Bluepeak,BP-37725-B,HVAC > Controls > Thermostats,104.69,true
WEB-800444,Corvane Granite R-32 25 lb Cylinder Refrigerant,Corvane,CV-60789-H,HVAC > Supplies > Refrigerant,204.13,true
WEB-582798,Bluepeak Apex 3 Ton 20 SEER Heat Pump,BLUEPEAK,BP-43385-G,HVAC > Equipment > Heat Pumps,4015.43,true
WEB-165665,Heliotemp Sable CO2 20K Sensor,Heliotemp,HT-27897-K,HVAC > Controls > Sensors,160.89,true
WEB-740012,Thermaxis Tundra Smart Wi-Fi 1H/1C Thermostat,Therm-Axis,TX-44232-J,HVAC > Controls > Thermostats,410.75,true
WEB-653667,Arcticline Keystone 80K BTU 92% AFUE Furnace,Arcticline,AL-76711-K,HVAC > Equipment > Furnaces,1697.01,true
WEB-841492,Heliotemp Cascade 3.5 Ton 16 SEER Condenser,Heliotemp,HT-85256-B,HVAC > Equipment > Condensers,1546.77,true
WEB-379513,Ridgeway Air Ember 100K BTU 96% AFUE Furnace,Ridgeway Air,RW-82490-A,HVAC > Equipment > Furnaces,3533.35,true
WEB-287160,Thermaxis Cascade 2 Ton Multi-Position Air Handler,Thermaxis,TX-16774-E,HVAC > Equipment > Air Handlers,2576.58,true
WEB-471776,Northwind Comfort Pioneer R-32 10 lb Cylinder Refrigerant,Northwind Comfort,NW-41297-F,HVAC > Supplies > Refrigerant,511.12,true
WEB-690674,Heliotemp Zephyr 4 Ton 14 SEER Heat Pump,Heliotemp,HT-58206-C,HVAC > Equipment > Heat Pumps,3425.44,true
WEB-690671,Heliotemp Zephyr 3.5 Ton Horizontal Air Handler,Heliotemp,HT-48784-G,HVAC > Equipment > Air Handlers,1497.18,true
WEB-354596,Heliotemp Atlas 2 Pole 40 Amp 24V Coil Contactor,Heliotemp,HT-71199-C,HVAC > Parts > Contactors,41.81,true
WEB-834757,Northwind Comfort Lumen 2.5 Ton Horizontal Air Handler,Northwind Comfort,NW-47413-J,HVAC > Equipment > Air Handlers,1907.30,true
WEB-395193,Corvane Ember 1/2 HP 1075 RPM Motor,Corvane,CV-25624-E,HVAC > Parts > Motors,423.78,true
WEB-533142,Arcticline Cascade 3 Ton 18 SEER Heat Pump,Arcticline,AL-53708-C,HVAC > Equipment > Heat Pumps,1768.04,true
WEB-832021,Corvane Zephyr 3/8 x 3/4 15 ft Line Set,Corvane,CV-27241-J,HVAC > Supplies > Line Sets,273.85,true
WEB-931724,Ridgeway Air Ember Humidity 10K Sensor,Ridgeway Air,RW-85308-H,HVAC > Controls > Sensors,110.97,true
WEB-819736,Arcticline Mesa 2 Pole 40 Amp 240V Coil Contactor,Arcticline,AL-18582-H,HVAC > Parts > Contactors,62.90,true
WEB-208475,Bluepeak Zephyr Smart Wi-Fi 2H/2C Thermostat,Bluepeak,BP-25955-B,HVAC > Controls > Thermostats,138.32,true
WEB-453392,Northwind Comfort Ember 40K BTU 92% AFUE Furnace,Northwind Comfort,NW-81856-A,HVAC > Equipment > Furnaces,1870.09,true
WEB-774101,Arcticline Quarry 16x25x2 MERV 8 Filter,Arcticline,AL-52720-G,HVAC > Supplies > Filters,16.25,true
WEB-406975,Ridgeway Air Apex Duct Temp 4-20mA Sensor,Ridgeway Air,RW-93103-A,HVAC > Controls > Sensors,29.62,true
WEB-491438,Ridgeway Air Vector Smart Wi-Fi 2H/2C Thermostat,Ridgeway Air,RW-41612-H,HVAC > Controls > Thermostats,283.66,true
WEB-510829,Corvane Tundra Outdoor Temp 4-20mA Sensor,Corvane,CV-52813-F,HVAC > Controls > Sensors,25.67,true
WEB-922462,Thermaxis Sable 3 Ton Multi-Position Air Handler,Thermaxis,TX-53454-A,HVAC > Equipment > Air Handlers,2073.70,true
WEB-154602,Thermaxis Summit Scroll 30K BTU R-410A Compressor,Thermaxis,TX-73586-E,HVAC > Parts > Compressors,930.46,true
WEB-193366,Northwind Comfort Beacon 4 Ton Horizontal Air Handler,Northwind Comfort,NW-25772-J,HVAC > Equipment > Air Handlers,974.92,true
WEB-825449,Bluepeak Apex 1/4 x 3/8 35 ft Line Set,Blue Peak,BP-58988-G,HVAC > Supplies > Line Sets,280.78,true
WEB-739025,Corvane Falcon 1/6 HP 1075 RPM Motor,Corvane,CV-92367-B,HVAC > Parts > Motors,432.13,true
WEB-390683,Heliotemp Zephyr 2 Pole 40 Amp 24V Coil Contactor,Heliotemp Corp,HT-73317-A,HVAC > Parts > Contactors,124.81,true
WEB-948397,Heliotemp Cascade 55/5 MFD 370V Capacitor,Heliotemp,HT-68424-G,HVAC > Parts > Capacitors,46.81,true
WEB-906440,Heliotemp Meridian 2.5 Ton Horizontal Air Handler,Heliotemp,HT-37249-G,HVAC > Equipment > Air Handlers,1732.87,true
WEB-497590,Corvane Delta 3/8 x 7/8 25 ft Line Set,Corvane,CV-29941-G,HVAC > Supplies > Line Sets,136.70,true
WEB-622692,Arcticline Pioneer 1 HP 825 RPM Motor,Arcticline,AL-25778-A,HVAC > Parts > Motors,416.16,true
WEB-839845,Northwind Comfort Sable Scroll 48K BTU R-410A Compressor,Northwind Comfort,NW-80723-G,HVAC > Parts > Compressors,637.02,true
WEB-105485,Arcticline Zephyr 1/2 HP 825 RPM Motor,Arcticline,AL-34391-K,HVAC > Parts > Motors,553.17,true
WEB-997865,Heliotemp Juniper 60K BTU 92% AFUE Furnace,Heliotemp,HT-55863-A,HVAC > Equipment > Furnaces,2008.86,true
WEB-879493,Corvane Juniper 20x25x1 MERV 11 Filter,Corvane,CV-64777-B,HVAC > Supplies > Filters,39.26,true
WEB-438619,Thermaxis Quarry 3 Ton Horizontal Air Handler,Therm-Axis,TX-88931-E,HVAC > Equipment > Air Handlers,1294.69,true
WEB-425566,Arcticline Ember R-410A 25 lb Cylinder Refrigerant,Arcticline,AL-64896-G,HVAC > Supplies > Refrigerant,248.36,true
WEB-992734,Heliotemp Mesa Scroll 24K BTU R-410A Compressor,Heliotemp,HT-93996-J,HVAC > Parts > Compressors,2117.81,true
WEB-959120,Thermaxis Atlas 1/6 HP 1075 RPM Motor,Thermaxis,TX-87576-C,HVAC > Parts > Motors,101.81,true
WEB-520062,Thermaxis Delta 4 Ton 15 SEER Condenser,Thermaxis,TX-20154-K,HVAC > Equipment > Condensers,1722.69,true
WEB-584224,Heliotemp Falcon 60K BTU 92% AFUE Furnace,Heliotemp,HT-78061-K,HVAC > Equipment > Furnaces,3943.27,true
WEB-109516,Heliotemp Lumen 35/10 MFD 440V Capacitor,Heliotemp,HT-89925-F,HVAC > Parts > Capacitors,23.86,true
WEB-808541,Corvane Delta Scroll 42K BTU R-454B Compressor,Corvane,CV-17102-E,HVAC > Parts > Compressors,1890.79,true
WEB-961510,Thermaxis Vector Programmable 2H/2C Thermostat,Thermaxis,TX-41460-A,HVAC > Controls > Thermostats,120.79,false
WEB-547885,Thermaxis Granite 3 Pole 40 Amp 120V Coil Contactor,Thermaxis,TX-69433-K,HVAC > Parts > Contactors,45.86,true
WEB-868113,Thermaxis Mesa 3/8 x 3/4 35 ft Line Set,Thermaxis,TX-22344-D,HVAC > Supplies > Line Sets,243.84,true
WEB-460553,Heliotemp Orion 2 Pole 30 Amp 120V Coil Contactor,Heliotemp,HT-21402-B,HVAC > Parts > Contactors,84.69,true
WEB-869600,Heliotemp Apex 2.5 Ton 16 SEER Condenser,Heliotemp,HT-60772-K,HVAC > Equipment > Condensers,4049.09,true
WEB-257450,Corvane Mesa CO2 20K Sensor,Corvane,CV-64214-C,HVAC > Controls > Sensors,38.60,true
WEB-513488,Arcticline Zephyr CO2 10K Sensor,Arcticline,AL-27080-E,HVAC > Controls > Sensors,86.88,true
WEB-531167,Bluepeak Keystone Smart Wi-Fi 3H/2C Thermostat,Bluepeak,BP-7617-8H,HVAC > Controls > Thermostats,169.20,true
WEB-652866,Ridgeway Air Sterling 45/10 MFD 370V Capacitor,Ridgeway Air,RW-65095-H,HVAC > Parts > Capacitors,85.74,true
WEB-829444,Bluepeak Sterling 1/6 HP 1625 RPM Motor,Bluepeak,BP-86774-G,HVAC > Parts > Motors,210.64,true
WEB-570411,Thermaxis Beacon 5 Ton Horizontal Air Handler,Thermaxis,TX-69731-E,HVAC > Equipment > Air Handlers,2437.73,true
WEB-331916,Northwind Comfort Apex Smart Wi-Fi 3H/2C Thermostat,Northwind Comfort,NW-87243-D,HVAC > Controls > Thermostats,346.54,true
WEB-941755,Ridgeway Air Meridian Humidity 4-20mA Sensor,Ridgeway Air,RW2-2535-G,HVAC > Controls > Sensors,157.16,true
WEB-613232,Northwind Comfort Zephyr 4 Ton 15 SEER Condenser,N/W Comfort,NW-59817-B,HVAC > Equipment > Condensers,4333.04,true
WEB-767214,Arcticline Juniper 5 Ton Horizontal Air Handler,Arcticline,AL-80069-E,HVAC > Equipment > Air Handlers,1691.62,true
WEB-177628,Northwind Comfort Harbor 40K BTU 96% AFUE Furnace,NORTHWIND,NW-13406-A,HVAC > Equipment > Furnaces,1708.16,true
WEB-223479,Bluepeak Tundra 45/5 MFD 440V Capacitor,Bluepeak,BP-20791-G,HVAC > Parts > Capacitors,48.19,true
WEB-672855,Thermaxis Summit 2.5 Ton 15 SEER Heat Pump,Thermaxis,TX-48399-J,HVAC > Equipment > Heat Pumps,2712.19,true
WEB-853308,Corvane Mesa R-454B 20 lb Cylinder Refrigerant,Corvane,CV-39855-F,HVAC > Supplies > Refrigerant,465.49,true
WEB-249010,Thermaxis Zephyr R-32 25 lb Cylinder Refrigerant,Thermaxis,TX-53805-F,HVAC > Supplies > Refrigerant,382.50,true
WEB-943952,Northwind Comfort Juniper 20x20x4 MERV 13 Filter,Northwind Comfort,NW-30744-K,HVAC > Supplies > Filters,25.17,true
WEB-746883,Bluepeak Pioneer 60K BTU 92% AFUE Furnace,Bluepeak,BP-21810-E,HVAC > Equipment > Furnaces,3314.77,true
WEB-950944,Corvane Pioneer 20x20x4 MERV 8 Filter,Corvane,CV-36066-K,HVAC > Supplies > Filters,43.15,true
WEB-981422,Ridgeway Air Quarry CO2 20K Sensor,Ridgeway Air,RW-38600-F,HVAC > Controls > Sensors,31.01,true
WEB-606491,Northwind Comfort Pioneer 3.5 Ton 15 SEER Condenser,Northwind Comfort,NW-53795-B,HVAC > Equipment > Condensers,4387.07,true
WEB-632812,Ridgeway Air Vector 5 Ton Multi-Position Air Handler,Ridgeway Air,RW-14268-G,HVAC > Equipment > Air Handlers,1724.86,true
WEB-577520,Thermaxis Zephyr Non-Programmable 1H/1C Thermostat,Thermaxis,TX-73506-F,HVAC > Controls > Thermostats,352.62,true
WEB-132870,Ridgeway Air Sterling 16x20x1 MERV 13 Filter,Ridgeway Air,RW-74979-F,HVAC > Supplies > Filters,15.76,true
WEB-963058,Ridgeway Air Mesa 35/5 MFD 440V Capacitor,Ridgeway Air,RW-34410-J,HVAC > Parts > Capacitors,18.11,true
WEB-271377,Arcticline Juniper CO2 10K Sensor,Arcticline,AL-91476-C,HVAC > Controls > Sensors,151.59,true
WEB-127311,Northwind Comfort Trident 5 Ton 20 SEER Heat Pump,Northwind Comfort,NW-98628-A,HVAC > Equipment > Heat Pumps,4960.37,true
WEB-528805,Heliotemp Ember 16x25x1 MERV 13 Filter,Heliotemp,HT-58242-J,HVAC > Supplies > Filters,22.87,true
WEB-245655,Ridgeway Air Beacon 3 Ton Horizontal Air Handler,Ridgeway Air,RW-75540-D,HVAC > Equipment > Air Handlers,1666.12,true
WEB-114061,Corvane Sterling Humidity 4-20mA Sensor,Corvane,CV-28368-H,HVAC > Controls > Sensors,14.00,true
WEB-501358,Thermaxis Delta 60K BTU 80% AFUE Furnace,Thermaxis,TX-76741-F,HVAC > Equipment > Furnaces,3347.21,true
WEB-873358,Thermaxis Orion 60/10 MFD 440V Capacitor,Thermaxis,TX-83493-F,HVAC > Parts > Capacitors,21.95,true
WEB-758038,Thermaxis Pioneer Scroll 60K BTU R-410A Compressor,Thermaxis,TX-45051-G,HVAC > Parts > Compressors,1758.98,true
WEB-455652,Heliotemp Delta 1.5 Ton 18 SEER Heat Pump,Heliotemp,HT-53245-B,HVAC > Equipment > Heat Pumps,1883.58,true
WEB-346021,Ridgeway Air Apex 35/3 MFD 440V Capacitor,Ridgeway Air,RW-68475-G,HVAC > Parts > Capacitors,13.59,true
WEB-619109,Northwind Comfort Orion 2.5 Ton 18 SEER Condenser,Northwind Comfort,NW-64421-C,HVAC > Equipment > Condensers,1323.44,true
WEB-406943,Heliotemp Zephyr 16x20x1 MERV 8 Filter,Heliotemp,HT-53412-E,HVAC > Supplies > Filters,37.19,true
WEB-215313,Ridgeway Air Meridian 2.5 Ton Multi-Position Air Handler,Ridgeway Air,RW-29811-K,HVAC > Equipment > Air Handlers,2764.61,true
WEB-103536,Thermaxis Lumen 20x25x4 MERV 11 Filter,Thermaxis,TX-62284-B,HVAC > Supplies > Filters,22.76,true
WEB-575722,Heliotemp Ember 2.5 Ton 16 SEER Heat Pump,Heliotemp,HT-11754-G,HVAC > Equipment > Heat Pumps,2494.13,true
WEB-381303,Corvane Sable 3 Ton 20 SEER Condenser,Corvane,CV-78626-G,HVAC > Equipment > Condensers,2642.87,true
WEB-767005,Thermaxis Delta 3.5 Ton Upflow Air Handler,Thermaxis,TX-14705-A,HVAC > Equipment > Air Handlers,1044.64,true
WEB-455721,Bluepeak Harbor 60K BTU 80% AFUE Furnace,Bluepeak,BP-21018-E,HVAC > Equipment > Furnaces,1682.00,true
WEB-757120,Northwind Comfort Tundra 60K BTU 80% AFUE Furnace,Northwind Comfort,NW-79432-G,HVAC > Equipment > Furnaces,1023.76,true
WEB-685676,Ridgeway Air Lumen Duct Temp 20K Sensor,Ridgeway Air,RW-23381-F,HVAC > Controls > Sensors,39.85,true
WEB-155147,Arcticline Sterling 20x25x1 MERV 13 Filter,Arcticline,AL-19363-K,HVAC > Supplies > Filters,55.98,true
WEB-656722,Northwind Comfort Zephyr 1/2 HP 1075 RPM Motor,Northwind Comfort,NW-86804-D,HVAC > Parts > Motors,249.10,true
WEB-760149,Arcticline Tundra 3 Ton 15 SEER Condenser,Arcticline,AL-58852-J,HVAC > Equipment > Condensers,5248.77,true
WEB-487396,Corvane Trident Scroll 42K BTU R-454B Compressor,Corvane,CV-31211-F,HVAC > Parts > Compressors,1174.01,true
WEB-202631,Arcticline Apex Scroll 42K BTU R-410A Compressor,Arcticline,AL-67668-B,HVAC > Parts > Compressors,1386.91,true
WEB-759810,Arcticline Harbor 3 Ton Upflow Air Handler,Arcticline,AL-64444-G,HVAC > Equipment > Air Handlers,1083.84,true
WEB-344288,Northwind Comfort Pioneer Programmable 2H/2C Thermostat,Northwind Comfort,NW-98684-F,HVAC > Controls > Thermostats,96.44,true
WEB-391384,Thermaxis Sable 16x25x2 MERV 13 Filter,Thermaxis,TX-14965-J,HVAC > Supplies > Filters,38.71,true
WEB-556373,Heliotemp Pioneer 2.5 Ton 20 SEER Heat Pump,Heliotemp,HT-36495-A,HVAC > Equipment > Heat Pumps,4748.20,true
WEB-279022,Northwind Comfort Ember 40K BTU 80% AFUE Furnace,Northwind Comfort,NW-71149-A,HVAC > Equipment > Furnaces,1933.40,true
WEB-817122,Arcticline Lumen Humidity 4-20mA Sensor,Arcticline,AL-90844-F,HVAC > Controls > Sensors,66.14,true
WEB-750238,Ridgeway Air Pioneer R-410A 30 lb Cylinder Refrigerant,Ridgeway Air,RW-68719-E,HVAC > Supplies > Refrigerant,619.34,true
WEB-157114,Northwind Comfort Harbor 1/4 x 3/8 35 ft Line Set,Northwind Comfort,NW-28817-A,HVAC > Supplies > Line Sets,112.45,true
WEB-524485,Northwind Comfort Trident 1/6 HP 825 RPM Motor,Northwind Comfort,NW-35620-H,HVAC > Parts > Motors,179.10,true
WEB-685256,Ridgeway Air Granite 45/5 MFD 440V Capacitor,Ridgeway Air,RW-66931-C,HVAC > Parts > Capacitors,26.06,true
WEB-480205,Ridgeway Air Vector Scroll 36K BTU R-410A Compressor,Ridgeway Air,RW-22725-F,HVAC > Parts > Compressors,1706.83,true
WEB-298199,Ridgeway Air Keystone 45/7.5 MFD 370V Capacitor,Ridgeway Air Prod,RW-78137-G,HVAC > Parts > Capacitors,19.91,false
WEB-266477,Arcticline Trident 3.5 Ton Horizontal Air Handler,Arcticline,AL-46416-C,HVAC > Equipment > Air Handlers,2737.19,true
WEB-664298,Northwind Comfort Summit 2.5 Ton Horizontal Air Handler,Northwind Comfort,NW-29570-H,HVAC > Equipment > Air Handlers,1114.30,true
WEB-653351,Heliotemp Beacon 3.5 Ton 14 SEER Heat Pump,Heliotemp,HT-96333-H,HVAC > Equipment > Heat Pumps,2954.03,true
WEB-665368,Ridgeway Air Orion R-454B 30 lb Cylinder Refrigerant,RIDGEWAY,RW-52458-J,HVAC > Supplies > Refrigerant,590.12,true
WEB-566121,Northwind Comfort Meridian R-32 25 lb Cylinder Refrigerant,Northwind Comfort,NW-29571-C,HVAC > Supplies > Refrigerant,534.33,true
WEB-411013,Corvane Granite 4 Ton Upflow Air Handler,Corvane,CV-76562-K,HVAC > Equipment > Air Handlers,2556.33,true
WEB-106416,Corvane Mesa 3.5 Ton 16 SEER Condenser,Corvane,CV-31211-E,HVAC > Equipment > Condensers,1798.12,true
WEB-547144,Bluepeak Beacon Duct Temp 4-20mA Sensor,Bluepeak,BP-90136-E,HVAC > Controls > Sensors,35.04,false
WEB-615321,Bluepeak Tundra 16x20x1 MERV 11 Filter,BluePeak HVAC,BP-40748-K,HVAC > Supplies > Filters,45.72,true
WEB-596299,Corvane Granite 2.5 Ton 14 SEER Heat Pump,Corvane,CV-11988-K,HVAC > Equipment > Heat Pumps,6169.22,true
WEB-336239,Corvane Summit 120K BTU 80% AFUE Furnace,Corvane,CV-25284-H,HVAC > Equipment > Furnaces,3079.80,true
WEB-898745,Heliotemp Ember 1 HP 825 RPM Motor,Heliotemp,HT-35307-H,HVAC > Parts > Motors,547.22,true
WEB-752502,Heliotemp Cascade 3/8 x 7/8 35 ft Line Set,Heliotemp,HT-58732-A,HVAC > Supplies > Line Sets,179.10,true
WEB-301445,Ridgeway Air Summit R-32 10 lb Cylinder Refrigerant,Ridgeway Air,RW-28563-K,HVAC > Supplies > Refrigerant,274.43,true
WEB-223100,Bluepeak Harbor Non-Programmable 2H/2C Thermostat,Bluepeak,BP-95864-A,HVAC > Controls > Thermostats,373.87,true
WEB-354247,Heliotemp Apex Outdoor Temp 10K Sensor,Heliotemp,HT-32680-A,HVAC > Controls > Sensors,144.64,true
WEB-160397,Ridgeway Air Meridian Programmable 2H/2C Thermostat,Ridgeway Air,RW-92425-C,HVAC > Controls > Thermostats,168.35,true
WEB-294966,Corvane Vector Scroll 30K BTU R-410A Compressor,Corvane,CV-68933-F,HVAC > Parts > Compressors,1933.91,true
WEB-842604,Heliotemp Vector Programmable 1H/1C Thermostat,Heliotemp,HT-70991-F,HVAC > Controls > Thermostats,157.87,true
WEB-369229,Corvane Cascade 1/6 HP 1625 RPM Motor,Corvane,CV-23407-H,HVAC > Parts > Motors,534.45,true
WEB-826305,Ridgeway Air Sterling 55/7.5 MFD 440V Capacitor,Ridgeway Air,RW-19711-J,HVAC > Parts > Capacitors,76.39,true
WEB-236269,Ridgeway Air Mesa Smart Wi-Fi 3H/2C Thermostat,Ridgeway Air,RW-45925-G,HVAC > Controls > Thermostats,321.17,true
WEB-436279,Bluepeak Orion 4 Ton 14 SEER Heat Pump,Blue Peak,BP-60126-J,HVAC > Equipment > Heat Pumps,4376.91,true
WEB-675876,Corvane Juniper Smart Wi-Fi 2H/2C Thermostat,Corvane,CV-69760-D,HVAC > Controls > Thermostats,358.46,true
WEB-390784,Arcticline Granite Smart Wi-Fi 2H/2C Thermostat,Arcticline,AL-79912-F,HVAC > Controls > Thermostats,157.11,true
WEB-544146,Northwind Comfort Apex Non-Programmable 1H/1C Thermostat,Northwind Comfort,NW-10385-C,HVAC > Controls > Thermostats,396.86,true
WEB-215227,Northwind Comfort Vector CO2 4-20mA Sensor,Northwind Comfort,NW-23531-B,HVAC > Controls > Sensors,52.66,true
WEB-838085,Thermaxis Atlas 2 Ton 18 SEER Condenser,THERMAXIS,TX-26252-E,HVAC > Equipment > Condensers,3216.51,false
WEB-109147,Arcticline Ember R-22 20 lb Cylinder Refrigerant,Arcticline,AL-85925-D,HVAC > Supplies > Refrigerant,543.26,true
WEB-818548,Ridgeway Air Tundra 2 Pole 50 Amp 240V Coil Contactor,Ridgeway Air,RW-78893-A,HVAC > Parts > Contactors,54.26,true
WEB-539026,Northwind Comfort Lumen Scroll 36K BTU R-410A Compressor,N/W Comfort,NW-37823-B,HVAC > Parts > Compressors,1223.00,true
WEB-946489,Thermaxis Meridian Scroll 60K BTU R-454B Compressor,Thermaxis,TX-58587-A,HVAC > Parts > Compressors,1550.87,true
WEB-510985,Bluepeak Apex Smart Wi-Fi 3H/2C Thermostat,Bluepeak,BP-81913-G,HVAC > Controls > Thermostats,42.34,true
WEB-149740,Ridgeway Air Orion 1/4 x 3/8 50 ft Line Set,RIDGEWAY,RW-96535-A,HVAC > Supplies > Line Sets,229.66,true
WEB-770166,Corvane Quarry 3/8 x 7/8 15 ft Line Set,Corvane Inc.,CV-61381-G,HVAC > Supplies > Line Sets,282.42,true
WEB-182832,Thermaxis Keystone 3/8 x 3/4 50 ft Line Set,Thermaxis,TX-51745-J,HVAC > Supplies > Line Sets,304.60,true
WEB-938223,Thermaxis Sterling 1/4 HP 825 RPM Motor,Thermaxis,TX-95973-E,HVAC > Parts > Motors,483.56,true
WEB-949424,Ridgeway Air Falcon 1 Pole 50 Amp 24V Coil Contactor,Ridgeway Air,RW-15473-C,HVAC > Parts > Contactors,87.80,true
WEB-179396,Bluepeak Delta 2 Ton 15 SEER Heat Pump,BLUEPEAK,BP-97643-D,HVAC > Equipment > Heat Pumps,5468.28,true
WEB-247418,Thermaxis Juniper 1 Pole 40 Amp 240V Coil Contactor,Thermaxis,TX-29218-F,HVAC > Parts > Contactors,39.08,true
WEB-905422,Northwind Comfort Delta 3.5 Ton 18 SEER Condenser,Northwind Comfort,NW-83486-E,HVAC > Equipment > Condensers,1368.58,true
WEB-947836,Arcticline Meridian 120K BTU 96% AFUE Furnace,Arcticline,AL-96667-E,HVAC > Equipment > Furnaces,1381.96,true
WEB-447662,Arcticline Sable 2 Pole 30 Amp 24V Coil Contactor,Arcticline,AL-39194-A,HVAC > Parts > Contactors,70.96,false
WEB-725554,Bluepeak Juniper 50/5 MFD 440V Capacitor,Bluepeak,BP-32530-G,HVAC > Parts > Capacitors,41.65,true
WEB-489139,Corvane Lumen 20x20x1 MERV 13 Filter,Corvane,CV-13553-D,HVAC > Supplies > Filters,34.06,true
WEB-783500,Bluepeak Juniper 16x20x2 MERV 11 Filter,BLUEPEAK,BP-26304-H,HVAC > Supplies > Filters,50.63,true
WEB-294755,Heliotemp Granite R-454B 30 lb Cylinder Refrigerant,Heliotemp,HT-99043-E,HVAC > Supplies > Refrigerant,403.08,true
WEB-515447,Northwind Comfort Apex Scroll 60K BTU R-410A Compressor,Northwind Comfort,NW-20018-K,HVAC > Parts > Compressors,2028.31,true
WEB-703595,Arcticline Pioneer R-32 20 lb Cylinder Refrigerant,Arcticline,AL-18639-E,HVAC > Supplies > Refrigerant,167.95,true
WEB-331544,Arcticline Granite 16x25x4 MERV 8 Filter,Arcticline,AL-34480-G,HVAC > Supplies > Filters,32.11,true
WEB-918459,Corvane Atlas 5 Ton 16 SEER Heat Pump,Corvane,CV-48423-C,HVAC > Equipment > Heat Pumps,3653.62,true
WEB-429630,Ridgeway Air Tundra 2 Ton 14 SEER Heat Pump,Ridgeway Air,RW-79397-G,HVAC > Equipment > Heat Pumps,1658.39,true
WEB-852036,Bluepeak Delta R-410A 10 lb Cylinder Refrigerant,Bluepeak,BP-84098-H,HVAC > Supplies > Refrigerant,201.20,true
WEB-259421,Bluepeak Juniper Scroll 18K BTU R-410A Compressor,Bluepeak,BP-68097-F,HVAC > Parts > Compressors,1745.79,true
WEB-616589,Corvane Lumen 55/10 MFD 440V Capacitor,Corvane,CV-35262-C,HVAC > Parts > Capacitors,34.01,true
WEB-942667,Arcticline Cascade 3.5 Ton Horizontal Air Handler,Arcticline,AL-16907-G,HVAC > Equipment > Air Handlers,2075.99,true
WEB-196785,Ridgeway Air Summit Humidity 4-20mA Sensor,Ridgeway Air,RW-75140-F,HVAC > Controls > Sensors,144.27,true
WEB-410155,Northwind Comfort Summit Scroll 24K BTU R-410A Compressor,Northwind Comfort,NW-80451-F,HVAC > Parts > Compressors,1007.84,true
WEB-294386,Heliotemp Vector 2 Pole 50 Amp 240V Coil Contactor,Heliotemp,HT-46754-D,HVAC > Parts > Contactors,78.19,true
WEB-566830,Heliotemp Keystone 16x25x4 MERV 13 Filter,Heliotemp,HT-48579-B,HVAC > Supplies > Filters,8.99,true
WEB-986462,Thermaxis Summit Scroll 60K BTU R-410A Compressor,Thermaxis,TX-42177-C,HVAC > Parts > Compressors,1283.83,true
WEB-577527,Thermaxis Sable 2.5 Ton 16 SEER Condenser,Thermaxis,TX-90193-A,HVAC > Equipment > Condensers,3704.50,true
WEB-722893,Corvane Delta 3/8 x 3/4 35 ft Line Set,Corvane,CV-89571-G,HVAC > Supplies > Line Sets,187.32,true
WEB-722427,Bluepeak Vector 120K BTU 80% AFUE Furnace,Bluepeak,BP-32307-F,HVAC > Equipment > Furnaces,1641.50,false
WEB-544295,Thermaxis Falcon 3/8 x 3/4 15 ft Line Set,THERMAXIS,TX-92118-C,HVAC > Supplies > Line Sets,157.96,true
WEB-794320,Corvane Meridian 2 Pole 30 Amp 120V Coil Contactor,Corvane,CV-50194-K,HVAC > Parts > Contactors,50.56,true
WEB-924547,Arcticline Harbor 16x25x4 MERV 8 Filter,Arctic Line,AL-50953-G,HVAC > Supplies > Filters,51.71,true
WEB-366382,Northwind Comfort Pioneer Duct Temp 20K Sensor,Northwind Comfort,NW-34626-J,HVAC > Controls > Sensors,79.44,true
WEB-567344,Thermaxis Mesa 5 Ton 18 SEER Condenser,Thermaxis,TX-98189-H,HVAC > Equipment > Condensers,3717.00,false
WEB-320238,Ridgeway Air Delta 1/3 HP 825 RPM Motor,Ridgeway Air,RW-42827-K,HVAC > Parts > Motors,128.48,true
WEB-711340,Bluepeak Harbor 3.5 Ton 15 SEER Heat Pump,Bluepeak,BP-51806-J,HVAC > Equipment > Heat Pumps,1786.53,false
WEB-895987,Arcticline Orion 3.5 Ton 18 SEER Condenser,Arcticline,AL-49297-J,HVAC > Equipment > Condensers,4418.09,true
WEB-672118,Heliotemp Juniper 2 Pole 30 Amp 120V Coil Contactor,Heliotemp Corp,HT-79959-G,HVAC > Parts > Contactors,47.57,true
WEB-368663,Thermaxis Orion 1/2 HP 1075 RPM Motor,Therm-Axis,TX-26150-D,HVAC > Parts > Motors,582.74,true
WEB-587818,Thermaxis Summit 40/5 MFD 440V Capacitor,Therm-Axis,TX-95836-E,HVAC > Parts > Capacitors,30.33,true
WEB-612163,Bluepeak Cascade Duct Temp 10K Sensor,Bluepeak,BP-88728-B,HVAC > Controls > Sensors,135.65,true
WEB-416122,Bluepeak Meridian R-32 10 lb Cylinder Refrigerant,Bluepeak,BP-14083-F,HVAC > Supplies > Refrigerant,225.27,true
WEB-177785,Bluepeak Pioneer 1.5 Ton 15 SEER Condenser,Bluepeak,BP-30431-B,HVAC > Equipment > Condensers,2130.23,true
WEB-774163,Bluepeak Beacon Smart Wi-Fi 3H/2C Thermostat,Bluepeak,BP-79913-A,HVAC > Controls > Thermostats,291.99,true
WEB-924112,Bluepeak Sable 100K BTU 80% AFUE Furnace,Bluepeak,BP-20110-J,HVAC > Equipment > Furnaces,2805.01,true
WEB-213993,Thermaxis Granite Scroll 36K BTU R-410A Compressor,THERMAXIS,TX-65987-D,HVAC > Parts > Compressors,669.96,true
WEB-802835,Heliotemp Tundra Non-Programmable 1H/1C Thermostat,Heliotemp Corp,HT-24724-H,HVAC > Controls > Thermostats,96.28,true
WEB-513587,Northwind Comfort Zephyr 1/2 HP 1625 RPM Motor,Northwind Comfort,NW-93732-B,HVAC > Parts > Motors,114.80,true
WEB-198488,Ridgeway Air Tundra 40K BTU 97% AFUE Furnace,Ridgeway Air,RW-37831-F,HVAC > Equipment > Furnaces,2955.05,true
WEB-623061,Heliotemp Sterling 3/8 x 7/8 25 ft Line Set,Heliotemp,HT-48087-K,HVAC > Supplies > Line Sets,355.08,true
WEB-912237,Thermaxis Tundra R-454B 10 lb Cylinder Refrigerant,Thermaxis,TX-22019-B,HVAC > Supplies > Refrigerant,641.57,true
WEB-750477,Thermaxis Atlas 55/10 MFD 440V Capacitor,Thermaxis,TX-93816-D,HVAC > Parts > Capacitors,12.20,false
WEB-644435,Bluepeak Beacon 2 Pole 30 Amp 24V Coil Contactor,BLUEPEAK,BP-63006-D,HVAC > Parts > Contactors,22.34,true
WEB-306473,Thermaxis Harbor 2 Ton 14 SEER Heat Pump,Thermaxis,TX-45055-K,HVAC > Equipment > Heat Pumps,4821.91,true
WEB-246933,Ridgeway Air Juniper 1/2 HP 1625 RPM Motor,Ridgeway Air,RW-30271-H,HVAC > Parts > Motors,340.45,true
WEB-762721,Bluepeak Keystone 2.5 Ton Horizontal Air Handler,Bluepeak,BP-70665-E,HVAC > Equipment > Air Handlers,1834.54,true
WEB-242716,Thermaxis Falcon 3.5 Ton 16 SEER Condenser,Thermaxis,TX-95575-J,HVAC > Equipment > Condensers,1257.17,true
WEB-930408,Thermaxis Mesa 3/8 x 3/4 15 ft Line Set,Thermaxis,TX-19741-D,HVAC > Supplies > Line Sets,352.79,true
WEB-216287,Bluepeak Orion Smart Wi-Fi 1H/1C Thermostat,BluePeak HVAC,BP-28819-B,HVAC > Controls > Thermostats,355.08,true
WEB-577875,Corvane Ember 3/8 x 3/4 50 ft Line Set,Corvane,CV-43917-G,HVAC > Supplies > Line Sets,220.05,true
WEB-831080,Arcticline Orion 2 Pole 30 Amp 24V Coil Contactor,Arcticline,AL-79224-G,HVAC > Parts > Contactors,46.48,true
WEB-980403,Bluepeak Granite 35/7.5 MFD 370V Capacitor,Bluepeak,BP-94849-C,HVAC > Parts > Capacitors,50.97,true
WEB-494135,Ridgeway Air Apex 3 Pole 50 Amp 24V Coil Contactor,Ridgeway Air,RW-35352-J,HVAC > Parts > Contactors,30.71,true
WEB-781931,Heliotemp Meridian 3 Pole 30 Amp 120V Coil Contactor,Heliotemp,HT-15878-C,HVAC > Parts > Contactors,120.84,true
WEB-923236,Heliotemp Beacon 3.5 Ton 20 SEER Heat Pump,Heliotemp,HT-10250-H,HVAC > Equipment > Heat Pumps,5711.78,true
WEB-502426,Bluepeak Zephyr 60K BTU 92% AFUE Furnace,Bluepeak,BP-16563-K,HVAC > Equipment > Furnaces,2047.64,true
WEB-624032,Corvane Juniper 1/4 x 3/8 25 ft Line Set,Corvane,CV-11096-H,HVAC > Supplies > Line Sets,265.37,true
WEB-801900,Ridgeway Air Vector 16x25x1 MERV 13 Filter,Ridgeway Air,RW-79434-A,HVAC > Supplies > Filters,7.70,true
WEB-409331,Arcticline Ember 3 Ton 15 SEER Heat Pump,Arcticline,AL-55004-B,HVAC > Equipment > Heat Pumps,2161.10,true
WEB-770028,Bluepeak Zephyr 60K BTU 96% AFUE Furnace,Bluepeak,BP-98134-H,HVAC > Equipment > Furnaces,1486.57,true
WEB-886610,Arcticline Tundra 60K BTU 96% AFUE Furnace,Arcticline,AL-91039-K,HVAC > Equipment > Furnaces,1266.36,true
WEB-204511,Corvane Granite 55/10 MFD 370V Capacitor,Corvane,CV-91309-C,HVAC > Parts > Capacitors,56.01,true
WEB-513297,Northwind Comfort Lumen 20x25x1 MERV 8 Filter,Northwind Comfort,NW-66527-A,HVAC > Supplies > Filters,29.43,true
WEB-659720,Thermaxis Cascade 60K BTU 92% AFUE Furnace,Thermaxis,TX-78467-B,HVAC > Equipment > Furnaces,3874.10,true
WEB-895770,Thermaxis Apex R-32 25 lb Cylinder Refrigerant,Thermaxis,TX-55898-K,HVAC > Supplies > Refrigerant,371.45,true
WEB-984726,Bluepeak Vector 20x25x4 MERV 13 Filter,Bluepeak,BP-73414-J,HVAC > Supplies > Filters,49.87,true
WEB-373476,Thermaxis Meridian 1/4 x 3/8 50 ft Line Set,Thermaxis,TX-44970-G,HVAC > Supplies > Line Sets,191.19,true
WEB-266055,Heliotemp Atlas 3/8 x 7/8 25 ft Line Set,Heliotemp,HT-69022-J,HVAC > Supplies > Line Sets,294.98,true
WEB-755136,Thermaxis Atlas Humidity 10K Sensor,Therm-Axis,TX-76527-K,HVAC > Controls > Sensors,24.20,true
WEB-738603,Bluepeak Falcon 1/4 x 3/8 35 ft Line Set,Bluepeak,BP-93921-J,HVAC > Supplies > Line Sets,354.22,true
WEB-836833,Bluepeak Sterling 20x20x2 MERV 8 Filter,Blue Peak,BP-33556-C,HVAC > Supplies > Filters,57.75,true
WEB-715754,Northwind Comfort Summit 60K BTU 92% AFUE Furnace,Northwind Comfort,NW-28698-J,HVAC > Equipment > Furnaces,2812.75,true
WEB-663737,Bluepeak Atlas 3.5 Ton 16 SEER Heat Pump,BLUEPEAK,BP-66892-A,HVAC > Equipment > Heat Pumps,4102.76,true
WEB-608171,Heliotemp Sable 3 Ton Upflow Air Handler,Heliotemp,HT-89416-H,HVAC > Equipment > Air Handlers,1627.56,true
WEB-349964,Thermaxis Sterling 120K BTU 96% AFUE Furnace,Thermaxis,TX-76576-G,HVAC > Equipment > Furnaces,1644.64,true
WEB-795752,Heliotemp Quarry 45/5 MFD 440V Capacitor,Heliotemp,HT-80608-B,HVAC > Parts > Capacitors,16.27,true
WEB-784858,Arcticline Delta 3/8 x 3/4 50 ft Line Set,Arcticline,AL-37656-D,HVAC > Supplies > Line Sets,183.70,true
WEB-629449,Corvane Sterling R-454B 25 lb Cylinder Refrigerant,Corvane,CV-41717-F,HVAC > Supplies > Refrigerant,183.14,true
WEB-352698,Heliotemp Juniper 3 Pole 30 Amp 24V Coil Contactor,Heliotemp,HT-52835-B,HVAC > Parts > Contactors,107.01,true
WEB-808266,Northwind Comfort Atlas 3 Pole 30 Amp 120V Coil Contactor,Northwind Comfort,NW-92666-J,HVAC > Parts > Contactors,69.73,true
WEB-146333,Northwind Comfort Trident Scroll 30K BTU R-410A Compressor,Northwind Comfort,NW-39058-K,HVAC > Parts > Compressors,1562.81,true
WEB-801813,Ridgeway Air Quarry 3 Ton 14 SEER Heat Pump,Ridgeway Air,RW-10015-D,HVAC > Equipment > Heat Pumps,4087.02,true
WEB-982730,Bluepeak Trident Scroll 60K BTU R-410A Compressor,Bluepeak,BP-15877-B,HVAC > Parts > Compressors,2303.34,true
WEB-698478,Northwind Comfort Ember 3 Ton Multi-Position Air Handler,Northwind Comfort,NW-62354-F,HVAC > Equipment > Air Handlers,1720.28,true
WEB-626137,Bluepeak Zephyr 1 Pole 40 Amp 240V Coil Contactor,Bluepeak,BP-55546-A,HVAC > Parts > Contactors,78.29,false
WEB-702268,Thermaxis Sterling Non-Programmable 3H/2C Thermostat,Thermaxis LLC,TX-93298-J,HVAC > Controls > Thermostats,166.13,true
WEB-499645,Bluepeak Sterling 3/4 HP 1625 RPM Motor,Bluepeak,BP-55455-H,HVAC > Parts > Motors,614.11,false
WEB-517444,Bluepeak Tundra 3 Ton Horizontal Air Handler,Bluepeak,BP-59109-G,HVAC > Equipment > Air Handlers,1917.59,true
WEB-702626,Northwind Comfort Vector 2.5 Ton 15 SEER Condenser,Northwind Comfort,NW-51048-D,HVAC > Equipment > Condensers,1764.41,true
WEB-522150,Arcticline Mesa Duct Temp 20K Sensor,Arcticline,AL-51830-F,HVAC > Controls > Sensors,73.96,true
WEB-969927,Corvane Meridian R-22 30 lb Cylinder Refrigerant,Corvane,CV-48527-G,HVAC > Supplies > Refrigerant,154.08,true
WEB-514906,Thermaxis Orion 1/4 x 3/8 15 ft Line Set,Thermaxis,TX-37455-B,HVAC > Supplies > Line Sets,236.30,true
WEB-548908,Heliotemp Tundra 2.5 Ton 16 SEER Condenser,Heliotemp,HT-73106-J,HVAC > Equipment > Condensers,2664.68,true
WEB-617949,Ridgeway Air Trident 2 Ton 16 SEER Heat Pump,Ridgeway Air,RW-73320-G,HVAC > Equipment > Heat Pumps,3380.86,true
WEB-339582,Ridgeway Air Vector CO2 20K Sensor,Ridgeway Air,RW-76969-A,HVAC > Controls > Sensors,82.67,true
WEB-689980,Thermaxis Trident 40/3 MFD 440V Capacitor,Thermaxis,TX-86585-E,HVAC > Parts > Capacitors,32.62,true
WEB-713117,Thermaxis Pioneer 1/4 x 3/8 15 ft Line Set,Thermaxis,TX-37183-J,HVAC > Supplies > Line Sets,101.96,true
WEB-651805,Arcticline Vector 4 Ton 20 SEER Condenser,Arcticline,AL-60660-A,HVAC > Equipment > Condensers,2384.53,true
WEB-631098,Thermaxis Tundra 35/3 MFD 440V Capacitor,Thermaxis,TX-23910-F,HVAC > Parts > Capacitors,17.04,true
WEB-599483,Bluepeak Apex 3 Ton 14 SEER Heat Pump,Bluepeak,BP-12612-A,HVAC > Equipment > Heat Pumps,5614.41,false
WEB-104341,Heliotemp Trident Smart Wi-Fi 3H/2C Thermostat,Heliotemp Corp,HT-43517-F,HVAC > Controls > Thermostats,264.21,true
WEB-468287,Northwind Comfort Falcon 3 Ton Horizontal Air Handler,Northwind Comfort,NW-95882-A,HVAC > Equipment > Air Handlers,1839.55,true
WEB-881751,Arcticline Zephyr R-454B 25 lb Cylinder Refrigerant,ARCTICLINE,AL-29920-H,HVAC > Supplies > Refrigerant,353.55,true
WEB-947979,Thermaxis Quarry Duct Temp 20K Sensor,Thermaxis,TX-60570-J,HVAC > Controls > Sensors,63.41,true
WEB-885522,Arcticline Pioneer Outdoor Temp 4-20mA Sensor,Arcticline,AL-41077-A,HVAC > Controls > Sensors,149.51,true
WEB-299638,Corvane Delta Scroll 48K BTU R-410A Compressor,Corvane,CV-80590-B,HVAC > Parts > Compressors,2040.98,true
WEB-457517,Heliotemp Sable Humidity 10K Sensor,Heliotemp,HT-18484-K,HVAC > Controls > Sensors,88.88,true
WEB-179427,Thermaxis Apex 55/5 MFD 440V Capacitor,THERMAXIS,TX-30500-J,HVAC > Parts > Capacitors,51.73,true
WEB-228137,Bluepeak Summit R-32 25 lb Cylinder Refrigerant,Bluepeak,BP-98323-H,HVAC > Supplies > Refrigerant,148.84,true
WEB-397468,Thermaxis Sable R-410A 20 lb Cylinder Refrigerant,Thermaxis,TX-57395-G,HVAC > Supplies > Refrigerant,491.79,true
WEB-687669,Heliotemp Orion CO2 10K Sensor,Heliotemp,HT-79838-C,HVAC > Controls > Sensors,52.79,true
WEB-142075,Northwind Comfort Quarry Outdoor Temp 10K Sensor,Northwind Comfort,NW-64635-G,HVAC > Controls > Sensors,115.85,true
WEB-222694,Bluepeak Falcon CO2 10K Sensor,Bluepeak,BP-38412-C,HVAC > Controls > Sensors,152.21,true
WEB-176788,Corvane Granite 20x20x2 MERV 11 Filter,Corvane,CV-77272-B,HVAC > Supplies > Filters,43.11,true
WEB-420516,Northwind Comfort Delta R-410A 20 lb Cylinder Refrigerant,NORTHWIND,NW-89511-D,HVAC > Supplies > Refrigerant,396.97,false
WEB-360593,Bluepeak Apex R-454B 30 lb Cylinder Refrigerant,Bluepeak,BP-81011-K,HVAC > Supplies > Refrigerant,394.75,true
WEB-954694,Northwind Comfort Beacon Scroll 36K BTU R-454B Compressor,Northwind Comfort,NW-93186-E,HVAC > Parts > Compressors,1654.83,true
WEB-710846,Ridgeway Air Apex 3 Ton 20 SEER Heat Pump,Ridgeway Air,RW-29771-D,HVAC > Equipment > Heat Pumps,3932.32,true
WEB-420456,Corvane Beacon 16x25x2 MERV 11 Filter,Corvane Controls,CV-36249-H,HVAC > Supplies > Filters,52.85,true
WEB-941649,Bluepeak Ember Scroll 48K BTU R-454B Compressor,Bluepeak,BP-78174-A,HVAC > Parts > Compressors,2034.39,true
WEB-961359,Arcticline Delta Humidity 10K Sensor,Arcticline Mfg,AL-48464-A,HVAC > Controls > Sensors,61.61,true
WEB-194586,Heliotemp Delta 4 Ton 20 SEER Condenser,Heliotemp,HT-70809-J,HVAC > Equipment > Condensers,2400.09,true
WEB-429112,Arcticline Ember 1/3 HP 1075 RPM Motor,Arcticline,AL-44278-D,HVAC > Parts > Motors,542.00,true
WEB-954467,Bluepeak Quarry Humidity 20K Sensor,Bluepeak,BP-93102-D,HVAC > Controls > Sensors,101.25,true
WEB-888656,Arcticline Harbor Scroll 36K BTU R-410A Compressor,Arcticline,AL-72578-G,HVAC > Parts > Compressors,2019.57,true
WEB-851762,Bluepeak Beacon Scroll 30K BTU R-410A Compressor,Bluepeak,BP-71500-D,HVAC > Parts > Compressors,2060.48,true
WEB-612557,Northwind Comfort Tundra 120K BTU 96% AFUE Furnace,Northwind Comfort,NW-88536-G,HVAC > Equipment > Furnaces,3308.74,true
WEB-597219,Heliotemp Cascade Scroll 24K BTU R-410A Compressor,Heliotemp,HT-76425-E,HVAC > Parts > Compressors,1030.63,true
WEB-853762,Bluepeak Juniper 1/6 HP 1625 RPM Motor,Bluepeak,BP-39952-G,HVAC > Parts > Motors,122.79,true
WEB-356468,Corvane Delta Scroll 18K BTU R-454B Compressor,Corvane,CV-54017-B,HVAC > Parts > Compressors,2221.15,true
WEB-140267,Bluepeak Vector 35/5 MFD 440V Capacitor,BLUEPEAK,BP-62443-D,HVAC > Parts > Capacitors,32.10,true
WEB-313478,Heliotemp Meridian 1.5 Ton 15 SEER Condenser,Heliotemp,HT-20361-E,HVAC > Equipment > Condensers,3693.24,true
WEB-272531,Northwind Comfort Trident 16x20x2 MERV 8 Filter,NORTHWIND,NW-88920-E,HVAC > Supplies > Filters,33.72,false
WEB-994294,Heliotemp Atlas 2 Ton 16 SEER Heat Pump,Heliotemp,HT-57654-G,HVAC > Equipment > Heat Pumps,3371.01,true
WEB-953004,Northwind Comfort Sable R-454B 30 lb Cylinder Refrigerant,Northwind Comfort,NW-85423-G,HVAC > Supplies > Refrigerant,396.47,true
WEB-341767,Heliotemp Keystone 40/5 MFD 440V Capacitor,Heliotemp,HT-61128-J,HVAC > Parts > Capacitors,26.84,true
WEB-770728,Heliotemp Meridian 3/8 x 7/8 50 ft Line Set,Heliotemp,HT-54526-E,HVAC > Supplies > Line Sets,164.86,true
WEB-665162,Northwind Comfort Pioneer 2.5 Ton Upflow Air Handler,Northwind Comfort,NW-33067-A,HVAC > Equipment > Air Handlers,2281.68,true
WEB-804016,Heliotemp Pioneer 1/4 x 3/8 25 ft Line Set,Heliotemp,HT-22137-E,HVAC > Supplies > Line Sets,313.30,true
WEB-926045,Ridgeway Air Orion 40K BTU 92% AFUE Furnace,Ridgeway Air,RW1-8732-E,HVAC > Equipment > Furnaces,3292.04,true
WEB-299804,Bluepeak Keystone 4 Ton 20 SEER Heat Pump,Bluepeak,BP-68605-E,HVAC > Equipment > Heat Pumps,3593.13,true
WEB-834168,Thermaxis Apex 5 Ton 16 SEER Heat Pump,Thermaxis,TX-83475-C,HVAC > Equipment > Heat Pumps,2735.24,true
WEB-779163,Northwind Comfort Mesa 2.5 Ton Upflow Air Handler,Northwind Comfort,NW-13961-D,HVAC > Equipment > Air Handlers,1801.29,true
WEB-790755,Arcticline Orion 16x25x1 MERV 13 Filter,ARCTICLINE,AL-26902-B,HVAC > Supplies > Filters,26.94,true
WEB-178320,Corvane Apex 3/8 x 3/4 25 ft Line Set,Corvane Inc.,CV-10910-B,HVAC > Supplies > Line Sets,108.01,true
WEB-842654,Heliotemp Atlas 1/4 x 3/8 50 ft Line Set,Heliotemp,HT-57846-D,HVAC > Supplies > Line Sets,156.24,true
WEB-826539,Bluepeak Zephyr Duct Temp 10K Sensor,Bluepeak,BP-53995-A,HVAC > Controls > Sensors,18.88,true
WEB-367358,Ridgeway Air Meridian R-22 10 lb Cylinder Refrigerant,Ridgeway Air,RW-33045-D,HVAC > Supplies > Refrigerant,503.49,true
WEB-621937,Ridgeway Air Cascade 3.5 Ton Upflow Air Handler,Ridgeway Air,RW-66461-G,HVAC > Equipment > Air Handlers,1381.61,true
WEB-636089,Thermaxis Falcon R-454B 10 lb Cylinder Refrigerant,Therm-Axis,TX-67688-C,HVAC > Supplies > Refrigerant,394.37,true
WEB-732078,Thermaxis Vector 5 Ton Multi-Position Air Handler,Thermaxis,TX-10515-C,HVAC > Equipment > Air Handlers,1343.11,true
WEB-426494,Heliotemp Beacon 3.5 Ton 18 SEER Condenser,Heliotemp,HT-83182-B,HVAC > Equipment > Condensers,5241.44,true
WEB-953301,Ridgeway Air Summit 3/8 x 3/4 15 ft Line Set,Ridgeway Air,RW-40684-H,HVAC > Supplies > Line Sets,192.89,true
WEB-796073,Corvane Sable Outdoor Temp 4-20mA Sensor,Corvane,CV-44698-C,HVAC > Controls > Sensors,139.80,true
WEB-356207,Ridgeway Air Meridian R-32 30 lb Cylinder Refrigerant,Ridgeway Air,RW-80798-J,HVAC > Supplies > Refrigerant,531.53,true
WEB-550654,Thermaxis Sterling 1 Pole 40 Amp 24V Coil Contactor,Thermaxis,TX-68015-B,HVAC > Parts > Contactors,94.93,true
WEB-207244,Heliotemp Beacon 2 Pole 30 Amp 240V Coil Contactor,Heliotemp,HT-63653-J,HVAC > Parts > Contactors,81.72,true
WEB-379916,Corvane Beacon R-454B 20 lb Cylinder Refrigerant,Corvane,CV-18843-C,HVAC > Supplies > Refrigerant,408.08,true
WEB-780578,Corvane Orion Smart Wi-Fi 3H/2C Thermostat,Corvane,CV-64735-F,HVAC > Controls > Thermostats,262.37,true
WEB-731450,Thermaxis Tundra 5 Ton Horizontal Air Handler,Thermaxis,TX-30836-K,HVAC > Equipment > Air Handlers,3034.15,true
WEB-104764,Ridgeway Air Quarry 4 Ton 18 SEER Heat Pump,Ridgeway Air,RW-16120-C,HVAC > Equipment > Heat Pumps,1668.63,true
WEB-282081,Corvane Quarry 50/3 MFD 370V Capacitor,Corvane,CV-56113-B,HVAC > Parts > Capacitors,59.58,true
WEB-675975,Ridgeway Air Pioneer 35/5 MFD 440V Capacitor,Ridgeway Air,RW-82342-B,HVAC > Parts > Capacitors,16.13,true
WEB-622102,Ridgeway Air Cascade 35/5 MFD 440V Capacitor,Ridgeway Air,RW-84959-B,HVAC > Parts > Capacitors,69.65,true
WEB-845906,Heliotemp Lumen Humidity 20K Sensor,Helio-Temp,HT-19750-F,HVAC > Controls > Sensors,46.97,false
WEB-389506,Heliotemp Quarry 80K BTU 96% AFUE Furnace,Heliotemp,HT-72198-J,HVAC > Equipment > Furnaces,2533.14,true
WEB-493590,Corvane Delta 3.5 Ton 14 SEER Condenser,Corvane,CV-67954-D,HVAC > Equipment > Condensers,5117.18,true
WEB-239504,Arcticline Falcon 40K BTU 96% AFUE Furnace,Arcticline,AL-79525-G,HVAC > Equipment > Furnaces,1482.78,true
WEB-296751,Heliotemp Summit 20x25x4 MERV 13 Filter,Heliotemp,HT-55666-E,HVAC > Supplies > Filters,22.23,true
WEB-775559,Northwind Comfort Falcon 1.5 Ton 20 SEER Condenser,Northwind Comfort,NW-66448-D,HVAC > Equipment > Condensers,3979.01,true
WEB-407723,Arcticline Sterling 1.5 Ton 18 SEER Heat Pump,Arcticline,AL-82957-F,HVAC > Equipment > Heat Pumps,2814.96,true
WEB-533922,Northwind Comfort Tundra 2.5 Ton 18 SEER Condenser,Northwind Comfort Inc,NW-98286-F,HVAC > Equipment > Condensers,5264.00,true
WEB-704221,Northwind Comfort Summit Scroll 48K BTU R-410A Compressor,Northwind Comfort,NW-96751-G,HVAC > Parts > Compressors,690.27,true
WEB-728000,Heliotemp Mesa 40/10 MFD 370V Capacitor,Heliotemp,HT-81696-D,HVAC > Parts > Capacitors,12.59,true
WEB-459660,Heliotemp Tundra 3/8 x 3/4 50 ft Line Set,Heliotemp,HT-37023-C,HVAC > Supplies > Line Sets,152.34,true
WEB-890511,Corvane Beacon 3/8 x 7/8 15 ft Line Set,Corvane,CV-27546-A,HVAC > Supplies > Line Sets,164.43,true
WEB-888108,Thermaxis Zephyr CO2 20K Sensor,Thermaxis,TX-18810-A,HVAC > Controls > Sensors,130.34,true
WEB-790363,Heliotemp Granite 3.5 Ton 20 SEER Heat Pump,Heliotemp,HT-74589-E,HVAC > Equipment > Heat Pumps,3905.35,true
WEB-367101,Heliotemp Pioneer 3 Ton 20 SEER Heat Pump,Heliotemp,HT-83730-J,HVAC > Equipment > Heat Pumps,5168.00,true
WEB-911923,Thermaxis Summit 2 Pole 40 Amp 24V Coil Contactor,Thermaxis,TX-80271-A,HVAC > Parts > Contactors,31.60,true
WEB-409410,Ridgeway Air Zephyr 1/6 HP 825 RPM Motor,Ridgeway Air,RW-42728-J,HVAC > Parts > Motors,630.34,true
WEB-398046,Corvane Atlas CO2 20K Sensor,Corvane,CV-45644-H,HVAC > Controls > Sensors,86.70,false
WEB-298848,Ridgeway Air Lumen 1.5 Ton 15 SEER Condenser,Ridgeway Air,RW-29577-E,HVAC > Equipment > Condensers,3616.75,true
WEB-539938,Arcticline Keystone 3 Ton 18 SEER Heat Pump,ARCTICLINE,AL-35649-F,HVAC > Equipment > Heat Pumps,4464.01,true
WEB-442182,Heliotemp Falcon 4 Ton 15 SEER Heat Pump,Heliotemp,HT-15686-A,HVAC > Equipment > Heat Pumps,3121.18,true
WEB-906020,Ridgeway Air Falcon 1/4 x 3/8 15 ft Line Set,Ridgeway Air,RW-26632-D,HVAC > Supplies > Line Sets,315.12,true
WEB-104054,Arcticline Zephyr 5 Ton 14 SEER Condenser,Arcticline,AL-1229-4E,HVAC > Equipment > Condensers,1745.42,true
WEB-951061,Northwind Comfort Zephyr 1/4 x 3/8 35 ft Line Set,Northwind Comfort,NW-69818-K,HVAC > Supplies > Line Sets,183.35,true
WEB-896733,Ridgeway Air Orion R-22 20 lb Cylinder Refrigerant,Ridgeway Air,RW-96609-A,HVAC > Supplies > Refrigerant,600.50,true
WEB-651980,Northwind Comfort Falcon Humidity 10K Sensor,Northwind Comfort,NW-47191-J,HVAC > Controls > Sensors,152.04,true
WEB-179290,Arcticline Falcon 1/4 x 3/8 50 ft Line Set,Arcticline Mfg,AL-46259-B,HVAC > Supplies > Line Sets,272.35,true
WEB-302192,Arcticline Atlas R-454B 25 lb Cylinder Refrigerant,Arcticline,AL-67263-H,HVAC > Supplies > Refrigerant,386.55,true
WEB-281748,Ridgeway Air Beacon 80K BTU 97% AFUE Furnace,Ridgeway Air,RW-87760-K,HVAC > Equipment > Furnaces,3552.35,true
WEB-946432,Ridgeway Air Ember Scroll 24K BTU R-410A Compressor,RIDGEWAY,RW-90549-G,HVAC > Parts > Compressors,636.58,true
WEB-306538,Northwind Comfort Sable Duct Temp 4-20mA Sensor,Northwind Comfort,NW-32538-F,HVAC > Controls > Sensors,71.39,true
WEB-179611,Ridgeway Air Harbor Programmable 3H/2C Thermostat,RIDGEWAY,RW-17680-A,HVAC > Controls > Thermostats,288.88,true
WEB-753715,Corvane Pioneer 100K BTU 96% AFUE Furnace,Corvane,CV-56136-G,HVAC > Equipment > Furnaces,2970.04,true
WEB-103930,Corvane Tundra 60K BTU 96% AFUE Furnace,Corvane,CV-62263-H,HVAC > Equipment > Furnaces,1478.60,true
WEB-940155,Ridgeway Air Pioneer 2 Ton 14 SEER Condenser,RIDGEWAY,RW-95086-G,HVAC > Equipment > Condensers,1644.21,true
WEB-222413,Northwind Comfort Keystone 4 Ton 16 SEER Condenser,N/W Comfort,NW-44322-G,HVAC > Equipment > Condensers,4016.01,true
WEB-502995,Thermaxis Harbor 2 Ton 14 SEER Condenser,Therm-Axis,TX-25608-B,HVAC > Equipment > Condensers,4049.35,true
WEB-726902,Bluepeak Ember 2 Ton Horizontal Air Handler,Bluepeak,BP-73050-H,HVAC > Equipment > Air Handlers,2148.85,true
WEB-973077,Arcticline Cascade 1.5 Ton 15 SEER Heat Pump,ARCTICLINE,AL-64529-F,HVAC > Equipment > Heat Pumps,3178.52,true
WEB-498639,Corvane Sable 2 Pole 40 Amp 24V Coil Contactor,Corvane,CV-65001-G,HVAC > Parts > Contactors,41.18,true
WEB-848425,Northwind Comfort Tundra 1/4 x 3/8 50 ft Line Set,Northwind Comfort,NW-77553-E,HVAC > Supplies > Line Sets,260.36,true
WEB-485691,Ridgeway Air Pioneer Outdoor Temp 4-20mA Sensor,Ridgeway Air Prod,RW-26981-J,HVAC > Controls > Sensors,162.78,true
WEB-381132,Corvane Delta 100K BTU 80% AFUE Furnace,Corvane,CV-21790-E,HVAC > Equipment > Furnaces,2012.38,true
WEB-359115,Arcticline Lumen 80K BTU 92% AFUE Furnace,ARCTICLINE,AL-99659-A,HVAC > Equipment > Furnaces,2784.80,true
WEB-573644,Arcticline Meridian 40K BTU 97% AFUE Furnace,Arcticline,AL-81803-B,HVAC > Equipment > Furnaces,1700.61,true
WEB-853599,Northwind Comfort Orion CO2 10K Sensor,Northwind Comfort,NW-77407-K,HVAC > Controls > Sensors,62.50,true
WEB-878790,Ridgeway Air Cascade Scroll 60K BTU R-410A Compressor,Ridgeway Air,RW-21245-J,HVAC > Parts > Compressors,858.65,true
WEB-873802,Ridgeway Air Atlas Non-Programmable 3H/2C Thermostat,Ridgeway Air,RW-28386-H,HVAC > Controls > Thermostats,363.74,true
WEB-931276,Thermaxis Vector 2 Ton 14 SEER Heat Pump,Thermaxis,TX-81867-B,HVAC > Equipment > Heat Pumps,2027.67,true
WEB-625241,Northwind Comfort Meridian 2 Pole 30 Amp 24V Coil Contactor,Northwind Comfort,NW-77454-F,HVAC > Parts > Contactors,83.20,true
WEB-261892,Thermaxis Atlas Outdoor Temp 4-20mA Sensor,Thermaxis LLC,TX-91381-G,HVAC > Controls > Sensors,79.91,true
WEB-353452,Heliotemp Trident 4 Ton Upflow Air Handler,Heliotemp,HT-78529-F,HVAC > Equipment > Air Handlers,2523.52,true
WEB-360191,Arcticline Falcon Smart Wi-Fi 2H/2C Thermostat,Arcticline,AL-67573-E,HVAC > Controls > Thermostats,219.04,true
WEB-470438,Bluepeak Harbor Scroll 24K BTU R-410A Compressor,BluePeak HVAC,BP-26996-A,HVAC > Parts > Compressors,1597.45,true
WEB-855378,Ridgeway Air Pioneer 1 Pole 30 Amp 120V Coil Contactor,Ridgeway Air,RW-39835-C,HVAC > Parts > Contactors,61.92,true
WEB-199733,Arcticline Cascade Smart Wi-Fi 3H/2C Thermostat,Arcticline,AL-85232-K,HVAC > Controls > Thermostats,342.72,true
WEB-995474,Heliotemp Meridian 40/5 MFD 440V Capacitor,Heliotemp,HT-39338-E,HVAC > Parts > Capacitors,27.20,true
WEB-828356,Heliotemp Tundra 16x25x4 MERV 11 Filter,Heliotemp,HT-91808-D,HVAC > Supplies > Filters,19.03,true
WEB-291901,Ridgeway Air Granite 1 HP 825 RPM Motor,Ridgeway Air,RW-11494-A,HVAC > Parts > Motors,98.97,true
WEB-444477,Arcticline Zephyr 3.5 Ton 14 SEER Condenser,Arcticline,AL-41422-J,HVAC > Equipment > Condensers,2079.66,true
WEB-607841,Northwind Comfort Sable 4 Ton 20 SEER Condenser,Northwind Comfort,NW-18838-D,HVAC > Equipment > Condensers,3203.60,true
WEB-914084,Northwind Comfort Apex 20x20x1 MERV 11 Filter,NORTHWIND,NW-88237-F,HVAC > Supplies > Filters,51.94,true
WEB-349742,Arcticline Keystone 1.5 Ton 18 SEER Heat Pump,Arcticline,AL-94641-K,HVAC > Equipment > Heat Pumps,5570.38,true
WEB-536222,Corvane Cascade Smart Wi-Fi 2H/2C Thermostat,Corvane Controls,CV-89096-B,HVAC > Controls > Thermostats,250.14,true
WEB-479242,Heliotemp Juniper 1.5 Ton 20 SEER Condenser,Heliotemp,HT-10362-G,HVAC > Equipment > Condensers,2782.96,true
WEB-128898,Northwind Comfort Mesa 2 Ton Horizontal Air Handler,Northwind Comfort,NW-15375-F,HVAC > Equipment > Air Handlers,1897.25,true
WEB-783433,Thermaxis Orion 100K BTU 96% AFUE Furnace,Thermaxis,TX-61844-J,HVAC > Equipment > Furnaces,2840.11,true
WEB-910184,Corvane Vector 40/7.5 MFD 440V Capacitor,Corvane,CV-37088-K,HVAC > Parts > Capacitors,79.12,true
WEB-474008,Heliotemp Mesa 1.5 Ton 14 SEER Heat Pump,Helio-Temp,HT-53976-E,HVAC > Equipment > Heat Pumps,4864.84,true
WEB-467942,Arcticline Cascade Scroll 36K BTU R-410A Compressor,Arcticline,AL-22320-E,HVAC > Parts > Compressors,732.26,true
WEB-896772,Thermaxis Sable 2 Pole 40 Amp 24V Coil Contactor,Thermaxis,TX-30460-E,HVAC > Parts > Contactors,20.22,true
WEB-380119,Bluepeak Sterling 50/7.5 MFD 370V Capacitor,Bluepeak,BP-51389-B,HVAC > Parts > Capacitors,54.59,true
WEB-503991,Ridgeway Air Orion 60/3 MFD 440V Capacitor,Ridgeway,RW-39998-D,HVAC > Parts > Capacitors,36.98,true
WEB-470763,Heliotemp Harbor 1 Pole 50 Amp 24V Coil Contactor,Heliotemp,HT-36210-H,HVAC > Parts > Contactors,66.14,true
WEB-583864,Northwind Comfort Sable 80K BTU 80% AFUE Furnace,Northwind Comfort,NW-12549-B,HVAC > Equipment > Furnaces,3759.69,true
WEB-411110,Ridgeway Air Harbor 50/10 MFD 440V Capacitor,Ridgeway Air,RW-95069-G,HVAC > Parts > Capacitors,35.89,true
WEB-685609,Arcticline Mesa 5 Ton 16 SEER Condenser,Arcticline,AL-23081-G,HVAC > Equipment > Condensers,5509.11,true
WEB-652847,Northwind Comfort Pioneer 3 Pole 40 Amp 120V Coil Contactor,Northwind Comfort,NW-50637-C,HVAC > Parts > Contactors,86.60,true
WEB-490818,Arcticline Orion 1 HP 825 RPM Motor,Arctic Line,AL-83757-B,HVAC > Parts > Motors,451.22,true
WEB-618666,Thermaxis Keystone 4 Ton 15 SEER Heat Pump,Thermaxis,TX-36203-J,HVAC > Equipment > Heat Pumps,3550.58,true
WEB-971440,Thermaxis Trident 20x25x1 MERV 8 Filter,THERMAXIS,TX-13571-B,HVAC > Supplies > Filters,51.78,true
WEB-446940,Heliotemp Falcon Scroll 24K BTU R-454B Compressor,Heliotemp,HT-40345-F,HVAC > Parts > Compressors,1311.64,true
WEB-756242,Arcticline Keystone Scroll 42K BTU R-410A Compressor,Arcticline Mfg,AL-49084-F,HVAC > Parts > Compressors,1552.46,true
WEB-466782,Corvane Summit R-454B 10 lb Cylinder Refrigerant,Corvane,CV-41920-B,HVAC > Supplies > Refrigerant,207.02,true
WEB-563962,Corvane Sterling 60K BTU 92% AFUE Furnace,Corvane,CV-72601-C,HVAC > Equipment > Furnaces,1076.29,false
WEB-943954,Arcticline Trident 55/3 MFD 440V Capacitor,Arcticline Mfg,AL-92497-B,HVAC > Parts > Capacitors,16.71,true
WEB-749033,Arcticline Quarry 55/7.5 MFD 370V Capacitor,Arcticline,AL-50959-D,HVAC > Parts > Capacitors,43.30,true
WEB-971272,Corvane Vector 55/7.5 MFD 440V Capacitor,Corvane,CV-62229-E,HVAC > Parts > Capacitors,54.04,true
WEB-969207,Thermaxis Apex 40/7.5 MFD 370V Capacitor,Thermaxis,TX-48867-D,HVAC > Parts > Capacitors,31.65,true
WEB-369111,Heliotemp Mesa 5 Ton 18 SEER Heat Pump,Heliotemp,HT-60854-E,HVAC > Equipment > Heat Pumps,2221.68,true
WEB-124199,Arcticline Juniper Duct Temp 20K Sensor,Arcticline,AL-92039-D,HVAC > Controls > Sensors,154.20,true
WEB-904112,Bluepeak Apex R-410A 25 lb Cylinder Refrigerant,Blue Peak,BP-80215-G,HVAC > Supplies > Refrigerant,516.60,false
WEB-547703,Bluepeak Cascade 4 Ton 15 SEER Condenser,Bluepeak,BP-46940-A,HVAC > Equipment > Condensers,3073.38,true
WEB-566384,Bluepeak Keystone 2 Ton Multi-Position Air Handler,Bluepeak,BP-13097-K,HVAC > Equipment > Air Handlers,1360.70,true
WEB-742317,Corvane Falcon 3/8 x 3/4 25 ft Line Set,Corvane,CV-50708-D,HVAC > Supplies > Line Sets,144.86,false
WEB-890829,Ridgeway Air Mesa R-32 10 lb Cylinder Refrigerant,Ridgeway Air,RW-85701-J,HVAC > Supplies > Refrigerant,510.11,true
WEB-167273,Heliotemp Granite 3/4 HP 1625 RPM Motor,Heliotemp,HT-88630-F,HVAC > Parts > Motors,591.38,true
WEB-246409,Northwind Comfort Vector Scroll 24K BTU R-410A Compressor,Northwind Comfort,NW-78538-K,HVAC > Parts > Compressors,752.07,true
WEB-205582,Northwind Comfort Mesa Programmable 3H/2C Thermostat,Northwind Comfort,NW-77480-A,HVAC > Controls > Thermostats,364.68,false
WEB-626226,Heliotemp Apex R-410A 10 lb Cylinder Refrigerant,Heliotemp,HT-29506-J,HVAC > Supplies > Refrigerant,531.35,true
WEB-795737,Ridgeway Air Summit Outdoor Temp 4-20mA Sensor,Ridgeway Air,RW-95125-A,HVAC > Controls > Sensors,145.88,true
WEB-257766,Thermaxis Beacon 1 HP 1075 RPM Motor,Thermaxis,TX-81279-C,HVAC > Parts > Motors,367.30,true
WEB-590220,Corvane Delta 2 Pole 50 Amp 24V Coil Contactor,Corvane,CV-17911-B,HVAC > Parts > Contactors,16.03,true
WEB-959182,Heliotemp Sterling 1/6 HP 825 RPM Motor,Heliotemp,HT-44384-K,HVAC > Parts > Motors,590.43,true
WEB-689221,Bluepeak Granite Scroll 30K BTU R-410A Compressor,Bluepeak,BP-69858-H,HVAC > Parts > Compressors,1466.25,true
WEB-212309,Northwind Comfort Tundra 100K BTU 97% AFUE Furnace,Northwind Comfort,NW-72156-C,HVAC > Equipment > Furnaces,4085.02,true
WEB-580112,Northwind Comfort Sterling 20x25x1 MERV 13 Filter,Northwind Comfort,NW-17079-G,HVAC > Supplies > Filters,48.20,true
WEB-305231,Thermaxis Beacon Non-Programmable 1H/1C Thermostat,Thermaxis,TX-91424-D,HVAC > Controls > Thermostats,113.93,false
WEB-435637,Northwind Comfort Harbor Scroll 60K BTU R-410A Compressor,Northwind Comfort,NW-39909-H,HVAC > Parts > Compressors,1659.14,true
WEB-460295,Corvane Tundra 16x20x4 MERV 11 Filter,Corvane,CV-31243-D,HVAC > Supplies > Filters,42.94,true
WEB-806338,Thermaxis Mesa Scroll 18K BTU R-454B Compressor,Thermaxis,TX-24998-E,HVAC > Parts > Compressors,711.24,true
WEB-438591,Thermaxis Quarry 20x20x1 MERV 13 Filter,Thermaxis,TX-24528-J,HVAC > Supplies > Filters,14.21,true
WEB-149682,Ridgeway Air Zephyr 3.5 Ton 18 SEER Heat Pump,Ridgeway Air Prod,RW-32743-C,HVAC > Equipment > Heat Pumps,3465.60,true
WEB-279479,Northwind Comfort Atlas 3 Ton Upflow Air Handler,Northwind Comfort,NW-17904-F,HVAC > Equipment > Air Handlers,1855.92,true
WEB-351698,Bluepeak Atlas 2 Pole 40 Amp 120V Coil Contactor,Bluepeak,BP-74694-H,HVAC > Parts > Contactors,22.01,true
WEB-385771,Bluepeak Zephyr 3.5 Ton 18 SEER Heat Pump,Bluepeak,BP-20069-B,HVAC > Equipment > Heat Pumps,1841.50,true
WEB-472979,Northwind Comfort Falcon 4 Ton 16 SEER Condenser,Northwind Comfort,NW-78448-E,HVAC > Equipment > Condensers,4512.45,true
WEB-103676,Bluepeak Mesa 40/7.5 MFD 440V Capacitor,Bluepeak,BP-50074-B,HVAC > Parts > Capacitors,16.14,false
WEB-545030,Heliotemp Tundra 60/5 MFD 440V Capacitor,Heliotemp Corp,HT-71197-G,HVAC > Parts > Capacitors,30.62,true
WEB-926954,Ridgeway Air Vector 80K BTU 80% AFUE Furnace,Ridgeway Air,RW-37496-J,HVAC > Equipment > Furnaces,3769.57,true
WEB-460567,Ridgeway Air Sable 16x20x1 MERV 8 Filter,Ridgeway Air,RW-75314-G,HVAC > Supplies > Filters,10.69,true
WEB-178757,Heliotemp Apex 1.5 Ton 16 SEER Heat Pump,Heliotemp,HT-27453-K,HVAC > Equipment > Heat Pumps,4999.08,true
WEB-236729,Heliotemp Sterling Scroll 30K BTU R-454B Compressor,Heliotemp,HT-24055-G,HVAC > Parts > Compressors,731.06,true
WEB-735887,Northwind Comfort Lumen Scroll 42K BTU R-454B Compressor,Northwind Comfort,NW-69609-D,HVAC > Parts > Compressors,1253.08,true
WEB-151078,Corvane Delta CO2 10K Sensor,Corvane,CV-44665-E,HVAC > Controls > Sensors,123.42,true
WEB-286883,Thermaxis Orion 50/10 MFD 440V Capacitor,Thermaxis,TX-50957-K,HVAC > Parts > Capacitors,41.30,true
WEB-279339,Bluepeak Orion 3 Ton 15 SEER Heat Pump,Bluepeak,BP-54528-E,HVAC > Equipment > Heat Pumps,5019.72,true
WEB-755493,Arcticline Vector Scroll 42K BTU R-454B Compressor,Arcticline,AL-66044-E,HVAC > Parts > Compressors,1469.42,true
WEB-799949,Thermaxis Zephyr 3/8 x 3/4 15 ft Line Set,Thermaxis,TX-31665-A,HVAC > Supplies > Line Sets,311.80,true
WEB-473900,Ridgeway Air Delta 1/4 x 3/8 35 ft Line Set,Ridgeway Air,RW-84693-A,HVAC > Supplies > Line Sets,259.21,true
WEB-813293,Thermaxis Tundra 3/8 x 7/8 25 ft Line Set,THERMAXIS,TX-69002-A,HVAC > Supplies > Line Sets,124.69,true
WEB-904459,Ridgeway Air Atlas 60K BTU 96% AFUE Furnace,Ridgeway Air,RW-97815-H,HVAC > Equipment > Furnaces,2255.57,true
WEB-772272,Heliotemp Juniper 1/4 HP 825 RPM Motor,Heliotemp,HT-30731-C,HVAC > Parts > Motors,166.05,true
WEB-781546,Corvane Pioneer Scroll 48K BTU R-410A Compressor,Corvane,CV-67847-F,HVAC > Parts > Compressors,2093.79,true
WEB-411373,Thermaxis Summit Non-Programmable 3H/2C Thermostat,Thermaxis,TX-11055-D,HVAC > Controls > Thermostats,308.36,true
WEB-893562,Ridgeway Air Zephyr Scroll 48K BTU R-410A Compressor,Ridgeway Air,RW-25821-D,HVAC > Parts > Compressors,1595.93,false
WEB-815319,Arcticline Beacon R-454B 30 lb Cylinder Refrigerant,Arcticline,AL-16617-E,HVAC > Supplies > Refrigerant,185.78,true
WEB-577882,Northwind Comfort Quarry Programmable 2H/2C Thermostat,Northwind Comfort Inc,NW-49047-H,HVAC > Controls > Thermostats,385.57,true
WEB-722782,Bluepeak Atlas R-32 30 lb Cylinder Refrigerant,Bluepeak,BP-16636-A,HVAC > Supplies > Refrigerant,186.22,true
WEB-504181,Thermaxis Mesa 1/6 HP 825 RPM Motor,Thermaxis,TX-79569-E,HVAC > Parts > Motors,523.94,true
WEB-224101,Ridgeway Air Cascade 5 Ton Horizontal Air Handler,Ridgeway Air,RW-93221-B,HVAC > Equipment > Air Handlers,2589.48,true
WEB-970597,Arcticline Trident 16x20x4 MERV 13 Filter,Arcticline Mfg,AL-43907-E,HVAC > Supplies > Filters,53.65,true
WEB-726249,Bluepeak Falcon 100K BTU 97% AFUE Furnace,BLUEPEAK,BP-42650-B,HVAC > Equipment > Furnaces,2894.43,true
WEB-842286,Northwind Comfort Zephyr 3 Ton 18 SEER Condenser,Northwind Comfort,NW-20388-A,HVAC > Equipment > Condensers,2818.59,true
WEB-218742,Arcticline Granite Scroll 24K BTU R-410A Compressor,Arcticline,AL-28721-K,HVAC > Parts > Compressors,1659.57,true
WEB-515685,Bluepeak Meridian 16x20x4 MERV 13 Filter,Bluepeak,BP-93743-D,HVAC > Supplies > Filters,26.90,true
WEB-564085,Arcticline Mesa 3 Ton 14 SEER Heat Pump,Arcticline,AL-89173-J,HVAC > Equipment > Heat Pumps,4963.61,true
WEB-737279,Northwind Comfort Orion 3 Pole 40 Amp 24V Coil Contactor,Northwind Comfort,NW-17297-H,HVAC > Parts > Contactors,95.21,true
WEB-529363,Heliotemp Sable 1/6 HP 1625 RPM Motor,Heliotemp,HT-58237-F,HVAC > Parts > Motors,565.40,true
WEB-871232,Arcticline Keystone 3 Ton 20 SEER Condenser,Arcticline,AL-12356-K,HVAC > Equipment > Condensers,1887.89,true
WEB-661280,Northwind Comfort Mesa 2.5 Ton 14 SEER Heat Pump,Northwind Comfort,NW-90355-K,HVAC > Equipment > Heat Pumps,5357.25,false
WEB-656688,Arcticline Delta 3.5 Ton Multi-Position Air Handler,Arcticline,AL-66738-F,HVAC > Equipment > Air Handlers,2144.00,true
WEB-450587,Bluepeak Tundra 3.5 Ton 16 SEER Heat Pump,Bluepeak,BP-18304-D,HVAC > Equipment > Heat Pumps,3358.20,true
WEB-503191,Bluepeak Falcon R-22 10 lb Cylinder Refrigerant,Bluepeak,BP-27662-E,HVAC > Supplies > Refrigerant,254.33,true
WEB-761563,Arcticline Falcon Scroll 18K BTU R-410A Compressor,Arcticline,AL-63357-A,HVAC > Parts > Compressors,1056.19,true
WEB-948173,Thermaxis Harbor Outdoor Temp 10K Sensor,Thermaxis,TX-35074-E,HVAC > Controls > Sensors,21.90,false
WEB-483202,Ridgeway Air Atlas Scroll 24K BTU R-454B Compressor,Ridgeway Air,RW-16238-K,HVAC > Parts > Compressors,783.48,true
WEB-718929,Corvane Beacon Programmable 1H/1C Thermostat,Corvane,CV-37395-F,HVAC > Controls > Thermostats,51.88,true
WEB-822848,Corvane Granite 3/8 x 3/4 15 ft Line Set,Corvane,CV-81036-A,HVAC > Supplies > Line Sets,359.32,true
WEB-995024,Heliotemp Atlas CO2 20K Sensor,Heliotemp,HT-25826-F,HVAC > Controls > Sensors,109.19,true
WEB-350596,Northwind Comfort Quarry 1 HP 1625 RPM Motor,Northwind Comfort,NW-76543-F,HVAC > Parts > Motors,558.79,true
WEB-819887,Arcticline Mesa 3/8 x 7/8 50 ft Line Set,Arcticline,AL-16625-D,HVAC > Supplies > Line Sets,198.80,true
WEB-444871,Heliotemp Mesa 4 Ton 20 SEER Condenser,Heliotemp,HT-69175-C,HVAC > Equipment > Condensers,3690.82,true
WEB-133861,Northwind Comfort Granite 2 Ton 16 SEER Condenser,Northwind Comfort,NW-54597-C,HVAC > Equipment > Condensers,4153.17,true
WEB-141556,Ridgeway Air Beacon 2 Ton Horizontal Air Handler,Ridgeway Air,RW-46858-F,HVAC > Equipment > Air Handlers,1390.31,true
WEB-574353,Northwind Comfort Granite 1/4 x 3/8 15 ft Line Set,Northwind Comfort,NW8-5429-F,HVAC > Supplies > Line Sets,257.72,true
WEB-315595,Bluepeak Meridian 1 HP 1625 RPM Motor,BLUEPEAK,BP-12095-J,HVAC > Parts > Motors,448.21,true
WEB-674339,Heliotemp Keystone 55/10 MFD 440V Capacitor,Heliotemp,HT-10886-H,HVAC > Parts > Capacitors,43.72,true
WEB-169923,Arcticline Zephyr 1 Pole 40 Amp 24V Coil Contactor,Arcticline,AL-62739-H,HVAC > Parts > Contactors,43.60,true
WEB-587883,Arcticline Summit CO2 10K Sensor,Arcticline,AL-19667-E,HVAC > Controls > Sensors,43.88,true
WEB-864504,Northwind Comfort Sterling CO2 20K Sensor,Northwind Comfort,NW-85024-G,HVAC > Controls > Sensors,80.75,true
WEB-336863,Arcticline Mesa R-22 10 lb Cylinder Refrigerant,Arctic Line,AL-36434-C,HVAC > Supplies > Refrigerant,312.30,true
WEB-438316,Ridgeway Air Beacon 20x25x2 MERV 11 Filter,Ridgeway Air,RW-23144-E,HVAC > Supplies > Filters,42.64,true
WEB-877348,Heliotemp Cascade 16x20x1 MERV 11 Filter,Heliotemp,HT-15944-F,HVAC > Supplies > Filters,45.57,true
WEB-415441,Ridgeway Air Juniper Humidity 4-20mA Sensor,Ridgeway Air,RW-37376-C,HVAC > Controls > Sensors,38.89,true
WEB-732430,Northwind Comfort Meridian 1/4 x 3/8 15 ft Line Set,Northwind Comfort Inc,NW-70601-K,HVAC > Supplies > Line Sets,313.17,true
WEB-231404,Bluepeak Lumen 2.5 Ton Upflow Air Handler,Bluepeak,BP-62187-F,HVAC > Equipment > Air Handlers,987.81,true
WEB-327629,Corvane Meridian 40K BTU 92% AFUE Furnace,Corvane,CV-80098-E,HVAC > Equipment > Furnaces,1349.24,true
WEB-289294,Corvane Quarry 40/10 MFD 440V Capacitor,Corvane,CV-77427-A,HVAC > Parts > Capacitors,15.34,true
WEB-656497,Arcticline Beacon R-32 20 lb Cylinder Refrigerant,Arcticline,AL-54932-B,HVAC > Supplies > Refrigerant,288.36,true
WEB-520770,Ridgeway Air Orion Scroll 18K BTU R-454B Compressor,Ridgeway Air,RW-77639-F,HVAC > Parts > Compressors,1801.26,true
WEB-491662,Ridgeway Air Vector 16x20x2 MERV 8 Filter,Ridgeway Air,RW-39241-A,HVAC > Supplies > Filters,21.57,true
WEB-577837,Arcticline Atlas 1.5 Ton 16 SEER Condenser,Arcticline,AL-23593-C,HVAC > Equipment > Condensers,3652.66,true
WEB-936450,Bluepeak Falcon R-410A 25 lb Cylinder Refrigerant,Bluepeak,BP-72663-G,HVAC > Supplies > Refrigerant,318.19,true
WEB-247608,Bluepeak Zephyr Scroll 30K BTU R-410A Compressor,Bluepeak,BP-29760-E,HVAC > Parts > Compressors,2090.43,true
WEB-893614,Northwind Comfort Ember 20x25x2 MERV 11 Filter,Northwind Comfort,NW-43864-D,HVAC > Supplies > Filters,15.52,true
WEB-915211,Ridgeway Air Ember 2.5 Ton Multi-Position Air Handler,Ridgeway Air,RW-29927-G,HVAC > Equipment > Air Handlers,2349.77,true
WEB-851408,Bluepeak Vector 1/3 HP 1625 RPM Motor,Bluepeak,BP-16355-H,HVAC > Parts > Motors,512.18,true
WEB-427208,Corvane Trident 5 Ton 20 SEER Heat Pump,Corvane,CV-70068-C,HVAC > Equipment > Heat Pumps,5309.04,true
WEB-824406,Thermaxis Mesa 2.5 Ton 20 SEER Condenser,Thermaxis,TX-69396-J,HVAC > Equipment > Condensers,2181.97,true
WEB-830120,Northwind Comfort Meridian 3/8 x 7/8 35 ft Line Set,NORTHWIND,NW-64615-J,HVAC > Supplies > Line Sets,104.49,true
WEB-851504,Heliotemp Lumen 2 Ton Horizontal Air Handler,Heliotemp Corp,HT-32005-B,HVAC > Equipment > Air Handlers,2983.11,true
WEB-112847,Corvane Atlas 3.5 Ton 15 SEER Heat Pump,Corvane,CV-33917-J,HVAC > Equipment > Heat Pumps,5259.58,false
WEB-490574,Thermaxis Summit Non-Programmable 1H/1C Thermostat,Thermaxis,TX-37729-G,HVAC > Controls > Thermostats,113.83,true
WEB-977415,Heliotemp Summit 35/3 MFD 440V Capacitor,Heliotemp,HT-10555-J,HVAC > Parts > Capacitors,40.42,true
WEB-835004,Arcticline Sterling 3/8 x 3/4 15 ft Line Set,ARCTICLINE,AL-95924-A,HVAC > Supplies > Line Sets,109.75,true
WEB-249074,Heliotemp Meridian 1/4 x 3/8 15 ft Line Set,Helio-Temp,HT-77733-H,HVAC > Supplies > Line Sets,134.61,true
WEB-958538,Northwind Comfort Meridian 2.5 Ton 20 SEER Condenser,N/W Comfort,NW-16235-D,HVAC > Equipment > Condensers,4883.75,true
WEB-555815,Corvane Summit 100K BTU 80% AFUE Furnace,Corvane,CV-75258-G,HVAC > Equipment > Furnaces,3983.49,true
WEB-868895,Thermaxis Meridian R-410A 25 lb Cylinder Refrigerant,Thermaxis,TX-35869-H,HVAC > Supplies > Refrigerant,478.16,true
WEB-213827,Corvane Harbor 100K BTU 96% AFUE Furnace,Corvane,CV-86812-J,HVAC > Equipment > Furnaces,3621.83,true
WEB-849310,Thermaxis Cascade 1/6 HP 1625 RPM Motor,Thermaxis,TX-99995-D,HVAC > Parts > Motors,308.95,true
WEB-390178,Bluepeak Ember 5 Ton Multi-Position Air Handler,Bluepeak,BP-55184-J,HVAC > Equipment > Air Handlers,2984.74,false
WEB-770083,Heliotemp Tundra 60/3 MFD 370V Capacitor,HELIOTEMP,HT-45845-C,HVAC > Parts > Capacitors,78.12,true
WEB-453236,Heliotemp Keystone 4 Ton 18 SEER Condenser,Heliotemp,HT-38490-F,HVAC > Equipment > Condensers,5475.64,true
WEB-175178,Arcticline Granite Non-Programmable 3H/2C Thermostat,Arcticline,AL-35202-J,HVAC > Controls > Thermostats,178.33,false
WEB-172408,Corvane Summit 40K BTU 92% AFUE Furnace,Corvane,CV-93127-C,HVAC > Equipment > Furnaces,1677.08,true
WEB-826312,Heliotemp Lumen 2 Pole 40 Amp 240V Coil Contactor,Heliotemp,HT-28544-J,HVAC > Parts > Contactors,98.01,true
WEB-831482,Bluepeak Zephyr 4 Ton 20 SEER Condenser,Bluepeak,BP-35063-C,HVAC > Equipment > Condensers,3742.05,true
WEB-148751,Northwind Comfort Delta Humidity 20K Sensor,Northwind Comfort,NW-81186-G,HVAC > Controls > Sensors,110.73,true
WEB-730830,Northwind Comfort Ember 20x20x4 MERV 8 Filter,Northwind Comfort,NW-72290-E,HVAC > Supplies > Filters,47.53,true
WEB-669914,Thermaxis Quarry 1/3 HP 825 RPM Motor,Thermaxis,TX-50547-B,HVAC > Parts > Motors,423.79,true
WEB-402498,Ridgeway Air Tundra 120K BTU 97% AFUE Furnace,Ridgeway Air,RW-48108-D,HVAC > Equipment > Furnaces,1407.95,true
WEB-490476,Bluepeak Summit 1 HP 1075 RPM Motor,Bluepeak,BP-95797-K,HVAC > Parts > Motors,292.98,true
WEB-563361,Northwind Comfort Keystone Scroll 60K BTU R-454B Compressor,Northwind Comfort,NW-42770-G,HVAC > Parts > Compressors,2312.18,false
WEB-934061,Arcticline Pioneer 3 Pole 30 Amp 120V Coil Contactor,Arcticline,AL-35060-H,HVAC > Parts > Contactors,41.25,true
WEB-469962,Arcticline Tundra R-410A 20 lb Cylinder Refrigerant,Arctic Line,AL-17916-K,HVAC > Supplies > Refrigerant,322.48,true
WEB-249108,Northwind Comfort Atlas Smart Wi-Fi 1H/1C Thermostat,Northwind Comfort,NW-86242-E,HVAC > Controls > Thermostats,114.74,true
WEB-331843,Northwind Comfort Atlas 4 Ton 14 SEER Heat Pump,Northwind Comfort,NW-64159-B,HVAC > Equipment > Heat Pumps,3841.02,true
WEB-271118,Northwind Comfort Apex 120K BTU 97% AFUE Furnace,Northwind Comfort,NW-49052-A,HVAC > Equipment > Furnaces,2550.87,true
WEB-443774,Corvane Trident Scroll 60K BTU R-454B Compressor,Corvane,CV-24391-K,HVAC > Parts > Compressors,796.02,true
WEB-903964,Bluepeak Meridian 3.5 Ton 16 SEER Condenser,Bluepeak,BP-78158-E,HVAC > Equipment > Condensers,1762.75,true
WEB-213529,Arcticline Meridian 16x20x2 MERV 8 Filter,Arcticline,AL-95946-A,HVAC > Supplies > Filters,26.77,true
WEB-502141,Northwind Comfort Juniper 1 HP 825 RPM Motor,Northwind Comfort,NW-93871-F,HVAC > Parts > Motors,559.20,true
WEB-584614,Corvane Sterling 100K BTU 80% AFUE Furnace,Corvane Inc.,CV-63691-D,HVAC > Equipment > Furnaces,2543.73,true
WEB-200355,Ridgeway Air Sterling 100K BTU 96% AFUE Furnace,Ridgeway Air,RW-48739-B,HVAC > Equipment > Furnaces,3097.93,true
WEB-862967,Heliotemp Summit Scroll 18K BTU R-454B Compressor,Heliotemp,HT-83942-F,HVAC > Parts > Compressors,609.52,true
WEB-264075,Thermaxis Falcon R-22 25 lb Cylinder Refrigerant,THERMAXIS,TX-17376-A,HVAC > Supplies > Refrigerant,292.22,true
WEB-840644,Northwind Comfort Orion 80K BTU 97% AFUE Furnace,Northwind Comfort,NW-11571-C,HVAC > Equipment > Furnaces,1280.53,true
WEB-986239,Heliotemp Falcon 40K BTU 96% AFUE Furnace,Helio-Temp,HT-72864-H,HVAC > Equipment > Furnaces,2261.98,true
WEB-407041,Northwind Comfort Mesa R-22 25 lb Cylinder Refrigerant,Northwind Comfort,NW-21183-F,HVAC > Supplies > Refrigerant,260.42,true
WEB-307843,Northwind Comfort Meridian Scroll 42K BTU R-454B Compressor,N/W Comfort,NW-87339-C,HVAC > Parts > Compressors,1378.25,true
WEB-393274,Arcticline Pioneer Programmable 2H/2C Thermostat,Arcticline,AL-63953-B,HVAC > Controls > Thermostats,370.27,true
WEB-967195,Ridgeway Air Granite R-22 10 lb Cylinder Refrigerant,Ridgeway Air,RW-60635-K,HVAC > Supplies > Refrigerant,517.51,true
WEB-313325,Corvane Granite 1/2 HP 1625 RPM Motor,Corvane,CV-57342-F,HVAC > Parts > Motors,655.80,true
WEB-722874,Northwind Comfort Tundra 60/3 MFD 370V Capacitor,Northwind Comfort,NW-14048-C,HVAC > Parts > Capacitors,65.45,true
WEB-471940,Corvane Meridian 1/4 HP 825 RPM Motor,Corvane,CV-98503-H,HVAC > Parts > Motors,383.58,true
WEB-749821,Corvane Delta 1/4 x 3/8 15 ft Line Set,Corvane,CV-61060-J,HVAC > Supplies > Line Sets,322.73,true
WEB-714808,Bluepeak Keystone Outdoor Temp 4-20mA Sensor,Bluepeak,BP-87034-C,HVAC > Controls > Sensors,74.23,true
WEB-655053,Heliotemp Lumen CO2 10K Sensor,Heliotemp,HT-50719-H,HVAC > Controls > Sensors,161.81,true
WEB-926468,Arcticline Granite Non-Programmable 1H/1C Thermostat,Arcticline,AL-34274-G,HVAC > Controls > Thermostats,288.91,true
WEB-516622,Heliotemp Trident R-410A 10 lb Cylinder Refrigerant,Heliotemp,HT-56755-D,HVAC > Supplies > Refrigerant,496.68,true
WEB-627193,Corvane Apex 40/10 MFD 440V Capacitor,Corvane,CV-83298-B,HVAC > Parts > Capacitors,72.70,true
WEB-698695,Heliotemp Keystone 1 Pole 50 Amp 24V Coil Contactor,Heliotemp,HT-26669-B,HVAC > Parts > Contactors,54.87,true
WEB-812711,Heliotemp Quarry 2 Ton Upflow Air Handler,Heliotemp,HT-10649-H,HVAC > Equipment > Air Handlers,1520.49,true
WEB-735332,Northwind Comfort Trident 5 Ton Upflow Air Handler,NORTHWIND,NW-21752-A,HVAC > Equipment > Air Handlers,3094.31,true
WEB-714583,Ridgeway Air Keystone 1 HP 1075 RPM Motor,Ridgeway Air,RW-49267-K,HVAC > Parts > Motors,570.51,true
WEB-947041,Thermaxis Mesa 5 Ton 18 SEER Heat Pump,Thermaxis,TX-23668-A,HVAC > Equipment > Heat Pumps,5021.96,true
WEB-825397,Ridgeway Air Trident Humidity 20K Sensor,Ridgeway Air,RW-32176-C,HVAC > Controls > Sensors,133.23,true
WEB-242921,Arcticline Mesa 80K BTU 80% AFUE Furnace,Arcticline,AL-86693-K,HVAC > Equipment > Furnaces,2537.13,true
WEB-741738,Arcticline Tundra 5 Ton Horizontal Air Handler,Arcticline,AL-67194-G,HVAC > Equipment > Air Handlers,2442.85,true
WEB-612598,Corvane Quarry Scroll 24K BTU R-454B Compressor,Corvane,CV-29080-K,HVAC > Parts > Compressors,921.92,true
WEB-300455,Heliotemp Vector 20x20x2 MERV 13 Filter,Heliotemp,HT-21232-C,HVAC > Supplies > Filters,28.74,true
WEB-302014,Corvane Quarry 100K BTU 97% AFUE Furnace,Corvane,CV-81553-G,HVAC > Equipment > Furnaces,3217.21,true
WEB-785500,Ridgeway Air Trident 1/3 HP 825 RPM Motor,Ridgeway Air Prod,RW-57235-D,HVAC > Parts > Motors,525.50,true
WEB-214484,Bluepeak Atlas 60/3 MFD 440V Capacitor,Bluepeak,BP-32456-K,HVAC > Parts > Capacitors,57.50,true
WEB-191985,Ridgeway Air Cascade 40/5 MFD 370V Capacitor,Ridgeway Air,RW-33905-J,HVAC > Parts > Capacitors,79.63,true
WEB-696445,Heliotemp Vector R-22 30 lb Cylinder Refrigerant,Heliotemp,HT-36270-D,HVAC > Supplies > Refrigerant,242.93,true
WEB-969651,Northwind Comfort Meridian 120K BTU 80% AFUE Furnace,Northwind Comfort,NW-12754-G,HVAC > Equipment > Furnaces,1172.41,true
WEB-437730,Corvane Lumen 60/10 MFD 440V Capacitor,Corvane,CV-73470-H,HVAC > Parts > Capacitors,57.37,true
WEB-392977,Northwind Comfort Granite 60K BTU 92% AFUE Furnace,Northwind Comfort,NW-19845-F,HVAC > Equipment > Furnaces,2402.83,true
WEB-914966,Thermaxis Tundra 2.5 Ton Horizontal Air Handler,THERMAXIS,TX-78313-G,HVAC > Equipment > Air Handlers,2358.18,true
WEB-661972,Northwind Comfort Cascade 2 Ton 16 SEER Heat Pump,Northwind Comfort,NW-85796-D,HVAC > Equipment > Heat Pumps,3052.49,true
WEB-357241,Arcticline Sable 3/8 x 7/8 50 ft Line Set,Arcticline,AL-55020-H,HVAC > Supplies > Line Sets,172.03,true
WEB-865233,Corvane Quarry CO2 20K Sensor,Corvane,CV-62294-G,HVAC > Controls > Sensors,28.66,true
WEB-471954,Heliotemp Zephyr Humidity 20K Sensor,Heliotemp,HT-99627-H,HVAC > Controls > Sensors,34.49,true
WEB-504147,Northwind Comfort Trident 1 Pole 40 Amp 240V Coil Contactor,Northwind Comfort,NW-59173-A,HVAC > Parts > Contactors,24.33,true
WEB-239499,Bluepeak Pioneer 4 Ton 16 SEER Heat Pump,Bluepeak,BP-97894-A,HVAC > Equipment > Heat Pumps,5897.47,true
WEB-828445,Ridgeway Air Sable 3/8 x 3/4 35 ft Line Set,Ridgeway Air,RW-82786-F,HVAC > Supplies > Line Sets,249.73,true
WEB-720190,Arcticline Meridian 3/8 x 7/8 35 ft Line Set,Arcticline,AL-85440-E,HVAC > Supplies > Line Sets,315.00,true
WEB-673536,Corvane Vector Scroll 18K BTU R-454B Compressor,Corvane,CV-34632-E,HVAC > Parts > Compressors,2018.37,true
WEB-503243,Thermaxis Falcon 80K BTU 92% AFUE Furnace,Thermaxis,TX-43175-C,HVAC > Equipment > Furnaces,3996.94,true
WEB-703883,Arcticline Juniper 4 Ton 16 SEER Heat Pump,Arcticline,AL-57410-B,HVAC > Equipment > Heat Pumps,3127.99,true
WEB-624312,Ridgeway Air Vector 5 Ton 15 SEER Condenser,Ridgeway Air,RW-38322-D,HVAC > Equipment > Condensers,2766.81,true
WEB-240734,Ridgeway Air Pioneer 1 Pole 40 Amp 24V Coil Contactor,Ridgeway Air,RW-54309-G,HVAC > Parts > Contactors,58.47,true
WEB-662797,Northwind Comfort Sterling R-410A 30 lb Cylinder Refrigerant,Northwind Comfort,NW-76768-H,HVAC > Supplies > Refrigerant,592.75,true
WEB-149764,Northwind Comfort Granite 16x25x2 MERV 13 Filter,Northwind Comfort,NW-42127-J,HVAC > Supplies > Filters,28.82,true
WEB-676974,Thermaxis Lumen 1/4 x 3/8 15 ft Line Set,Thermaxis,TX-39936-E,HVAC > Supplies > Line Sets,186.60,true
WEB-635763,Ridgeway Air Trident Outdoor Temp 4-20mA Sensor,Ridgeway Air,RW-58853-C,HVAC > Controls > Sensors,108.48,true
WEB-970231,Northwind Comfort Lumen Scroll 42K BTU R-410A Compressor,Northwind Comfort,NW-3757-5H,HVAC > Parts > Compressors,1977.85,true
WEB-142058,Bluepeak Atlas 2 Pole 30 Amp 120V Coil Contactor,Bluepeak,BP-51749-B,HVAC > Parts > Contactors,97.04,true
WEB-492986,Northwind Comfort Cascade R-22 25 lb Cylinder Refrigerant,N/W Comfort,NW-85680-K,HVAC > Supplies > Refrigerant,414.77,false
WEB-670214,Ridgeway Air Ember 16x25x1 MERV 8 Filter,Ridgeway Air,RW-86254-J,HVAC > Supplies > Filters,27.41,true
WEB-777612,Thermaxis Juniper 16x20x2 MERV 8 Filter,Thermaxis,TX-38367-C,HVAC > Supplies > Filters,36.23,true
WEB-930958,Arcticline Harbor R-22 25 lb Cylinder Refrigerant,Arcticline,AL-65184-K,HVAC > Supplies > Refrigerant,415.01,true
WEB-332583,Northwind Comfort Atlas 1/4 HP 825 RPM Motor,N/W Comfort,NW-58718-F,HVAC > Parts > Motors,108.97,true
WEB-363563,Northwind Comfort Quarry 100K BTU 97% AFUE Furnace,Northwind Comfort,NW-48265-B,HVAC > Equipment > Furnaces,3152.96,true
WEB-569797,Bluepeak Tundra Scroll 60K BTU R-410A Compressor,Bluepeak,BP-23413-B,HVAC > Parts > Compressors,1117.16,true
WEB-531544,Ridgeway Air Falcon 3 Ton 20 SEER Heat Pump,Ridgeway Air Prod,RW-87780-D,HVAC > Equipment > Heat Pumps,5191.08,true
WEB-946380,Thermaxis Delta 16x20x4 MERV 13 Filter,Thermaxis,TX-52769-F,HVAC > Supplies > Filters,34.51,true
WEB-490269,Heliotemp Delta 1.5 Ton 16 SEER Condenser,Heliotemp,HT-81278-F,HVAC > Equipment > Condensers,3743.42,true
WEB-754836,Arcticline Ember 4 Ton Upflow Air Handler,Arcticline,AL-26313-J,HVAC > Equipment > Air Handlers,1472.01,true
WEB-932090,Arcticline Trident R-454B 20 lb Cylinder Refrigerant,Arcticline,AL-32554-E,HVAC > Supplies > Refrigerant,355.94,true
WEB-707576,Heliotemp Zephyr 80K BTU 92% AFUE Furnace,Heliotemp,HT-86952-G,HVAC > Equipment > Furnaces,1991.98,true
WEB-573329,Ridgeway Air Falcon 1 Pole 30 Amp 120V Coil Contactor,Ridgeway Air,RW-95599-D,HVAC > Parts > Contactors,86.46,true
WEB-544892,Heliotemp Atlas Humidity 4-20mA Sensor,Heliotemp,HT-10900-C,HVAC > Controls > Sensors,158.23,true
WEB-654515,Heliotemp Keystone 16x25x2 MERV 13 Filter,Heliotemp,HT-14359-H,HVAC > Supplies > Filters,30.65,true
WEB-378963,Bluepeak Lumen 4 Ton Horizontal Air Handler,BluePeak HVAC,BP-62459-K,HVAC > Equipment > Air Handlers,2249.38,true
WEB-261625,Heliotemp Beacon 2.5 Ton 20 SEER Condenser,HELIOTEMP,HT-69152-E,HVAC > Equipment > Condensers,4132.99,true
WEB-553930,Thermaxis Granite 35/5 MFD 440V Capacitor,Therm-Axis,TX-75044-G,HVAC > Parts > Capacitors,54.12,true
WEB-524983,Thermaxis Zephyr Outdoor Temp 10K Sensor,Thermaxis,TX-85530-A,HVAC > Controls > Sensors,102.46,true
WEB-461022,Thermaxis Meridian 1/2 HP 825 RPM Motor,Thermaxis,TX-37399-E,HVAC > Parts > Motors,215.51,true
WEB-557769,Northwind Comfort Beacon 16x25x1 MERV 11 Filter,Northwind Comfort,NW-86558-J,HVAC > Supplies > Filters,27.30,true
WEB-317365,Heliotemp Apex Duct Temp 10K Sensor,Heliotemp,HT-49766-E,HVAC > Controls > Sensors,135.14,true
WEB-856317,Corvane Trident Scroll 60K BTU R-410A Compressor,Corvane,CV-81968-D,HVAC > Parts > Compressors,1040.79,false
WEB-234172,Northwind Comfort Vector 1 HP 1625 RPM Motor,Northwind Comfort,NW-73440-K,HVAC > Parts > Motors,410.76,true
WEB-511676,Arcticline Granite Scroll 18K BTU R-454B Compressor,Arcticline,AL-39009-C,HVAC > Parts > Compressors,2176.35,true
WEB-441629,Ridgeway Air Beacon 3 Pole 40 Amp 120V Coil Contactor,Ridgeway Air,RW-92712-D,HVAC > Parts > Contactors,82.65,true
WEB-515049,Corvane Vector 20x20x2 MERV 11 Filter,Corvane,CV-68484-B,HVAC > Supplies > Filters,27.60,true
WEB-464319,Northwind Comfort Sterling R-454B 10 lb Cylinder Refrigerant,Northwind Comfort,NW-77750-K,HVAC > Supplies > Refrigerant,180.20,true
WEB-696929,Arcticline Quarry 2.5 Ton 16 SEER Heat Pump,Arctic Line,AL-82321-A,HVAC > Equipment > Heat Pumps,2839.61,true
WEB-872233,Ridgeway Air Zephyr 35/10 MFD 370V Capacitor,Ridgeway Air,RW-54949-B,HVAC > Parts > Capacitors,81.19,true
WEB-224387,Heliotemp Ember 50/3 MFD 440V Capacitor,Heliotemp,HT-17351-G,HVAC > Parts > Capacitors,27.93,true
WEB-925412,Northwind Comfort Meridian 16x25x2 MERV 11 Filter,NORTHWIND,NW-17951-D,HVAC > Supplies > Filters,21.50,true
WEB-704870,Heliotemp Quarry 100K BTU 80% AFUE Furnace,Heliotemp,HT-83444-K,HVAC > Equipment > Furnaces,1527.90,true
WEB-949051,Ridgeway Air Keystone 2.5 Ton 15 SEER Heat Pump,Ridgeway Air,RW-26846-F,HVAC > Equipment > Heat Pumps,6693.08,true
WEB-521477,Corvane Keystone 3.5 Ton Horizontal Air Handler,Corvane,CV-30644-F,HVAC > Equipment > Air Handlers,1754.17,true
WEB-648945,Corvane Meridian Scroll 48K BTU R-410A Compressor,Corvane,CV-49368-B,HVAC > Parts > Compressors,834.87,true
WEB-991458,Ridgeway Air Tundra Duct Temp 10K Sensor,Ridgeway Air,RW-60203-K,HVAC > Controls > Sensors,98.36,true
WEB-599183,Ridgeway Air Sterling 4 Ton 16 SEER Heat Pump,Ridgeway Air,RW-70722-A,HVAC > Equipment > Heat Pumps,1972.67,false
WEB-993046,Corvane Ember 45/3 MFD 370V Capacitor,Corvane,CV-57477-F,HVAC > Parts > Capacitors,58.33,true
WEB-604207,Heliotemp Apex 1/3 HP 1075 RPM Motor,Heliotemp,HT-43299-E,HVAC > Parts > Motors,211.23,true
WEB-839906,Heliotemp Tundra 60K BTU 97% AFUE Furnace,Heliotemp,HT-21495-K,HVAC > Equipment > Furnaces,3617.34,true
WEB-140222,Corvane Beacon 2 Pole 50 Amp 120V Coil Contactor,Corvane,CV-75120-E,HVAC > Parts > Contactors,86.36,true
WEB-599297,Thermaxis Delta 3/8 x 7/8 25 ft Line Set,Thermaxis,TX-52518-D,HVAC > Supplies > Line Sets,260.00,true
WEB-256817,Thermaxis Vector 16x20x2 MERV 13 Filter,Thermaxis,TX-36125-H,HVAC > Supplies > Filters,49.92,true
WEB-518669,Arcticline Zephyr 3/4 HP 825 RPM Motor,Arcticline,AL-93645-J,HVAC > Parts > Motors,242.92,true
WEB-797799,Northwind Comfort Beacon 3.5 Ton 16 SEER Condenser,Northwind Comfort,NW-18038-H,HVAC > Equipment > Condensers,4354.63,true
WEB-650848,Thermaxis Granite 20x25x2 MERV 8 Filter,Thermaxis,TX-30108-H,HVAC > Supplies > Filters,6.27,true
WEB-358318,Arcticline Sable 55/7.5 MFD 370V Capacitor,Arcticline,AL-63223-K,HVAC > Parts > Capacitors,69.00,true
WEB-971256,Bluepeak Orion 20x20x1 MERV 11 Filter,BluePeak HVAC,BP-84133-E,HVAC > Supplies > Filters,28.85,true
