material_number,material_desc,manufacturer,mfr_part_number,category_code,standard_cost,base_uom,deletion_flag,created_on,changed_on
00107125,SNSR DUCT TEMP 4-20MA FALC,CORVANE,cv 95435 a,CT-SEN,114.32,EA,,2019-11-07,2019-11-15
00106215,CONTR 2 POLE 40 AMP 24V COIL ZEPH,ARCTICLINE,al 80614 h,PT-CON,76.07,EA,,2020-03-26,2020-10-14
00101481,SNSR OUTDOOR TEMP 4-20MA HARB,THERMAXIS,TX/45443/G,CT-SEN,13.45,EA,,2020-08-17,2022-09-11
00105708,AHU 3.5 TON MULTI-POSITION KEYS,THERMAXIS,tx 42859 b,EQ-AHU,2045.41,EA,,2024-08-12,2024-09-27
00105472,COND 2 TON 18 SEER VECT,RIDGEWAY,RW27712G,EQ-CND,2023.84,EA,,2021-11-20,2022-08-25
00109513,FURN 120K BTU 80% AFUE MERI,NORTHWIND COMFORT,nw 12754 g,EQ-FUR,804.79,EA,,2023-01-01,2023-03-30
00100598,MTR 1/2 HP 825 RPM STER,NORTHWIND,nw 87579 e,PT-MTR,301.67,EA,,2021-08-30,2022-03-03
00104082,HP 4 TON 16 SEER JUNI,ARCTICLINE,AL57410B,EQ-HTP,2482.62,EA,,2019-06-27,2020-03-01
00103053,AHU 3 TON HORIZONTAL FALC,NORTHWIND,NW-95882-A,EQ-AHU,1370.75,EA,,2019-05-18,2020-09-07
00111280,SNSR OUTDOOR TEMP 20K PION,THERMAXIS,TX-55887-F,CT-SEN,81.60,EA,,2020-05-06,2022-02-05
00108593,REFRIG R-454B 25 LB CYLINDER JUNI,CORVANE,CV38771D,SP-REF,229.96,EA,,2021-02-08,2022-04-22
00106454,CAP 35/10 MFD 370V ATLA,THERMAXIS,TX/77981/D,PT-CAP,39.49,EA,,2021-12-30,2024-05-29
00108718,CAP 45/10 MFD 440V QUAR,RIDGEWAY AIR,rw 21910 f,PT-CAP,39.33,EA,,2021-12-05,2023-11-10
00104445,TSTAT SMART WI-FI 1H/1C ORIO,BLUEPEAK,BP/28819/B,CT-TST,232.74,EA,,2024-02-23,2025-12-21
00106482,CAP 40/5 MFD 370V HARB,BLUEPEAK,BP-21703-B,PT-CAP,22.95,EA,,2019-06-16,2021-09-18
00105418,HP 3.5 TON 14 SEER SUMM,BLUEPEAK,BP-35118-D,EQ-HTP,2374.00,EA,,2020-01-13,2021-12-22
00103088,FLTR 16X20X4 MERV 13 DELT,THERMAXIS,TX52769F,SP-FLT,26.93,EA,,2021-12-10,2022-02-21
00102633,TSTAT PROGRAMMABLE 2H/2C BEAC,BLUEPEAK,bp 25436 h,CT-TST,160.33,EA,,2020-12-12,2022-02-14
00110561,CAP 50/3 MFD 440V DELT,HELIOTEMP,HT-15150-G,PT-CAP,57.05,EA,,2022-03-28,2024-03-03
00101450,SNSR OUTDOOR TEMP 10K CASC,ARCTICLINE,AL-32272-F,CT-SEN,51.94,EA,,2019-02-01,2019-04-09
00108241,CONTR 1 POLE 30 AMP 240V COIL PION,HELIOTEMP,HT50282F,PT-CON,54.95,EA,,2019-01-23,2020-10-27
00106491,SNSR OUTDOOR TEMP 4-20MA SABL,CORVANE,CV-44698-C,CT-SEN,96.63,EA,,2023-02-26,2025-02-02
00100927,AHU 4 TON HORIZONTAL JUNI,CORVANE,CV/10865/C,EQ-AHU,2047.48,EA,,2024-06-26,2026-03-17
00108551,HP 3.5 TON 15 SEER TUND,BLUEPEAK,BP/40451/F,EQ-HTP,4164.12,EA,,2022-07-16,2024-07-07
00104367,COND 2.5 TON 20 SEER STER,ARCTICLINE,AL-80715-C,EQ-CND,2062.11,EA,,2020-01-04,2020-07-12
00105612,TSTAT PROGRAMMABLE 2H/2C MESA,CORVANE,CV90018C,CT-TST,264.77,EA,,2022-02-26,2024-07-20
00100918,COMP SCROLL 18K BTU R-454B JUNI,CORVANE,cv 71222 c,PT-CMP,1225.87,EA,,2021-10-06,2022-03-25
00105990,COMP SCROLL 42K BTU R-454B ATLA,HELIOTEMP,HT64568C,PT-CMP,1457.64,EA,,2021-06-06,2023-09-22
00101292,FURN 40K BTU 80% AFUE ORIO,BLUEPEAK,BP-66844-D,EQ-FUR,2454.39,EA,,2022-03-23,2022-10-14
00102961,CONTR 3 POLE 40 AMP 120V COIL PION,NORTHWIND,NW-50637-C,PT-CON,54.07,EA,,2024-03-10,2026-01-12
00106645,CONTR 3 POLE 40 AMP 240V COIL KEYS,HELIOTEMP,HT67084F,PT-CON,44.84,EA,,2023-06-19,2024-09-30
00108723,CONTR 2 POLE 50 AMP 120V COIL BEAC,CORVANE,CV-75120-E,PT-CON,61.94,EA,,2020-01-16,2022-02-21
00102656,FURN 100K BTU 96% AFUE VECT,NORTHWIND COMFORT,NW-71404-H,EQ-FUR,2141.45,EA,,2020-06-23,2022-02-02
00104094,FLTR 20X25X2 MERV 11 KEYS,HELIOTEMP,HT-54917-E,SP-FLT,33.55,EA,,2019-04-14,2021-09-20
00105567,AHU 3 TON UPFLOW HARB,ARCTICLINE,AL/64444/G,EQ-AHU,714.86,EA,,2021-06-27,2023-07-28
00108117,COND 4 TON 15 SEER ATLA,HELIOTEMP,HT-14462-H,EQ-CND,2594.36,EA,,2022-06-15,2024-06-13
00108094,CAP 50/3 MFD 440V EMBE,HELIOTEMP,HT/17351/G,PT-CAP,19.85,EA,,2020-07-29,2021-12-21
00103785,SNSR OUTDOOR TEMP 20K DELT,RIDGEWAY AIR,RW-50228-J,CT-SEN,37.29,EA,,2023-06-25,2024-11-29
00104538,CAP 35/3 MFD 440V SUMM,HELIOTEMP,ht 10555 j,PT-CAP,31.13,EA,,2020-04-02,2021-09-21
00103768,COMP SCROLL 18K BTU R-454B VECT,NORTHWIND,nw 14047 a,PT-CMP,1512.92,EA,,2023-08-15,2024-09-04
00100390,LINESET 3/8 X 7/8 25 FT BEAC,ARCTICLINE,AL-39271-H,SP-LIN,143.50,EA,,2019-08-20,2019-11-13
00108367,CONTR 3 POLE 40 AMP 120V COIL CASC,BLUEPEAK,bp 41621 a,PT-CON,47.39,EA,,2022-02-12,2024-04-30
00106966,CAP 40/7.5 MFD 370V BEAC,NORTHWIND COMFORT,NW54065C,PT-CAP,21.36,EA,,2020-07-14,2022-10-19
00106586,FLTR 16X25X4 MERV 8 HARB,ARCTICLINE,al 50953 g,SP-FLT,36.25,EA,,2021-10-08,2021-11-11
00103468,COMP SCROLL 24K BTU R-410A JUNI,CORVANE,cv 95566 b,PT-CMP,464.85,EA,,2019-05-16,2021-10-10
00103533,SNSR HUMIDITY 4-20MA MERI,RIDGEWAY,RW/22535/G,CT-SEN,100.24,EA,,2023-11-24,2026-02-28
00104229,REFRIG R-454B 20 LB CYLINDER DELT,BLUEPEAK,bp 33210 f,SP-REF,410.06,EA,X,2021-12-22,2023-03-02
00101580,LINESET 3/8 X 7/8 50 FT MESA,ARCTICLINE,AL16625D,SP-LIN,156.66,EA,,2024-08-08,2026-08-18
00100135,SNSR OUTDOOR TEMP 10K HARB,THERMAXIS,TX-35074-E,CT-SEN,15.30,EA,,2020-02-05,2022-06-10
00100931,LINESET 3/8 X 7/8 35 FT BEAC,RIDGEWAY AIR,RW/71048/F,SP-LIN,148.16,EA,,2019-11-05,2019-12-23
00101572,MTR 3/4 HP 1625 RPM MESA,RIDGEWAY,rw 95538 e,PT-MTR,314.61,EA,,2019-11-17,2022-03-03
00111256,FLTR 16X20X1 MERV 8 ZEPH,HELIOTEMP,HT53412E,SP-FLT,29.60,EA,,2021-09-22,2022-11-02
00100772,FURN 40K BTU 96% AFUE ZEPH,RIDGEWAY AIR,rw 37016 e,EQ-FUR,1171.59,EA,,2024-08-14,2025-05-08
00102939,LINESET 1/4 X 3/8 15 FT PION,THERMAXIS,TX/37183/J,SP-LIN,67.20,EA,,2024-08-19,2026-08-14
00107451,TSTAT SMART WI-FI 1H/1C TUND,THERMAXIS,tx 44232 j,CT-TST,273.97,EA,,2019-01-19,2020-08-05
00110261,FURN 40K BTU 92% AFUE FALC,THERMAXIS,TX39320C,EQ-FUR,1081.14,EA,,2021-06-13,2023-02-01
00106412,COMP SCROLL 30K BTU R-454B APEX,CORVANE,CV/54657/H,PT-CMP,674.61,EA,,2023-03-01,2023-03-14
00107799,AHU 3 TON HORIZONTAL TUND,HELIOTEMP,HT-58259-A,EQ-AHU,2061.32,EA,,2021-10-30,2023-02-26
00109370,CAP 50/10 MFD 370V ZEPH,BLUEPEAK,bp 10099 b,PT-CAP,42.41,EA,,2019-12-13,2022-02-24
00105123,TSTAT SMART WI-FI 3H/2C BEAC,CORVANE,cv 74661 a,CT-TST,85.77,EA,,2022-11-28,2023-06-14
00100580,AHU 3 TON MULTI-POSITION BEAC,NORTHWIND COMFORT,NW99932D,EQ-AHU,777.49,EA,,2022-12-08,2023-01-11
00103918,FURN 40K BTU 96% AFUE CASC,CORVANE,CV/78006/B,EQ-FUR,1867.26,EA,,2024-01-06,2026-04-06
00107719,CONTR 1 POLE 50 AMP 120V COIL MESA,ARCTICLINE,AL/55689/B,PT-CON,49.17,EA,,2023-08-28,2025-02-23
00102304,AHU 2 TON MULTI-POSITION ATLA,RIDGEWAY AIR,RW-46556-J,EQ-AHU,1377.90,EA,,2023-08-14,2023-10-02
00100076,SNSR CO2 20K QUAR,CORVANE,CV/62294/G,CT-SEN,20.92,EA,,2023-06-29,2025-12-03
00102665,FURN 100K BTU 97% AFUE TUND,ARCTICLINE,AL/43727/C,EQ-FUR,1702.47,EA,,2020-02-28,2021-07-19
00104419,COND 2.5 TON 16 SEER APEX,HELIOTEMP,ht 60772 k,EQ-CND,3156.91,EA,,2022-10-16,2024-03-07
00100885,COMP SCROLL 36K BTU R-410A BEAC,HELIOTEMP,HT-96411-F,PT-CMP,534.36,EA,,2022-05-26,2023-12-21
00101116,COND 5 TON 20 SEER ORIO,THERMAXIS,TX/94762/H,EQ-CND,1077.28,EA,,2020-08-16,2022-05-31
00100767,SNSR OUTDOOR TEMP 4-20MA TUND,CORVANE,CV-52813-F,CT-SEN,20.69,EA,,2023-06-05,2023-11-09
00109556,FLTR 16X20X2 MERV 8 MERI,HELIOTEMP,ht 80052 k,SP-FLT,28.31,EA,,2021-06-14,2021-08-04
00108953,HP 5 TON 18 SEER MESA,THERMAXIS,TX-23668-A,EQ-HTP,3843.87,EA,,2021-07-02,2021-07-17
00104122,FURN 80K BTU 80% AFUE TRID,NORTHWIND,NW-77038-J,EQ-FUR,1756.75,EA,,2021-05-31,2021-10-08
00108080,COMP SCROLL 24K BTU R-454B ATLA,RIDGEWAY,rw 16238 k,PT-CMP,570.55,EA,,2023-10-31,2025-10-03
00107253,FLTR 20X25X4 MERV 11 KEYS,HELIOTEMP,HT84223J,SP-FLT,35.73,EA,,2020-12-16,2022-09-29
00103721,CAP 50/10 MFD 440V ORIO,THERMAXIS,TX-50957-K,PT-CAP,27.35,EA,,2021-01-23,2023-06-27
00101954,FLTR 16X25X4 MERV 13 TRID,THERMAXIS,TX-15670-F,SP-FLT,18.59,EA,,2023-10-20,2024-02-08
00105651,TSTAT PROGRAMMABLE 2H/2C LUME,ARCTICLINE,AL/56046/G,CT-TST,276.70,EA,,2019-05-19,2021-03-23
00102553,COND 3 TON 16 SEER ATLA,ARCTICLINE,AL58119B,EQ-CND,2565.79,EA,,2024-02-20,2026-01-25
00109151,MTR 1/6 HP 825 RPM STER,HELIOTEMP,HT/44384/K,PT-MTR,393.66,EA,,2023-08-27,2023-12-17
00106950,TSTAT PROGRAMMABLE 2H/2C ZEPH,THERMAXIS,TX/23081/A,CT-TST,39.38,EA,X,2021-01-23,2023-03-11
00108122,CAP 50/3 MFD 370V CASC,ARCTICLINE,al 31710 h,PT-CAP,48.41,EA,,2020-10-24,2021-01-19
00101707,CAP 55/5 MFD 370V APEX,HELIOTEMP,ht 83482 b,PT-CAP,53.19,EA,,2023-10-12,2024-08-16
00108304,HP 3.5 TON 16 SEER ATLA,CORVANE,CV74685J,EQ-HTP,3641.53,EA,,2021-01-26,2023-06-05
00107168,AHU 2 TON HORIZONTAL EMBE,BLUEPEAK,BP-73050-H,EQ-AHU,1681.73,EA,,2022-01-20,2024-07-04
00109848,LINESET 1/4 X 3/8 25 FT EMBE,NORTHWIND,nw 83493 b,SP-LIN,149.71,EA,X,2025-08-15,2027-12-04
00103876,AHU 2 TON UPFLOW KEYS,RIDGEWAY AIR,RW-64865-E,EQ-AHU,1097.90,EA,,2020-04-25,2021-06-02
00105233,COMP SCROLL 18K BTU R-454B GRAN,HELIOTEMP,HT-43422-H,PT-CMP,1426.97,EA,,2019-05-15,2019-12-20
00107391,FLTR 16X20X4 MERV 8 GRAN,ARCTICLINE,AL-69071-G,SP-FLT,26.47,EA,,2024-09-06,2026-08-30
00103487,CAP 45/3 MFD 370V MESA,NORTHWIND,NW-54115-F,PT-CAP,11.31,EA,,2019-10-23,2020-07-18
00100284,HP 1.5 TON 16 SEER TUND,ARCTICLINE,AL43189F,EQ-HTP,1311.42,EA,,2023-05-18,2023-11-07
00105345,AHU 3.5 TON HORIZONTAL VECT,RIDGEWAY,RW-49567-B,EQ-AHU,1983.32,EA,,2019-01-07,2020-01-30
00104384,LINESET 3/8 X 7/8 35 FT DELT,NORTHWIND COMFORT,NW95343A,SP-LIN,204.71,EA,,2024-06-27,2025-12-26
00107553,LINESET 3/8 X 3/4 15 FT APEX,THERMAXIS,TX-72631-H,SP-LIN,224.29,EA,,2021-02-28,2022-05-08
00107163,SNSR HUMIDITY 20K DELT,NORTHWIND COMFORT,NW-81186-G,CT-SEN,73.06,EA,,2019-08-09,2019-12-10
00105398,LINESET 1/4 X 3/8 25 FT DELT,BLUEPEAK,BP-21942-E,SP-LIN,207.12,EA,,2021-11-09,2021-12-09
00104341,TSTAT SMART WI-FI 2H/2C ZEPH,NORTHWIND,NW-17261-C,CT-TST,224.97,EA,,2022-01-25,2023-02-12
00108405,COMP SCROLL 60K BTU R-410A APEX,NORTHWIND,nw 20018 k,PT-CMP,1377.38,EA,,2024-05-20,2025-10-07
00109067,REFRIG R-454B 10 LB CYLINDER MERI,BLUEPEAK,BP98076G,SP-REF,359.51,EA,,2024-06-01,2025-01-31
00106376,COND 4 TON 20 SEER ZEPH,BLUEPEAK,BP/35063/C,EQ-CND,2504.50,EA,,2020-07-10,2022-05-05
00105254,CAP 40/7.5 MFD 440V CASC,RIDGEWAY AIR,RW-83805-C,PT-CAP,14.86,EA,,2021-09-13,2022-01-14
00105675,SNSR CO2 4-20MA GRAN,NORTHWIND,nw 88300 k,CT-SEN,81.05,EA,,2022-08-31,2024-04-14
00110975,LINESET 3/8 X 7/8 50 FT ZEPH,RIDGEWAY,RW90433F,SP-LIN,85.72,EA,,2019-10-08,2021-10-23
00107513,COND 3 TON 14 SEER FALC,ARCTICLINE,al 92982 f,EQ-CND,3852.71,EA,,2024-04-13,2025-09-14
00103230,CAP 35/10 MFD 440V CASC,NORTHWIND COMFORT,nw 66276 f,PT-CAP,32.89,EA,,2019-06-20,2020-04-19
00104259,SNSR CO2 10K ATLA,BLUEPEAK,BP-50014-E,CT-SEN,116.55,EA,,2020-04-25,2021-10-17
00100152,REFRIG R-22 10 LB CYLINDER TRID,HELIOTEMP,HT60376F,SP-REF,263.10,EA,,2022-04-25,2023-08-03
00100134,AHU 4 TON HORIZONTAL BEAC,NORTHWIND,NW25772J,EQ-AHU,743.56,EA,,2024-05-30,2026-09-06
00101134,LINESET 3/8 X 7/8 25 FT PION,ARCTICLINE,al 68621 b,SP-LIN,239.72,EA,,2023-04-27,2023-10-08
00101918,LINESET 3/8 X 3/4 25 FT LUME,RIDGEWAY AIR,RW-36007-B,SP-LIN,75.60,EA,,2019-05-18,2020-02-14
00102946,AHU 2.5 TON HORIZONTAL LUME,RIDGEWAY AIR,RW/43504/D,EQ-AHU,1430.43,EA,,2020-12-19,2021-09-12
00101814,CAP 40/10 MFD 440V GRAN,RIDGEWAY,RW-59226-D,PT-CAP,10.05,EA,,2019-03-27,2020-07-28
00107001,CONTR 2 POLE 50 AMP 120V COIL APEX,BLUEPEAK,BP50251E,PT-CON,70.37,EA,,2022-02-19,2023-11-20
00106589,CONTR 2 POLE 50 AMP 240V COIL PION,HELIOTEMP,HT74148J,PT-CON,55.94,EA,,2023-10-31,2024-04-14
00100764,HP 2 TON 18 SEER TUND,HELIOTEMP,HT31730B,EQ-HTP,3991.82,EA,,2019-11-28,2021-02-14
00109066,FURN 60K BTU 80% AFUE SUMM,HELIOTEMP,HT45961F,EQ-FUR,845.99,EA,,2019-04-08,2021-02-04
00106803,REFRIG R-32 30 LB CYLINDER MERI,RIDGEWAY AIR,RW-80798-J,SP-REF,384.66,EA,,2024-06-14,2025-01-11
00103510,MTR 3/4 HP 825 RPM LUME,HELIOTEMP,HT27459E,PT-MTR,217.48,EA,,2021-07-06,2023-05-13
00107669,FLTR 16X25X2 MERV 13 SABL,THERMAXIS,TX/14965/J,SP-FLT,29.96,EA,,2020-05-21,2020-12-03
00106223,CONTR 1 POLE 30 AMP 240V COIL ORIO,BLUEPEAK,BP-64828-J,PT-CON,41.91,EA,,2020-06-20,2021-01-01
00102203,LINESET 3/8 X 7/8 15 FT QUAR,CORVANE,CV/61381/G,SP-LIN,227.26,EA,,2022-11-04,2025-03-12
00103573,SNSR DUCT TEMP 4-20MA SABL,NORTHWIND,NW-32538-F,CT-SEN,50.38,EA,,2024-05-19,2025-05-21
00107903,FURN 40K BTU 80% AFUE CASC,NORTHWIND,NW-28395-J,EQ-FUR,1967.33,EA,X,2019-10-09,2020-08-02
00102380,CAP 60/7.5 MFD 370V VECT,CORVANE,CV86666B,PT-CAP,28.82,EA,,2024-09-28,2025-04-28
00100220,FURN 100K BTU 80% AFUE FALC,HELIOTEMP,HT-61639-A,EQ-FUR,1265.62,EA,,2021-08-11,2023-02-16
00102179,AHU 2.5 TON MULTI-POSITION EMBE,THERMAXIS,TX-99920-F,EQ-AHU,1705.77,EA,,2019-10-01,2021-07-28
00102639,CONTR 1 POLE 30 AMP 24V COIL TRID,NORTHWIND,nw 18900 e,PT-CON,36.62,EA,,2024-04-05,2025-11-09
00102920,LINESET 3/8 X 3/4 15 FT APEX,CORVANE,CV/27169/G,SP-LIN,261.31,EA,,2021-01-22,2023-05-21
00107113,COMP SCROLL 48K BTU R-454B BEAC,ARCTICLINE,AL95622H,PT-CMP,1007.19,EA,,2019-03-28,2020-03-26
00109088,AHU 2.5 TON UPFLOW JUNI,NORTHWIND COMFORT,NW-18271-J,EQ-AHU,1204.76,EA,,2021-04-21,2022-04-17
00100845,CAP 50/10 MFD 370V SUMM,RIDGEWAY,rw 14999 e,PT-CAP,37.08,EA,,2020-10-20,2021-09-02
00102944,HP 4 TON 18 SEER STER,CORVANE,CV-17098-B,EQ-HTP,3642.55,EA,,2022-10-25,2025-01-16
00102446,FURN 40K BTU 97% AFUE APEX,THERMAXIS,TX/32147/G,EQ-FUR,1956.58,EA,,2021-09-09,2023-10-11
00106110,AHU 4 TON UPFLOW TRID,HELIOTEMP,HT-78529-F,EQ-AHU,1774.56,EA,,2020-12-25,2022-09-25
00107058,LINESET 3/8 X 7/8 25 FT TUND,THERMAXIS,TX-69002-A,SP-LIN,90.86,EA,,2019-03-16,2020-04-29
00107955,AHU 4 TON UPFLOW SABL,NORTHWIND,NW/19315/F,EQ-AHU,1669.89,EA,,2022-07-21,2024-06-23
00100004,AHU 5 TON MULTI-POSITION KEYS,HELIOTEMP,HT-19494-J,EQ-AHU,806.88,EA,,2019-08-26,2021-06-10
00109176,CONTR 1 POLE 30 AMP 24V COIL TRID,CORVANE,CV97978K,PT-CON,20.78,EA,,2023-04-14,2024-10-20
00104791,REFRIG R-410A 30 LB CYLINDER FALC,THERMAXIS,TX-86002-H,SP-REF,380.96,EA,,2020-01-19,2020-07-24
00105636,TSTAT PROGRAMMABLE 3H/2C PION,ARCTICLINE,AL-98196-F,CT-TST,154.60,EA,,2020-01-10,2020-05-04
00105531,LINESET 3/8 X 3/4 50 FT LUME,ARCTICLINE,AL-71506-B,SP-LIN,64.52,EA,,2020-04-05,2021-09-25
00100833,CAP 60/3 MFD 440V ORIO,CORVANE,CV-41771-G,PT-CAP,44.23,EA,,2020-10-02,2021-05-08
00101676,COND 2 TON 20 SEER VECT,THERMAXIS,TX94500K,EQ-CND,2043.99,EA,,2024-05-02,2026-09-24
00111261,CONTR 2 POLE 40 AMP 24V COIL TRID,BLUEPEAK,BP-73260-F,PT-CON,64.44,EA,,2020-01-27,2020-10-04
00106643,TSTAT SMART WI-FI 1H/1C MERI,HELIOTEMP,HT-23696-K,CT-TST,136.39,EA,,2024-01-29,2024-09-26
00107084,MTR 1/2 HP 1625 RPM MERI,CORVANE,CV63242H,PT-MTR,374.38,EA,,2020-05-24,2022-02-28
00108337,TSTAT SMART WI-FI 1H/1C JUNI,NORTHWIND COMFORT,NW-93977-D,CT-TST,245.33,EA,,2023-11-10,2026-01-20
00110367,TSTAT SMART WI-FI 1H/1C CASC,ARCTICLINE,AL98884D,CT-TST,295.49,EA,,2021-05-22,2022-04-30
00108554,COMP SCROLL 60K BTU R-410A SUMM,RIDGEWAY,RW/17719/A,PT-CMP,1563.52,EA,,2022-01-26,2023-08-24
00103890,CONTR 1 POLE 40 AMP 120V COIL STER,HELIOTEMP,ht 68458 h,PT-CON,31.63,EA,,2024-05-11,2025-06-12
00111034,CAP 40/10 MFD 440V QUAR,CORVANE,CV-77427-A,PT-CAP,11.36,EA,,2022-01-09,2024-02-14
00105951,COND 3 TON 15 SEER ORIO,BLUEPEAK,BP82759J,EQ-CND,2600.37,EA,,2020-04-30,2021-04-16
00105215,COMP SCROLL 30K BTU R-454B FALC,NORTHWIND,NW/24564/G,PT-CMP,1486.98,EA,,2019-10-16,2021-05-14
00100069,CONTR 3 POLE 40 AMP 24V COIL PION,RIDGEWAY AIR,RW29781B,PT-CON,23.65,EA,,2021-08-08,2022-11-21
00107773,FURN 40K BTU 96% AFUE VECT,BLUEPEAK,BP38692F,EQ-FUR,2246.75,EA,,2022-12-12,2025-03-31
00103240,MTR 1/3 HP 825 RPM VECT,ARCTICLINE,AL-54409-B,PT-MTR,229.25,EA,,2022-06-17,2023-03-30
00108161,AHU 2.5 TON HORIZONTAL LUME,NORTHWIND,NW47413J,EQ-AHU,1371.33,EA,,2020-02-23,2020-07-27
00110841,AHU 4 TON UPFLOW GRAN,CORVANE,CV-76562-K,EQ-AHU,1788.94,EA,,2019-01-25,2019-06-03
00100963,CAP 45/7.5 MFD 370V STER,CORVANE,cv 95794 h,PT-CAP,50.00,EA,,2022-09-17,2024-09-26
00107484,CAP 50/3 MFD 440V FALC,RIDGEWAY,RW-47362-J,PT-CAP,28.76,EA,X,2019-02-20,2020-05-14
00103431,FLTR 20X20X1 MERV 11 HARB,HELIOTEMP,HT-12970-F,SP-FLT,12.54,EA,X,2019-01-16,2021-02-08
00104906,AHU 3.5 TON UPFLOW SABL,NORTHWIND,NW-96244-G,EQ-AHU,741.93,EA,,2022-01-16,2023-02-03
00103398,SNSR CO2 20K TUND,CORVANE,CV/11784/A,CT-SEN,82.86,EA,,2024-03-07,2025-08-26
00108411,REFRIG R-454B 30 LB CYLINDER KEYS,BLUEPEAK,bp 89333 a,SP-REF,98.60,EA,,2019-11-23,2021-09-24
00103976,CAP 35/10 MFD 440V SUMM,BLUEPEAK,BP-92896-F,PT-CAP,23.08,EA,,2021-08-09,2023-02-01
00110265,HP 3.5 TON 16 SEER LUME,CORVANE,CV-41054-H,EQ-HTP,2351.48,EA,,2020-06-15,2022-08-28
00100908,REFRIG R-410A 25 LB CYLINDER MERI,THERMAXIS,TX/35869/H,SP-REF,318.91,EA,,2019-11-19,2022-01-06
00103982,CAP 50/3 MFD 370V TUND,BLUEPEAK,BP-85407-A,PT-CAP,39.84,EA,,2023-05-10,2024-08-18
00102596,TSTAT SMART WI-FI 2H/2C HARB,CORVANE,CV-52295-D,CT-TST,33.67,EA,,2021-07-15,2022-08-07
00102312,LINESET 3/8 X 3/4 25 FT PION,HELIOTEMP,HT-19157-J,SP-LIN,80.11,EA,,2023-08-18,2025-12-16
00102143,COMP SCROLL 24K BTU R-410A CASC,HELIOTEMP,HT/76425/E,PT-CMP,822.40,EA,,2021-03-20,2022-02-11
00106465,FURN 120K BTU 80% AFUE VECT,BLUEPEAK,BP/32307/F,EQ-FUR,1220.12,EA,,2022-05-03,2024-05-13
00100146,TSTAT SMART WI-FI 3H/2C STER,NORTHWIND,NW36553H,CT-TST,63.13,EA,,2020-05-13,2022-03-09
00102507,LINESET 3/8 X 3/4 25 FT APEX,CORVANE,cv 10910 b,SP-LIN,77.47,EA,,2020-04-10,2022-04-10
00103474,TSTAT NON-PROGRAMMABLE 1H/1C STER,BLUEPEAK,bp 45071 b,CT-TST,76.30,EA,,2019-04-06,2020-01-20
00106313,COND 4 TON 15 SEER FALC,CORVANE,CV/34161/C,EQ-CND,3164.61,EA,,2023-11-25,2024-10-01
00111184,LINESET 3/8 X 7/8 25 FT STER,HELIOTEMP,HT48087K,SP-LIN,256.63,EA,,2020-07-21,2021-03-20
00104708,MTR 1/3 HP 1075 RPM FALC,HELIOTEMP,HT-52039-G,PT-MTR,247.17,EA,X,2019-01-22,2020-08-25
00108945,SNSR HUMIDITY 10K GRAN,BLUEPEAK,bp 85929 e,CT-SEN,83.22,EA,,2022-11-25,2024-02-07
00101095,LINESET 3/8 X 3/4 35 FT SUMM,HELIOTEMP,HT-78086-K,SP-LIN,62.72,EA,,2019-05-18,2020-02-20
00103288,AHU 3 TON UPFLOW TUND,HELIOTEMP,HT-46297-C,EQ-AHU,2271.65,EA,,2023-11-29,2026-03-15
00104995,CAP 45/10 MFD 370V VECT,THERMAXIS,TX-48099-H,PT-CAP,61.07,EA,,2019-08-31,2022-01-23
00106917,HP 2 TON 16 SEER TRID,RIDGEWAY,RW/73320/G,EQ-HTP,2735.53,EA,,2023-09-07,2025-01-14
00103340,FLTR 16X25X2 MERV 11 MERI,NORTHWIND COMFORT,NW/17951/D,SP-FLT,16.49,EA,,2020-12-09,2022-05-28
00104439,MTR 1/3 HP 1075 RPM SUMM,BLUEPEAK,BP-13213-E,PT-MTR,166.68,EA,,2023-02-13,2024-10-03
00100671,CONTR 3 POLE 50 AMP 240V COIL EMBE,NORTHWIND COMFORT,NW76446G,PT-CON,66.87,EA,,2020-12-16,2022-11-18
00101473,HP 5 TON 18 SEER CASC,BLUEPEAK,BP98513C,EQ-HTP,3991.40,EA,,2021-12-04,2023-07-02
00105832,REFRIG R-454B 30 LB CYLINDER BEAC,ARCTICLINE,AL-16617-E,SP-REF,123.43,EA,,2021-11-11,2023-09-12
00105021,TSTAT PROGRAMMABLE 2H/2C PION,NORTHWIND COMFORT,NW-98684-F,CT-TST,73.24,EA,,2022-05-14,2024-08-04
00105001,FURN 60K BTU 97% AFUE JUNI,HELIOTEMP,HT-81707-H,EQ-FUR,2312.64,EA,,2022-02-09,2022-03-23
00105175,COND 2 TON 14 SEER FALC,BLUEPEAK,BP14580A,EQ-CND,1413.33,EA,,2021-12-16,2022-01-08
00103351,CONTR 1 POLE 30 AMP 120V COIL ZEPH,ARCTICLINE,AL-76746-B,PT-CON,19.58,EA,,2022-12-03,2023-07-29
00107207,REFRIG R-32 10 LB CYLINDER SUMM,RIDGEWAY AIR,RW/28563/K,SP-REF,177.72,EA,,2022-11-09,2024-09-19
00110048,FURN 100K BTU 96% AFUE GRAN,HELIOTEMP,HT-44563-D,EQ-FUR,2576.81,EA,,2023-04-08,2025-05-06
00104812,COND 1.5 TON 15 SEER HARB,BLUEPEAK,BP33391A,EQ-CND,1183.41,EA,,2020-03-13,2020-12-01
00107415,CONTR 1 POLE 40 AMP 240V COIL DELT,BLUEPEAK,BP-30159-G,PT-CON,33.18,EA,,2019-05-23,2019-12-17
00106014,CONTR 2 POLE 40 AMP 24V COIL TUND,BLUEPEAK,BP/85422/B,PT-CON,76.77,EA,,2022-10-11,2023-11-24
00104544,TSTAT PROGRAMMABLE 1H/1C BEAC,THERMAXIS,TX/45243/A,CT-TST,137.06,EA,,2021-08-18,2022-05-01
00109285,REFRIG R-22 30 LB CYLINDER ATLA,ARCTICLINE,AL52096J,SP-REF,293.10,EA,,2021-11-03,2023-01-08
00109174,CONTR 3 POLE 50 AMP 24V COIL TUND,THERMAXIS,TX/86511/J,PT-CON,47.97,EA,,2020-02-19,2021-11-26
00102933,FLTR 20X25X4 MERV 8 FALC,ARCTICLINE,al 34031 a,SP-FLT,36.70,EA,,2020-04-07,2022-05-01
00103929,CONTR 2 POLE 40 AMP 120V COIL ATLA,BLUEPEAK,BP-74694-H,PT-CON,14.27,EA,,2024-08-08,2026-08-27
00111251,FLTR 16X20X1 MERV 8 ZEPH,HELIOTEMP,ht 53412 e,SP-FLT,28.46,EA,,2020-08-21,2021-10-14
00109004,HP 2.5 TON 15 SEER TUND,CORVANE,CV-96471-D,EQ-HTP,2416.13,EA,X,2023-02-28,2025-07-21
00103255,CONTR 1 POLE 50 AMP 24V COIL MERI,BLUEPEAK,BP66793E,PT-CON,56.77,EA,X,2020-08-31,2020-11-24
00106832,HP 4 TON 15 SEER ZEPH,ARCTICLINE,AL-65397-E,EQ-HTP,4066.84,EA,,2019-01-04,2019-12-21
00107909,TSTAT PROGRAMMABLE 3H/2C HARB,RIDGEWAY,RW-17680-A,CT-TST,191.90,EA,,2019-01-10,2019-02-14
00106766,COND 5 TON 14 SEER GRAN,THERMAXIS,TX/23387/K,EQ-CND,1226.80,EA,,2022-11-29,2024-11-27
00110220,SNSR HUMIDITY 20K SUMM,ARCTICLINE,al 42802 k,CT-SEN,40.26,EA,,2023-10-23,2024-01-29
00110912,HP 5 TON 20 SEER TRID,NORTHWIND,NW98628A,EQ-HTP,3185.83,EA,,2021-02-27,2022-03-10
00105630,CAP 45/7.5 MFD 370V STER,ARCTICLINE,AL-30385-A,PT-CAP,24.74,EA,,2022-04-02,2023-11-23
00104478,HP 1.5 TON 18 SEER CASC,ARCTICLINE,AL-86638-B,EQ-HTP,2147.22,EA,,2022-07-17,2022-08-27
00110282,TSTAT SMART WI-FI 3H/2C QUAR,HELIOTEMP,ht 39750 k,CT-TST,223.27,EA,,2021-09-10,2023-10-26
00104817,HP 3.5 TON 18 SEER VECT,BLUEPEAK,BP17583F,EQ-HTP,3313.45,EA,,2024-03-13,2024-10-26
00103766,CAP 45/10 MFD 440V EMBE,RIDGEWAY,RW16098C,PT-CAP,52.27,EA,,2019-08-26,2021-12-28
00106498,CAP 60/10 MFD 370V GRAN,NORTHWIND COMFORT,nw 42952 g,PT-CAP,11.08,EA,,2023-08-09,2023-09-20
00102687,FLTR 16X20X4 MERV 11 TUND,CORVANE,cv 31243 d,SP-FLT,33.14,EA,,2019-01-01,2019-08-22
00105817,CONTR 2 POLE 30 AMP 24V COIL MERI,NORTHWIND COMFORT,NW-77454-F,PT-CON,56.30,EA,,2020-09-16,2021-07-07
00107643,COMP SCROLL 18K BTU R-454B VECT,ARCTICLINE,AL70110C,PT-CMP,1009.07,EA,,2024-01-13,2024-05-27
00104984,COMP SCROLL 24K BTU R-410A SUMM,BLUEPEAK,BP18065F,PT-CMP,1056.55,EA,,2020-10-06,2022-04-04
00104512,FURN 40K BTU 97% AFUE SABL,ARCTICLINE,AL/33625/H,EQ-FUR,1916.31,EA,X,2024-04-03,2025-05-17
00102016,LINESET 3/8 X 3/4 15 FT FALC,THERMAXIS,TX92118C,SP-LIN,122.23,EA,,2021-02-18,2023-07-07
00106581,FLTR 16X25X4 MERV 8 HARB,ARCTICLINE,AL-50953-G,SP-FLT,34.09,EA,,2021-03-27,2022-12-23
00103374,FLTR 16X20X4 MERV 11 DELT,BLUEPEAK,BP-26035-D,SP-FLT,11.70,EA,,2022-06-29,2024-07-02
00109903,SNSR HUMIDITY 10K ATLA,THERMAXIS,TX-76527-K,CT-SEN,16.53,EA,,2024-04-25,2026-01-24
00105109,TSTAT NON-PROGRAMMABLE 1H/1C TRID,THERMAXIS,TX/81171/H,CT-TST,125.14,EA,X,2020-02-04,2020-03-27
00108131,AHU 5 TON MULTI-POSITION VECT,RIDGEWAY AIR,RW/14268/G,EQ-AHU,1141.87,EA,,2021-06-01,2022-01-04
00104768,COMP SCROLL 24K BTU R-454B VECT,HELIOTEMP,HT-43342-H,PT-CMP,536.44,EA,,2020-04-09,2022-06-09
00111026,CAP 40/10 MFD 440V QUAR,CORVANE,CV-77427-A,PT-CAP,11.88,EA,,2022-01-01,2023-04-05
00106714,FLTR 16X20X2 MERV 11 GRAN,BLUEPEAK,BP/54049/K,SP-FLT,4.06,EA,,2020-08-30,2022-09-10
00109239,MTR 1/3 HP 825 RPM SABL,NORTHWIND,NW-61857-H,PT-MTR,329.94,EA,,2024-06-20,2025-05-13
00105690,HP 2.5 TON 14 SEER SUMM,HELIOTEMP,HT78796B,EQ-HTP,3055.64,EA,,2023-04-30,2024-12-23
00101297,MTR 1 HP 825 RPM PION,ARCTICLINE,al 25778 a,PT-MTR,286.68,EA,,2022-01-04,2024-02-03
00102226,COMP SCROLL 48K BTU R-410A ZEPH,RIDGEWAY AIR,RW/25821/D,PT-CMP,1181.66,EA,,2019-06-20,2020-12-24
00103731,CONTR 1 POLE 40 AMP 240V COIL TRID,NORTHWIND,NW-59173-A,PT-CON,17.96,EA,,2021-07-24,2021-08-17
00105755,CAP 60/10 MFD 440V GRAN,ARCTICLINE,AL76962J,PT-CAP,43.87,EA,,2024-07-27,2025-01-27
00102878,TSTAT NON-PROGRAMMABLE 2H/2C FALC,CORVANE,CV51083C,CT-TST,222.07,EA,,2022-10-31,2024-12-03
00108013,FLTR 20X20X2 MERV 13 GRAN,NORTHWIND,NW95542A,SP-FLT,27.13,EA,,2021-04-09,2021-06-13
00106154,FURN 40K BTU 80% AFUE TRID,RIDGEWAY,RW33090G,EQ-FUR,1507.30,EA,,2024-03-09,2026-07-18
00102259,FLTR 20X25X2 MERV 11 HARB,ARCTICLINE,AL/77172/C,SP-FLT,29.70,EA,,2024-02-23,2025-04-16
00108225,AHU 5 TON MULTI-POSITION ATLA,CORVANE,cv 92417 f,EQ-AHU,824.46,EA,,2021-03-03,2021-11-23
00108596,COMP SCROLL 18K BTU R-410A BEAC,THERMAXIS,TX-48114-C,PT-CMP,1570.91,EA,,2022-06-22,2023-12-12
00104911,SNSR OUTDOOR TEMP 4-20MA ATLA,THERMAXIS,TX-91381-G,CT-SEN,62.14,EA,,2021-05-01,2022-11-16
00110824,LINESET 3/8 X 7/8 25 FT DELT,CORVANE,cv 29941 g,SP-LIN,87.43,EA,,2020-06-12,2021-05-11
00105048,SNSR OUTDOOR TEMP 10K ATLA,BLUEPEAK,BP-30448-H,CT-SEN,116.66,EA,,2021-04-12,2021-05-06
00105704,CONTR 3 POLE 30 AMP 24V COIL EMBE,NORTHWIND,NW/20454/J,PT-CON,45.63,EA,,2022-05-12,2023-10-05
00102515,TSTAT PROGRAMMABLE 3H/2C DELT,RIDGEWAY AIR,RW-60511-H,CT-TST,310.21,EA,,2021-05-13,2022-12-16
00106969,SNSR OUTDOOR TEMP 10K ZEPH,HELIOTEMP,HT-32689-D,CT-SEN,76.31,EA,,2020-01-13,2022-06-26
00108808,AHU 4 TON MULTI-POSITION PION,BLUEPEAK,bp 12016 d,EQ-AHU,1590.82,EA,,2023-06-25,2025-06-21
00106134,COND 5 TON 14 SEER BEAC,RIDGEWAY AIR,RW-74226-F,EQ-CND,2865.89,EA,,2019-08-31,2020-10-29
00105447,FURN 100K BTU 80% AFUE DELT,BLUEPEAK,BP/14565/D,EQ-FUR,2157.95,EA,,2022-09-01,2024-05-25
00103841,COND 1.5 TON 15 SEER ORIO,ARCTICLINE,AL-67413-J,EQ-CND,3321.27,EA,,2022-09-04,2023-12-22
00100018,REFRIG R-32 30 LB CYLINDER FALC,ARCTICLINE,al 28907 j,SP-REF,135.13,EA,,2022-06-17,2024-10-14
00101161,AHU 2 TON HORIZONTAL STER,ARCTICLINE,AL97592D,EQ-AHU,1568.11,EA,,2022-03-18,2022-10-05
00102422,COMP SCROLL 18K BTU R-454B BEAC,THERMAXIS,TX-51749-H,PT-CMP,1430.50,EA,,2020-06-09,2021-06-27
00101911,CONTR 2 POLE 30 AMP 240V COIL KEYS,NORTHWIND,nw 10688 d,PT-CON,52.45,EA,,2021-11-09,2023-11-25
00106278,REFRIG R-22 10 LB CYLINDER MERI,RIDGEWAY,RW-33045-D,SP-REF,368.04,EA,,2022-11-29,2025-04-09
00105782,LINESET 1/4 X 3/8 50 FT CASC,BLUEPEAK,BP94299D,SP-LIN,113.18,EA,,2021-09-15,2023-07-04
00110404,CAP 60/3 MFD 440V KEYS,RIDGEWAY AIR,rw 44612 j,PT-CAP,48.64,EA,,2021-12-24,2023-08-07
00109534,CONTR 1 POLE 40 AMP 24V COIL ZEPH,ARCTICLINE,AL-62739-H,PT-CON,34.37,EA,,2021-05-18,2021-06-23
00107313,TSTAT NON-PROGRAMMABLE 1H/1C ZEPH,NORTHWIND COMFORT,NW54181B,CT-TST,72.22,EA,,2023-04-12,2025-05-03
00104399,MTR 1/2 HP 1625 RPM MESA,NORTHWIND COMFORT,nw 20245 h,PT-MTR,402.62,EA,,2023-12-26,2023-12-27
00110100,HP 3.5 TON 18 SEER ORIO,NORTHWIND,NW75797J,EQ-HTP,3161.01,EA,,2021-11-22,2023-04-26
00104164,LINESET 3/8 X 7/8 15 FT ZEPH,CORVANE,CV-26905-F,SP-LIN,141.49,EA,,2023-09-22,2024-07-25
00109453,REFRIG R-32 10 LB CYLINDER MERI,BLUEPEAK,BP-14083-F,SP-REF,168.15,EA,X,2023-10-24,2025-04-26
00109592,CONTR 3 POLE 50 AMP 24V COIL ATLA,NORTHWIND COMFORT,NW-82355-F,PT-CON,39.69,EA,,2024-02-10,2025-04-25
00101517,HP 3 TON 20 SEER APEX,BLUEPEAK,BP-43385-G,EQ-HTP,3325.98,EA,,2022-11-30,2023-08-15
00110236,FLTR 20X25X4 MERV 13 JUNI,THERMAXIS,TX-72713-G,SP-FLT,35.63,EA,,2023-06-04,2024-08-31
00103728,MTR 1/6 HP 1075 RPM SABL,THERMAXIS,TX36994G,PT-MTR,410.72,EA,,2023-11-19,2025-03-23
00105628,CONTR 2 POLE 40 AMP 240V COIL LUME,HELIOTEMP,HT-28544-J,PT-CON,77.01,EA,,2021-01-09,2023-04-22
00103235,FLTR 20X25X4 MERV 8 GRAN,NORTHWIND,NW14930K,SP-FLT,36.31,EA,,2021-03-22,2022-12-15
00111267,HP 2 TON 14 SEER TUND,RIDGEWAY AIR,RW-79397-G,EQ-HTP,1314.80,EA,,2019-06-04,2021-03-13
00104312,CONTR 1 POLE 50 AMP 240V COIL MESA,THERMAXIS,tx 48696 f,PT-CON,24.97,EA,,2024-01-14,2024-12-07
00102093,CAP 50/3 MFD 370V QUAR,CORVANE,cv 56113 b,PT-CAP,42.35,EA,,2021-05-12,2022-02-03
00106632,FLTR 16X20X2 MERV 11 ORIO,CORVANE,CV-13076-G,SP-FLT,9.94,EA,,2024-07-21,2025-12-17
00104471,COND 3.5 TON 16 SEER SUMM,RIDGEWAY,RW/51940/A,EQ-CND,1062.96,EA,,2021-12-15,2023-09-01
00110427,HP 5 TON 16 SEER ZEPH,NORTHWIND COMFORT,NW-86536-G,EQ-HTP,1833.39,EA,,2023-08-05,2023-08-24
00100177,CAP 50/7.5 MFD 370V JUNI,ARCTICLINE,AL-15663-J,PT-CAP,44.24,EA,,2020-03-24,2021-01-14
00106874,MTR 1 HP 1625 RPM QUAR,NORTHWIND COMFORT,NW76543F,PT-MTR,413.13,EA,,2019-01-03,2019-05-21
00101835,TSTAT PROGRAMMABLE 2H/2C PION,THERMAXIS,TX33894G,CT-TST,266.14,EA,,2022-05-03,2023-06-10
00102836,COMP SCROLL 60K BTU R-454B ATLA,NORTHWIND COMFORT,nw 61972 f,PT-CMP,993.25,EA,,2022-06-08,2023-06-05
00109214,FLTR 16X20X2 MERV 8 DELT,RIDGEWAY AIR,RW/76858/H,SP-FLT,12.61,EA,,2022-09-13,2024-11-12
00100456,COMP SCROLL 48K BTU R-410A DELT,CORVANE,CV/80590/B,PT-CMP,1322.48,EA,,2022-04-18,2024-06-09
00106743,COND 3 TON 20 SEER EMBE,BLUEPEAK,BP44209D,EQ-CND,2490.97,EA,,2019-01-22,2019-06-28
00106198,HP 5 TON 16 SEER ATLA,CORVANE,CV/48423/C,EQ-HTP,2516.60,EA,,2023-12-09,2025-05-21
00105714,TSTAT NON-PROGRAMMABLE 1H/1C MESA,CORVANE,CV-10488-F,CT-TST,216.50,EA,,2022-02-24,2023-12-14
00101229,REFRIG R-454B 10 LB CYLINDER SUMM,CORVANE,CV41920B,SP-REF,159.39,EA,,2021-01-17,2022-08-29
00105512,REFRIG R-410A 25 LB CYLINDER EMBE,BLUEPEAK,BP/97633/A,SP-REF,108.88,EA,,2024-06-14,2025-05-28
00100185,FURN 100K BTU 97% AFUE QUAR,CORVANE,CV81553G,EQ-FUR,2519.72,EA,,2022-06-14,2024-02-12
00108736,CONTR 2 POLE 40 AMP 24V COIL SUMM,THERMAXIS,TX-80271-A,PT-CON,23.08,EA,,2022-11-05,2023-06-12
00100071,HP 3 TON 20 SEER SUMM,RIDGEWAY,RW-33900-E,EQ-HTP,2039.11,EA,,2020-08-19,2021-06-18
00110556,LINESET 3/8 X 7/8 35 FT TUND,ARCTICLINE,AL/43492/E,SP-LIN,153.39,EA,,2024-07-29,2024-12-16
00110616,COMP SCROLL 30K BTU R-410A GRAN,RIDGEWAY,RW88564E,PT-CMP,1384.15,EA,,2021-09-04,2023-05-05
00107278,MTR 1/3 HP 1625 RPM SUMM,HELIOTEMP,HT-33293-B,PT-MTR,363.51,EA,,2022-12-15,2024-01-13
00107422,HP 2 TON 16 SEER ATLA,HELIOTEMP,HT-57654-G,EQ-HTP,2393.00,EA,,2024-02-26,2024-09-27
00102664,FURN 100K BTU 97% AFUE TUND,ARCTICLINE,AL43727C,EQ-FUR,1651.39,EA,,2019-04-11,2020-12-05
00105009,MTR 1/2 HP 825 RPM STER,THERMAXIS,TX70688G,PT-MTR,348.43,EA,,2022-08-31,2024-10-05
00102283,SNSR DUCT TEMP 20K GRAN,BLUEPEAK,BP/78224/C,CT-SEN,83.63,EA,,2019-08-08,2022-01-19
00100046,REFRIG R-454B 25 LB CYLINDER ZEPH,ARCTICLINE,AL29920H,SP-REF,234.11,EA,,2019-11-14,2021-11-25
00108546,HP 3.5 TON 15 SEER TUND,BLUEPEAK,bp 40451 f,EQ-HTP,4165.06,EA,,2022-05-27,2023-11-17
00105889,COMP SCROLL 42K BTU R-454B DELT,CORVANE,CV17102E,PT-CMP,1326.51,EA,,2024-05-12,2026-03-02
00102529,COND 3.5 TON 16 SEER MERI,THERMAXIS,TX-67899-E,EQ-CND,3084.20,EA,,2021-10-31,2023-07-08
00108023,CAP 60/10 MFD 370V EMBE,CORVANE,CV/90612/H,PT-CAP,24.45,EA,,2019-08-01,2021-06-12
00109435,REFRIG R-454B 10 LB CYLINDER HARB,ARCTICLINE,al 98027 f,SP-REF,216.45,EA,,2021-01-03,2021-10-22
00101841,COND 2 TON 14 SEER HARB,RIDGEWAY,RW-27482-E,EQ-CND,1377.13,EA,,2022-12-11,2024-11-25
00109889,COND 1.5 TON 16 SEER DELT,HELIOTEMP,HT81278F,EQ-CND,2514.59,EA,,2020-12-12,2021-03-26
00107942,COND 2 TON 20 SEER FALC,RIDGEWAY AIR,RW-19180-E,EQ-CND,3034.36,EA,X,2022-03-11,2022-10-27
00102094,REFRIG R-410A 25 LB CYLINDER STER,RIDGEWAY AIR,RW-74214-F,SP-REF,97.10,EA,,2024-07-26,2025-04-07
00107890,SNSR CO2 10K MESA,NORTHWIND,NW/22754/J,CT-SEN,92.57,EA,,2019-06-20,2020-09-29
00103457,LINESET 1/4 X 3/8 50 FT APEX,BLUEPEAK,BP/51910/K,SP-LIN,83.04,EA,,2023-01-31,2024-05-08
00101777,CAP 45/5 MFD 440V ZEPH,HELIOTEMP,HT40146K,PT-CAP,21.56,EA,,2024-05-10,2026-03-25
00108065,REFRIG R-32 25 LB CYLINDER ZEPH,THERMAXIS,tx 53805 f,SP-REF,299.82,EA,,2023-07-16,2024-06-15
00100124,LINESET 3/8 X 7/8 35 FT BEAC,BLUEPEAK,BP30435J,SP-LIN,174.46,EA,,2019-03-29,2020-11-23
00109416,FLTR 16X20X1 MERV 13 HARB,BLUEPEAK,BP-41022-G,SP-FLT,21.62,EA,,2021-09-23,2023-01-21
00103758,TSTAT NON-PROGRAMMABLE 3H/2C QUAR,NORTHWIND,NW26732D,CT-TST,62.73,EA,,2024-07-12,2025-05-26
00107399,MTR 1/2 HP 1075 RPM ORIO,THERMAXIS,TX-26150-D,PT-MTR,394.60,EA,,2023-05-13,2025-06-26
00108474,COMP SCROLL 36K BTU R-410A GRAN,THERMAXIS,tx 65987 d,PT-CMP,459.89,EA,,2024-06-05,2025-10-03
00105773,LINESET 1/4 X 3/8 50 FT CASC,BLUEPEAK,BP94299D,SP-LIN,109.41,EA,,2021-06-25,2022-10-05
00102377,SNSR OUTDOOR TEMP 10K APEX,HELIOTEMP,HT-32680-A,CT-SEN,100.64,EA,,2022-01-02,2022-06-09
00102495,FURN 120K BTU 96% AFUE JUNI,BLUEPEAK,BP-98821-B,EQ-FUR,860.03,EA,,2021-09-05,2022-12-06
00105555,COMP SCROLL 24K BTU R-410A SUMM,CORVANE,CV/12401/D,PT-CMP,1079.96,EA,,2020-11-24,2021-08-16
00104193,TSTAT PROGRAMMABLE 2H/2C APEX,ARCTICLINE,AL/63598/D,CT-TST,161.15,EA,,2020-05-13,2020-05-28
00104643,CONTR 1 POLE 40 AMP 120V COIL ORIO,BLUEPEAK,BP/85257/B,PT-CON,56.43,EA,,2021-08-15,2023-11-07
00105972,REFRIG R-22 25 LB CYLINDER HARB,ARCTICLINE,AL65184K,SP-REF,337.98,EA,,2024-05-25,2025-01-23
00107953,COMP SCROLL 24K BTU R-410A GRAN,NORTHWIND COMFORT,NW-75104-D,PT-CMP,1126.53,EA,,2023-12-16,2024-01-28
00106510,LINESET 3/8 X 3/4 15 FT ZEPH,THERMAXIS,TX31665A,SP-LIN,214.66,EA,,2019-08-26,2021-02-23
00105985,TSTAT SMART WI-FI 3H/2C FALC,RIDGEWAY AIR,RW-51105-K,CT-TST,48.57,EA,,2023-02-26,2024-01-24
00103076,TSTAT PROGRAMMABLE 3H/2C MESA,NORTHWIND COMFORT,NW77480A,CT-TST,250.22,EA,,2023-01-22,2024-06-13
00106098,CAP 50/10 MFD 370V VECT,BLUEPEAK,BP-72887-E,PT-CAP,11.87,EA,,2023-01-05,2023-06-07
00105248,TSTAT SMART WI-FI 3H/2C TUND,THERMAXIS,TX-19951-A,CT-TST,240.10,EA,,2021-09-27,2023-07-13
00104400,CONTR 2 POLE 30 AMP 240V COIL VECT,THERMAXIS,tx 55295 c,PT-CON,47.42,EA,,2021-05-04,2021-12-24
00100054,REFRIG R-32 25 LB CYLINDER APEX,THERMAXIS,TX55898K,SP-REF,263.72,EA,,2024-02-12,2024-04-24
00107899,REFRIG R-410A 30 LB CYLINDER JUNI,NORTHWIND,NW-34813-G,SP-REF,204.99,EA,,2024-09-04,2025-07-31
00104611,HP 1.5 TON 16 SEER BEAC,THERMAXIS,TX-99868-D,EQ-HTP,3704.66,EA,,2020-07-06,2022-10-25
00104690,FURN 100K BTU 80% AFUE BEAC,HELIOTEMP,ht 19249 c,EQ-FUR,1530.71,EA,,2022-11-26,2023-03-08
00103843,AHU 3 TON HORIZONTAL MERI,THERMAXIS,TX-99587-G,EQ-AHU,1683.30,EA,,2024-01-10,2026-06-21
00109321,MTR 1/2 HP 1075 RPM EMBE,CORVANE,CV-25624-E,PT-MTR,309.24,EA,,2021-12-21,2023-12-22
00108030,COMP SCROLL 18K BTU R-454B HARB,NORTHWIND COMFORT,NW/49191/C,PT-CMP,1362.80,EA,,2020-08-01,2021-07-18
00110551,MTR 1/4 HP 825 RPM MERI,NORTHWIND COMFORT,nw 98949 d,PT-MTR,449.83,EA,,2021-10-06,2023-01-28
00101725,COND 2.5 TON 16 SEER TUND,HELIOTEMP,ht 73106 j,EQ-CND,2050.20,EA,,2022-01-29,2023-11-09
00106093,FLTR 16X20X2 MERV 8 VECT,RIDGEWAY,RW-39241-A,SP-FLT,14.57,EA,,2023-02-01,2023-06-08
00108364,MTR 1/6 HP 825 RPM VECT,CORVANE,CV-83053-E,PT-MTR,153.98,EA,,2023-11-14,2026-04-04
00110510,SNSR HUMIDITY 4-20MA HARB,HELIOTEMP,HT/25218/K,CT-SEN,54.07,EA,,2023-07-31,2025-12-20
00106814,TSTAT SMART WI-FI 3H/2C TRID,HELIOTEMP,HT43517F,CT-TST,178.95,EA,,2021-08-28,2023-01-26
00110067,COMP SCROLL 36K BTU R-410A LUME,NORTHWIND,NW-37823-B,PT-CMP,782.23,EA,,2023-03-14,2023-07-21
00103406,LINESET 1/4 X 3/8 50 FT DELT,NORTHWIND COMFORT,NW-81873-G,SP-LIN,94.52,EA,,2020-03-04,2020-08-29
00105063,AHU 3.5 TON HORIZONTAL QUAR,HELIOTEMP,HT/17076/J,EQ-AHU,1702.24,EA,,2019-05-17,2021-05-26
00104522,SNSR CO2 20K PION,NORTHWIND COMFORT,NW-37455-F,CT-SEN,82.81,EA,,2021-02-28,2022-08-21
00109454,AHU 4 TON HORIZONTAL PION,HELIOTEMP,HT-34370-D,EQ-AHU,2110.78,EA,,2021-01-20,2021-11-06
00109694,CONTR 1 POLE 40 AMP 120V COIL ZEPH,BLUEPEAK,BP-97888-K,PT-CON,57.65,EA,,2022-06-08,2023-03-10
00101321,TSTAT PROGRAMMABLE 3H/2C APEX,BLUEPEAK,BP60679D,CT-TST,183.62,EA,,2023-02-11,2025-04-20
00109401,REFRIG R-454B 25 LB CYLINDER ORIO,RIDGEWAY,RW95661G,SP-REF,296.98,EA,,2019-01-16,2020-03-22
00106185,COMP SCROLL 60K BTU R-454B KEYS,NORTHWIND,NW42770G,PT-CMP,1570.93,EA,,2021-05-19,2023-05-19
00109302,HP 4 TON 14 SEER ZEPH,HELIOTEMP,HT/58206/C,EQ-HTP,2677.57,EA,,2022-05-23,2023-12-09
00110165,REFRIG R-454B 30 LB CYLINDER CASC,NORTHWIND,NW25869K,SP-REF,404.88,EA,,2022-10-17,2024-03-06
00101136,COND 1.5 TON 18 SEER MESA,THERMAXIS,TX/54535/F,EQ-CND,3250.86,EA,,2024-05-09,2026-04-02
00106796,CAP 60/3 MFD 370V TUND,HELIOTEMP,ht 45845 c,PT-CAP,58.44,EA,,2024-10-01,2026-04-09
00109037,CONTR 2 POLE 40 AMP 120V COIL JUNI,NORTHWIND,NW-34530-D,PT-CON,14.09,EA,,2019-03-29,2021-01-19
00107231,MTR 1/3 HP 825 RPM HARB,HELIOTEMP,HT43684E,PT-MTR,435.11,EA,,2021-06-28,2023-02-07
00108784,HP 2 TON 18 SEER SABL,RIDGEWAY,RW-23730-B,EQ-HTP,2803.18,EA,,2020-07-27,2022-08-09
00102169,HP 3.5 TON 16 SEER VECT,THERMAXIS,TX-22854-A,EQ-HTP,1725.01,EA,,2020-12-16,2022-01-23
00101987,CONTR 3 POLE 40 AMP 120V COIL MESA,CORVANE,CV41277G,PT-CON,70.50,EA,,2020-06-14,2022-09-19
00101037,MTR 1 HP 825 RPM GRAN,RIDGEWAY AIR,RW-11494-A,PT-MTR,63.88,EA,,2020-01-29,2020-05-27
00100494,MTR 1/3 HP 1625 RPM ZEPH,RIDGEWAY,rw 50317 g,PT-MTR,436.47,EA,,2022-07-03,2024-06-15
00109185,FLTR 16X20X2 MERV 13 PION,CORVANE,cv 10911 d,SP-FLT,41.06,EA,,2020-03-08,2020-07-29
00105185,LINESET 3/8 X 7/8 25 FT QUAR,NORTHWIND COMFORT,NW-32273-D,SP-LIN,128.78,EA,,2021-06-20,2021-11-19
00107213,MTR 1/6 HP 1075 RPM QUAR,HELIOTEMP,HT-83959-C,PT-MTR,352.19,EA,,2022-04-13,2023-02-07
00109769,SNSR OUTDOOR TEMP 10K QUAR,ARCTICLINE,AL/35396/A,CT-SEN,80.33,EA,,2023-01-16,2023-08-01
00108502,CAP 35/3 MFD 440V FALC,NORTHWIND,NW-39895-D,PT-CAP,42.46,EA,,2024-04-04,2024-12-16
00105881,CONTR 1 POLE 50 AMP 120V COIL ZEPH,HELIOTEMP,HT12726C,PT-CON,77.62,EA,,2022-11-19,2023-02-18
00101701,COMP SCROLL 24K BTU R-410A ATLA,BLUEPEAK,BP-42602-H,PT-CMP,1438.91,EA,,2019-07-05,2021-08-27
00109733,HP 3 TON 18 SEER APEX,ARCTICLINE,AL46195A,EQ-HTP,3535.94,EA,,2021-07-28,2021-08-08
00103699,FLTR 16X20X1 MERV 11 FALC,BLUEPEAK,BP32997F,SP-FLT,13.01,EA,,2021-03-05,2022-07-29
00105769,CONTR 1 POLE 30 AMP 120V COIL KEYS,HELIOTEMP,HT34619H,PT-CON,26.43,EA,,2020-03-24,2022-09-05
00105726,LINESET 3/8 X 3/4 25 FT ZEPH,BLUEPEAK,bp 63520 k,SP-LIN,97.16,EA,,2020-10-14,2022-08-02
00110124,CAP 60/7.5 MFD 440V STER,NORTHWIND COMFORT,NW/40875/A,PT-CAP,10.14,EA,,2021-07-04,2023-06-14
00106725,AHU 3 TON UPFLOW SABL,HELIOTEMP,ht 89416 h,EQ-AHU,1221.98,EA,,2019-04-24,2021-04-18
00100688,AHU 2.5 TON HORIZONTAL ORIO,ARCTICLINE,AL/36578/C,EQ-AHU,1774.83,EA,,2022-08-31,2023-12-08
00107634,REFRIG R-454B 25 LB CYLINDER STER,NORTHWIND COMFORT,NW-97206-D,SP-REF,253.19,EA,,2019-08-20,2019-10-26
00109318,COMP SCROLL 30K BTU R-410A GRAN,BLUEPEAK,BP-69858-H,PT-CMP,942.59,EA,,2020-01-24,2021-08-22
00100827,TSTAT SMART WI-FI 3H/2C CASC,ARCTICLINE,AL85232K,CT-TST,232.24,EA,,2023-09-22,2024-11-14
00105681,LINESET 1/4 X 3/8 35 FT QUAR,HELIOTEMP,HT74695K,SP-LIN,186.62,EA,,2020-03-05,2020-07-28
00109025,FLTR 20X25X1 MERV 11 SABL,ARCTICLINE,AL-75725-F,SP-FLT,23.18,EA,,2024-04-23,2025-03-16
00108689,MTR 1/3 HP 1075 RPM PION,BLUEPEAK,BP-89003-J,PT-MTR,242.46,EA,,2020-05-25,2020-06-22
00103981,TSTAT SMART WI-FI 1H/1C CASC,BLUEPEAK,BP-93046-F,CT-TST,187.24,EA,,2024-05-10,2025-08-08
00100036,LINESET 3/8 X 3/4 35 FT TRID,CORVANE,CV-42561-C,SP-LIN,200.72,EA,,2022-04-15,2024-05-16
00105495,LINESET 1/4 X 3/8 25 FT ATLA,HELIOTEMP,HT-21522-E,SP-LIN,203.15,EA,,2022-08-30,2023-01-10
00108300,SNSR CO2 10K ATLA,NORTHWIND,NW/40302/G,CT-SEN,112.56,EA,,2021-03-19,2022-12-12
00107246,TSTAT NON-PROGRAMMABLE 1H/1C GRAN,ARCTICLINE,al 34274 g,CT-TST,188.89,EA,,2022-04-07,2022-06-15
00102225,COMP SCROLL 18K BTU R-454B DELT,CORVANE,CV-54017-B,PT-CMP,1606.61,EA,,2021-02-06,2023-03-22
00111260,AHU 2.5 TON UPFLOW TRID,RIDGEWAY,RW-82859-D,EQ-AHU,1352.18,EA,,2021-07-04,2022-12-06
00100354,REFRIG R-410A 20 LB CYLINDER GRAN,ARCTICLINE,al 40484 k,SP-REF,390.59,EA,X,2022-05-29,2022-12-14
00101908,TSTAT SMART WI-FI 2H/2C TUND,THERMAXIS,TX-65307-F,CT-TST,178.08,EA,,2023-04-18,2023-12-20
00100482,COND 2.5 TON 15 SEER PION,NORTHWIND COMFORT,nw 15788 d,EQ-CND,3871.60,EA,,2019-06-06,2019-07-06
00105300,COND 3 TON 14 SEER QUAR,THERMAXIS,TX43956G,EQ-CND,1799.68,EA,,2022-12-21,2025-02-27
00110760,CONTR 3 POLE 30 AMP 240V COIL APEX,ARCTICLINE,AL/13826/E,PT-CON,14.55,EA,,2022-10-11,2024-10-15
00105101,MTR 1 HP 1625 RPM ZEPH,CORVANE,CV-91418-D,PT-MTR,75.61,EA,,2019-07-01,2021-07-11
00110306,FURN 60K BTU 97% AFUE VECT,ARCTICLINE,AL-91675-J,EQ-FUR,2527.00,EA,,2022-07-12,2022-09-29
00104178,MTR 1/6 HP 1075 RPM DELT,HELIOTEMP,HT-12219-F,PT-MTR,352.30,EA,,2023-06-07,2024-06-07
00109905,COND 3.5 TON 16 SEER BEAC,NORTHWIND,NW-18038-H,EQ-CND,3276.72,EA,,2021-03-16,2022-09-08
00108392,SNSR CO2 20K ATLA,HELIOTEMP,HT25286F,CT-SEN,75.89,EA,,2022-02-22,2023-10-15
00108162,FURN 80K BTU 97% AFUE SABL,RIDGEWAY,RW11694G,EQ-FUR,2189.85,EA,,2023-03-25,2025-02-16
00102668,COMP SCROLL 48K BTU R-410A QUAR,RIDGEWAY AIR,RW80402D,PT-CMP,1285.63,EA,,2020-07-24,2021-08-06
00107299,FURN 40K BTU 92% AFUE EMBE,NORTHWIND,NW81856A,EQ-FUR,1322.33,EA,,2021-04-04,2021-12-23
00102333,AHU 2.5 TON HORIZONTAL TUND,THERMAXIS,TX78313G,EQ-AHU,1761.78,EA,,2022-03-28,2024-08-17
00108433,COND 2.5 TON 15 SEER CASC,NORTHWIND,NW-78612-H,EQ-CND,1660.97,EA,,2019-02-04,2019-02-17
00100471,HP 3.5 TON 15 SEER STER,HELIOTEMP,HT-95149-B,EQ-HTP,3072.23,EA,X,2019-06-01,2019-11-19
00101705,AHU 5 TON MULTI-POSITION LUME,RIDGEWAY AIR,rw 45738 g,EQ-AHU,1085.65,EA,,2024-08-10,2025-04-04
00107468,TSTAT NON-PROGRAMMABLE 1H/1C DELT,BLUEPEAK,BP95037A,CT-TST,273.53,EA,,2024-01-04,2024-02-10
00103595,TSTAT PROGRAMMABLE 1H/1C ZEPH,THERMAXIS,TX-11082-B,CT-TST,116.98,EA,,2020-03-18,2020-11-04
00107323,TSTAT SMART WI-FI 3H/2C HARB,ARCTICLINE,AL36375A,CT-TST,211.93,EA,,2020-11-15,2021-10-14
00100211,MTR 1/6 HP 1075 RPM TRID,NORTHWIND COMFORT,NW-57728-F,PT-MTR,433.21,EA,,2022-08-18,2022-11-25
00107688,SNSR CO2 20K VECT,RIDGEWAY AIR,RW76969A,CT-SEN,67.18,EA,,2020-04-18,2021-12-11
00100399,COND 3 TON 18 SEER MERI,RIDGEWAY AIR,RW51182B,EQ-CND,3706.21,EA,,2020-11-09,2023-03-11
00103364,COND 4 TON 20 SEER APEX,NORTHWIND COMFORT,NW-90083-D,EQ-CND,1735.43,EA,,2021-03-30,2021-07-17
00103803,CAP 60/3 MFD 370V TUND,NORTHWIND,NW-14048-C,PT-CAP,50.80,EA,,2021-09-02,2023-02-14
00102031,FLTR 20X25X4 MERV 11 SABL,HELIOTEMP,HT99268A,SP-FLT,15.43,EA,X,2021-10-14,2023-10-04
00103578,FURN 60K BTU 96% AFUE MESA,THERMAXIS,tx 30104 e,EQ-FUR,1702.60,EA,,2020-02-19,2020-12-20
00104781,FURN 40K BTU 97% AFUE MESA,HELIOTEMP,HT78273F,EQ-FUR,929.25,EA,,2019-05-21,2021-07-14
00101632,FURN 60K BTU 80% AFUE TRID,RIDGEWAY,RW92129J,EQ-FUR,893.60,EA,,2023-05-25,2024-08-14
00102473,FLTR 20X25X2 MERV 8 GRAN,THERMAXIS,TX-30108-H,SP-FLT,4.72,EA,,2020-03-01,2021-06-04
00101769,CAP 35/10 MFD 440V LUME,HELIOTEMP,ht 89925 f,PT-CAP,17.54,EA,,2023-08-24,2024-05-20
00104765,COMP SCROLL 24K BTU R-410A SUMM,NORTHWIND COMFORT,NW/80451/F,PT-CMP,740.32,EA,,2019-07-31,2020-12-26
00103546,FLTR 20X25X1 MERV 8 TUND,THERMAXIS,TX/30464/G,SP-FLT,10.25,EA,,2020-09-02,2020-10-30
00110752,COMP SCROLL 42K BTU R-454B MERI,NORTHWIND,NW/87339/C,PT-CMP,1070.58,EA,,2024-03-08,2026-08-11
00110075,COMP SCROLL 36K BTU R-410A TRID,RIDGEWAY,rw 62402 d,PT-CMP,1368.59,EA,,2019-12-27,2022-03-11
00107071,MTR 1/4 HP 1075 RPM ORIO,RIDGEWAY AIR,RW-80118-E,PT-MTR,178.65,EA,,2021-11-26,2022-07-22
00102540,MTR 1/6 HP 1075 RPM PION,THERMAXIS,TX-60107-B,PT-MTR,124.09,EA,,2020-10-29,2020-12-01
00100058,FURN 100K BTU 80% AFUE ORIO,ARCTICLINE,AL/17952/E,EQ-FUR,1968.29,EA,,2023-12-31,2025-12-16
00108465,SNSR CO2 4-20MA BEAC,CORVANE,cv 82010 d,CT-SEN,57.58,EA,,2020-12-04,2021-05-20
00107592,COND 2.5 TON 20 SEER QUAR,RIDGEWAY,RW/24699/D,EQ-CND,3520.33,EA,,2021-06-19,2023-03-13
00104796,CAP 35/3 MFD 440V TUND,THERMAXIS,TX23910F,PT-CAP,10.96,EA,,2021-12-14,2024-05-18
00105917,COMP SCROLL 18K BTU R-454B JUNI,BLUEPEAK,BP/15134/D,PT-CMP,930.91,EA,,2020-03-14,2022-07-14
00101722,COND 2.5 TON 16 SEER TUND,HELIOTEMP,HT/73106/J,EQ-CND,2010.34,EA,,2021-09-24,2023-07-26
00111059,LINESET 3/8 X 3/4 50 FT HARB,HELIOTEMP,HT20909E,SP-LIN,168.23,EA,,2021-02-19,2023-04-03
00102291,SNSR HUMIDITY 10K BEAC,CORVANE,cv 36735 k,CT-SEN,57.97,EA,,2023-07-31,2025-06-14
00106767,FLTR 20X20X2 MERV 8 HARB,NORTHWIND,NW59611B,SP-FLT,12.47,EA,,2023-06-04,2024-04-17
00106105,TSTAT PROGRAMMABLE 2H/2C HARB,RIDGEWAY,RW-97600-F,CT-TST,97.61,EA,,2022-11-13,2025-03-13
00108727,TSTAT PROGRAMMABLE 3H/2C LUME,THERMAXIS,TX16838E,CT-TST,63.80,EA,,2022-08-30,2024-01-26
00104009,FLTR 20X20X4 MERV 13 TRID,HELIOTEMP,HT-83550-F,SP-FLT,13.31,EA,,2019-02-23,2021-01-03
00102417,SNSR OUTDOOR TEMP 10K SUMM,RIDGEWAY AIR,RW/56387/D,CT-SEN,55.38,EA,,2021-12-16,2022-05-08
00107935,SNSR DUCT TEMP 10K TUND,RIDGEWAY AIR,rw 60203 k,CT-SEN,78.27,EA,,2023-04-06,2025-01-23
00105183,COMP SCROLL 18K BTU R-454B LUME,HELIOTEMP,HT-76998-B,PT-CMP,550.55,EA,,2019-09-23,2019-12-04
00104624,LINESET 3/8 X 7/8 15 FT BEAC,RIDGEWAY,RW-95245-D,SP-LIN,74.34,EA,,2024-04-16,2024-11-07
00101490,REFRIG R-32 20 LB CYLINDER PION,ARCTICLINE,AL/18639/E,SP-REF,123.62,EA,,2022-03-27,2022-12-21
00106849,COMP SCROLL 30K BTU R-410A STER,HELIOTEMP,ht 53991 f,PT-CMP,1121.02,EA,,2021-06-12,2023-03-08
00106543,REFRIG R-22 25 LB CYLINDER MESA,NORTHWIND COMFORT,nw 21183 f,SP-REF,177.01,EA,,2023-09-24,2025-10-01
00106033,FLTR 20X25X4 MERV 13 PION,HELIOTEMP,ht 41079 g,SP-FLT,14.13,EA,,2024-08-28,2026-11-16
00101151,AHU 3.5 TON UPFLOW ORIO,CORVANE,CV42342C,EQ-AHU,691.35,EA,,2022-04-29,2024-10-12
00107863,MTR 1/2 HP 1075 RPM PION,RIDGEWAY AIR,RW-86410-E,PT-MTR,300.69,EA,,2021-05-09,2023-03-31
00108169,MTR 1/4 HP 1625 RPM QUAR,HELIOTEMP,HT-74681-K,PT-MTR,118.54,EA,,2022-08-27,2024-11-10
00104444,LINESET 1/4 X 3/8 50 FT GRAN,ARCTICLINE,AL/22459/K,SP-LIN,245.91,EA,,2019-10-20,2020-02-01
00103494,FURN 100K BTU 96% AFUE EMBE,RIDGEWAY AIR,RW-82490-A,EQ-FUR,2314.63,EA,,2022-03-18,2024-04-13
00110794,CONTR 3 POLE 30 AMP 120V COIL MERI,HELIOTEMP,HT15878C,PT-CON,76.14,EA,,2023-05-27,2025-01-23
00110706,COMP SCROLL 24K BTU R-454B FALC,NORTHWIND COMFORT,NW37829A,PT-CMP,735.68,EA,,2020-12-04,2023-05-17
00105875,AHU 2 TON UPFLOW EMBE,THERMAXIS,TX/18839/E,EQ-AHU,1567.85,EA,,2020-03-10,2022-06-09
00102924,MTR 1 HP 1075 RPM STER,BLUEPEAK,BP-23310-D,PT-MTR,376.75,EA,,2019-08-25,2020-02-18
00106680,CONTR 2 POLE 30 AMP 120V COIL ORIO,HELIOTEMP,ht 21402 b,PT-CON,66.17,EA,,2020-12-20,2022-05-07
00102717,AHU 2 TON HORIZONTAL ZEPH,THERMAXIS,TX-59394-E,EQ-AHU,1877.18,EA,,2024-10-01,2025-09-25
00104463,COND 3.5 TON 20 SEER JUNI,ARCTICLINE,AL-17527-C,EQ-CND,3175.01,EA,,2023-12-05,2025-05-25
00103555,LINESET 1/4 X 3/8 50 FT EMBE,RIDGEWAY AIR,rw 86858 j,SP-LIN,101.90,EA,,2024-08-25,2025-09-08
00105858,REFRIG R-410A 25 LB CYLINDER ORIO,CORVANE,CV/19839/C,SP-REF,296.03,EA,X,2022-03-08,2022-09-05
00108694,COMP SCROLL 48K BTU R-454B LUME,HELIOTEMP,HT-60787-H,PT-CMP,1426.78,EA,,2020-01-15,2020-05-03
00105809,FLTR 16X25X1 MERV 8 KEYS,RIDGEWAY,RW27863C,SP-FLT,39.06,EA,,2022-07-16,2022-10-19
00104142,TSTAT PROGRAMMABLE 1H/1C MESA,THERMAXIS,tx 82724 k,CT-TST,150.11,EA,,2024-04-10,2025-10-07
00108407,COND 2.5 TON 14 SEER TRID,HELIOTEMP,ht 11504 h,EQ-CND,1413.82,EA,,2023-07-06,2025-03-21
00103185,HP 1.5 TON 16 SEER QUAR,THERMAXIS,TX-23200-D,EQ-HTP,3354.59,EA,,2019-01-08,2020-04-20
00111124,CONTR 2 POLE 40 AMP 24V COIL ATLA,HELIOTEMP,HT71199C,PT-CON,29.51,EA,,2023-07-24,2025-04-28
00106748,FLTR 16X20X4 MERV 8 CASC,HELIOTEMP,HT-69677-J,SP-FLT,19.72,EA,,2024-09-30,2026-02-20
00108948,HP 3 TON 16 SEER MERI,RIDGEWAY AIR,RW-52197-D,EQ-HTP,4044.71,EA,,2019-12-20,2021-05-06
00102064,HP 2 TON 18 SEER GRAN,NORTHWIND COMFORT,NW/93790/B,EQ-HTP,1281.37,EA,,2019-10-22,2019-10-30
00107686,SNSR HUMIDITY 20K LUME,HELIOTEMP,ht 19750 f,CT-SEN,34.59,EA,,2024-08-09,2024-12-14
00107606,REFRIG R-410A 30 LB CYLINDER HARB,BLUEPEAK,BP-87960-F,SP-REF,165.06,EA,,2021-07-20,2022-10-15
00109898,TSTAT PROGRAMMABLE 1H/1C APEX,ARCTICLINE,AL/67110/K,CT-TST,279.97,EA,,2022-05-07,2023-03-13
00102490,AHU 3.5 TON MULTI-POSITION STER,ARCTICLINE,AL26010D,EQ-AHU,1771.34,EA,X,2020-03-28,2022-07-08
00103552,HP 5 TON 18 SEER MESA,HELIOTEMP,HT60854E,EQ-HTP,1637.91,EA,,2021-01-19,2021-08-10
00101620,LINESET 3/8 X 7/8 50 FT PION,RIDGEWAY,rw 57186 j,SP-LIN,105.02,EA,,2023-12-13,2026-05-31
00100638,COND 3.5 TON 16 SEER SUMM,ARCTICLINE,AL49811B,EQ-CND,2508.43,EA,,2021-07-07,2023-10-02
00105049,AHU 3 TON MULTI-POSITION STER,CORVANE,CV-16366-D,EQ-AHU,997.29,EA,,2020-07-20,2021-03-06
00100780,CONTR 1 POLE 40 AMP 24V COIL MESA,NORTHWIND COMFORT,nw 79670 k,PT-CON,65.94,EA,,2019-05-19,2021-06-02
00103442,CAP 35/3 MFD 440V LUME,NORTHWIND COMFORT,NW38797F,PT-CAP,42.77,EA,,2020-07-14,2021-09-16
00106895,COND 3 TON 14 SEER JUNI,BLUEPEAK,BP-59630-H,EQ-CND,1027.78,EA,,2021-09-24,2024-02-10
00110422,SNSR OUTDOOR TEMP 20K QUAR,CORVANE,CV87831G,CT-SEN,118.52,EA,,2021-09-24,2022-11-18
00103003,FURN 40K BTU 96% AFUE FALC,HELIOTEMP,HT/72864/H,EQ-FUR,1705.41,EA,,2023-01-28,2023-10-22
00103168,HP 2 TON 16 SEER DELT,HELIOTEMP,HT48413D,EQ-HTP,3254.42,EA,,2019-09-21,2020-06-15
00106903,SNSR DUCT TEMP 4-20MA CASC,THERMAXIS,TX/77045/A,CT-SEN,79.32,EA,,2021-06-18,2022-01-20
00106875,COND 1.5 TON 16 SEER TUND,BLUEPEAK,BP-90285-A,EQ-CND,3049.49,EA,,2020-03-25,2022-01-25
00107194,COMP SCROLL 30K BTU R-410A JUNI,THERMAXIS,TX77218J,PT-CMP,1544.04,EA,,2024-02-25,2026-01-13
00107945,LINESET 3/8 X 7/8 25 FT ORIO,BLUEPEAK,bp 29702 k,SP-LIN,81.96,EA,,2019-02-08,2021-07-26
00101358,CAP 55/5 MFD 440V ATLA,THERMAXIS,TX-36779-G,PT-CAP,53.29,EA,,2019-02-13,2020-05-31
00105216,MTR 1/6 HP 1625 RPM CASC,THERMAXIS,TX/99995/D,PT-MTR,235.18,EA,,2022-08-19,2024-06-13
00109927,COMP SCROLL 48K BTU R-454B TRID,NORTHWIND,nw 75230 a,PT-CMP,964.02,EA,,2024-03-23,2025-11-10
00108754,CONTR 1 POLE 40 AMP 240V COIL ZEPH,BLUEPEAK,bp 55546 a,PT-CON,51.23,EA,,2021-05-27,2022-05-06
00104999,COND 2.5 TON 14 SEER TRID,ARCTICLINE,AL-85821-C,EQ-CND,1924.94,EA,,2023-05-10,2025-04-22
00106719,FURN 100K BTU 80% AFUE BEAC,ARCTICLINE,AL93427H,EQ-FUR,2133.73,EA,,2021-07-04,2023-01-21
00105655,REFRIG R-410A 20 LB CYLINDER SABL,THERMAXIS,TX57395G,SP-REF,324.31,EA,,2024-01-12,2025-06-03
00111099,AHU 3.5 TON MULTI-POSITION DELT,ARCTICLINE,al 66738 f,EQ-AHU,1603.59,EA,,2024-09-19,2024-11-02
00110790,REFRIG R-32 20 LB CYLINDER JUNI,ARCTICLINE,al 39073 e,SP-REF,191.98,EA,,2021-10-07,2022-05-31
00103131,SNSR DUCT TEMP 20K GRAN,ARCTICLINE,AL-88739-H,CT-SEN,109.03,EA,,2019-11-26,2022-01-06
00110564,CAP 50/3 MFD 440V DELT,HELIOTEMP,ht 15150 g,PT-CAP,57.09,EA,,2022-04-28,2024-04-20
00108835,HP 3 TON 14 SEER TUND,THERMAXIS,TX/12088/D,EQ-HTP,2338.32,EA,,2024-01-14,2026-05-23
00103156,REFRIG R-32 20 LB CYLINDER BEAC,ARCTICLINE,AL54932B,SP-REF,213.72,EA,,2020-04-04,2022-05-30
00109075,FLTR 20X25X2 MERV 13 MESA,ARCTICLINE,AL-74428-H,SP-FLT,30.93,EA,,2023-11-13,2024-06-13
00105762,SNSR CO2 4-20MA SABL,CORVANE,CV-99032-J,CT-SEN,117.45,EA,,2022-11-12,2023-05-28
00102141,FURN 40K BTU 92% AFUE CASC,ARCTICLINE,al 75028 e,EQ-FUR,1770.30,EA,,2020-04-26,2021-05-11
00110606,MTR 1 HP 1625 RPM GRAN,RIDGEWAY,RW/88236/B,PT-MTR,204.40,EA,,2021-12-31,2023-01-31
00106410,HP 1.5 TON 16 SEER APEX,HELIOTEMP,HT-27453-K,EQ-HTP,3871.27,EA,,2021-05-25,2023-08-22
00100297,CONTR 3 POLE 30 AMP 240V COIL TRID,RIDGEWAY AIR,RW/47513/H,PT-CON,16.04,EA,,2020-06-05,2022-01-15
00103044,AHU 2 TON MULTI-POSITION SABL,BLUEPEAK,BP17332C,EQ-AHU,875.66,EA,,2019-03-31,2020-08-19
00103999,AHU 2.5 TON UPFLOW LUME,BLUEPEAK,BP62187F,EQ-AHU,665.89,EA,,2022-04-30,2022-12-18
00107006,LINESET 1/4 X 3/8 50 FT SUMM,NORTHWIND,NW-18491-E,SP-LIN,103.21,EA,,2021-04-16,2022-05-15
00101886,HP 1.5 TON 18 SEER STER,ARCTICLINE,AL-82957-F,EQ-HTP,1943.94,EA,,2022-08-27,2022-12-26
00101885,HP 1.5 TON 16 SEER LUME,THERMAXIS,TX/33228/A,EQ-HTP,1985.42,EA,,2019-10-10,2019-10-26
00109218,REFRIG R-454B 30 LB CYLINDER PION,NORTHWIND COMFORT,NW67971C,SP-REF,206.79,EA,,2022-10-06,2023-08-01
00100464,HP 2 TON 16 SEER CASC,NORTHWIND COMFORT,NW85796D,EQ-HTP,2078.29,EA,,2023-12-11,2025-11-07
00111108,MTR 1 HP 1075 RPM KEYS,RIDGEWAY,RW/49267/K,PT-MTR,398.34,EA,,2021-01-18,2023-02-06
00111279,FURN 100K BTU 80% AFUE MERI,RIDGEWAY,RW92996F,EQ-FUR,1131.64,EA,,2024-05-04,2024-09-19
00104529,COND 4 TON 20 SEER MESA,HELIOTEMP,HT-69175-C,EQ-CND,2598.04,EA,,2020-10-07,2021-03-30
00102349,SNSR HUMIDITY 10K VECT,BLUEPEAK,bp 77799 b,CT-SEN,23.23,EA,,2022-08-24,2023-03-08
00107891,LINESET 3/8 X 3/4 35 FT SABL,RIDGEWAY AIR,RW82786F,SP-LIN,178.27,EA,,2019-09-27,2021-07-14
00100312,COMP SCROLL 24K BTU R-410A ZEPH,THERMAXIS,TX-41992-B,PT-CMP,559.82,EA,,2020-01-09,2020-09-19
00106028,LINESET 1/4 X 3/8 35 FT SABL,ARCTICLINE,al 71260 g,SP-LIN,96.39,EA,,2021-01-11,2022-01-07
00110215,CAP 40/7.5 MFD 440V LUME,ARCTICLINE,AL64511B,PT-CAP,20.90,EA,,2021-07-18,2023-02-22
00105161,REFRIG R-410A 25 LB CYLINDER JUNI,THERMAXIS,TX18971K,SP-REF,355.49,EA,,2021-12-17,2023-06-21
00100128,SNSR OUTDOOR TEMP 4-20MA LUME,ARCTICLINE,AL/28251/G,CT-SEN,115.61,EA,,2021-03-08,2023-06-22
00106327,AHU 2.5 TON MULTI-POSITION PION,THERMAXIS,TX30598J,EQ-AHU,1366.75,EA,,2020-05-29,2021-07-05
00109662,COND 3 TON 20 SEER JUNI,ARCTICLINE,AL/28309/C,EQ-CND,2984.06,EA,,2020-10-30,2022-08-21
00103428,SNSR HUMIDITY 10K VECT,HELIOTEMP,HT/57977/J,CT-SEN,80.64,EA,,2020-07-17,2022-01-22
00108901,REFRIG R-454B 10 LB CYLINDER PION,HELIOTEMP,HT-21833-H,SP-REF,165.62,EA,,2021-07-02,2023-10-22
00104774,FURN 100K BTU 92% AFUE VECT,ARCTICLINE,AL-39274-B,EQ-FUR,1168.41,EA,,2019-07-15,2020-06-02
00106942,COND 2 TON 20 SEER MERI,HELIOTEMP,HT-45061-C,EQ-CND,3763.82,EA,,2022-02-17,2023-10-18
00102883,MTR 3/4 HP 1075 RPM PION,HELIOTEMP,HT/61696/G,PT-MTR,166.56,EA,,2021-07-19,2022-12-01
00107373,COMP SCROLL 24K BTU R-410A SUMM,RIDGEWAY,rw 31079 h,PT-CMP,1357.92,EA,,2022-05-27,2023-03-17
00102155,FURN 100K BTU 92% AFUE GRAN,ARCTICLINE,al 40049 b,EQ-FUR,2169.79,EA,,2020-09-21,2023-01-05
00101197,FLTR 16X20X1 MERV 11 BEAC,HELIOTEMP,HT/72470/C,SP-FLT,36.33,EA,,2021-12-26,2024-04-24
00102582,CAP 40/3 MFD 440V VECT,ARCTICLINE,al 94987 j,PT-CAP,43.76,EA,,2022-01-25,2024-01-27
00108294,AHU 3 TON UPFLOW BEAC,BLUEPEAK,BP-51805-C,EQ-AHU,1620.59,EA,,2023-03-09,2023-06-12
00103523,SNSR DUCT TEMP 20K EMBE,NORTHWIND COMFORT,NW-84853-B,CT-SEN,39.88,EA,,2022-11-28,2025-01-31
00100882,AHU 5 TON HORIZONTAL PION,THERMAXIS,TX-64170-H,EQ-AHU,2181.21,EA,,2020-05-27,2022-07-28
00101734,COMP SCROLL 42K BTU R-454B KEYS,CORVANE,cv 32140 k,PT-CMP,454.39,EA,,2022-05-19,2022-07-02
00106818,FLTR 16X20X2 MERV 11 SUMM,CORVANE,CV/41153/G,SP-FLT,17.62,EA,,2020-07-16,2022-09-30
00108246,COND 2.5 TON 18 SEER ATLA,THERMAXIS,TX21675A,EQ-CND,1351.07,EA,,2020-01-11,2020-07-28
00109756,COND 1.5 TON 20 SEER JUNI,HELIOTEMP,HT10362G,EQ-CND,1872.01,EA,,2022-03-14,2023-05-31
00102133,FLTR 16X25X2 MERV 13 TUND,CORVANE,CV56251B,SP-FLT,18.34,EA,,2021-11-04,2022-11-30
00107918,COMP SCROLL 18K BTU R-410A FALC,ARCTICLINE,AL-63357-A,PT-CMP,780.89,EA,X,2021-02-25,2021-04-28
00109640,REFRIG R-32 30 LB CYLINDER EMBE,CORVANE,CV51353J,SP-REF,116.98,EA,,2019-11-29,2019-12-04
00105191,CAP 55/7.5 MFD 370V SABL,ARCTICLINE,AL-63223-K,PT-CAP,45.40,EA,,2021-12-08,2023-05-30
00105797,SNSR CO2 10K EMBE,NORTHWIND,NW21833B,CT-SEN,73.99,EA,,2020-04-17,2020-12-03
00108819,HP 3 TON 18 SEER ORIO,ARCTICLINE,AL-94132-J,EQ-HTP,1679.33,EA,,2022-01-21,2024-04-30
00105471,SNSR HUMIDITY 4-20MA ZEPH,HELIOTEMP,HT/14769/J,CT-SEN,33.64,EA,,2024-02-24,2024-04-03
00108906,HP 2 TON 14 SEER VECT,THERMAXIS,TX-81867-B,EQ-HTP,1551.84,EA,,2024-09-26,2026-01-26
00108265,MTR 3/4 HP 825 RPM TUND,THERMAXIS,tx 41817 a,PT-MTR,63.26,EA,,2023-10-13,2024-11-22
00108939,COMP SCROLL 48K BTU R-410A SABL,NORTHWIND COMFORT,NW/80723/G,PT-CMP,468.95,EA,,2021-09-25,2021-10-26
00102055,COMP SCROLL 24K BTU R-410A SABL,THERMAXIS,TX87606K,PT-CMP,952.45,EA,,2023-12-28,2024-04-20
00103968,AHU 2.5 TON MULTI-POSITION TRID,HELIOTEMP,HT-69415-F,EQ-AHU,1780.18,EA,,2020-07-03,2021-07-31
00106827,FLTR 16X20X2 MERV 11 SUMM,CORVANE,CV/41153/G,SP-FLT,18.13,EA,,2020-11-23,2021-11-09
00103969,TSTAT SMART WI-FI 3H/2C MESA,BLUEPEAK,BP-18538-D,CT-TST,110.25,EA,,2023-01-25,2023-11-02
00109259,TSTAT SMART WI-FI 3H/2C CASC,RIDGEWAY,RW/83684/G,CT-TST,176.54,EA,,2021-10-18,2023-02-10
00109476,CAP 40/5 MFD 440V KEYS,HELIOTEMP,HT-61128-J,PT-CAP,18.03,EA,,2019-09-14,2021-07-08
00108658,HP 5 TON 18 SEER FALC,ARCTICLINE,AL13766B,EQ-HTP,2263.95,EA,,2020-11-22,2022-10-05
00108450,SNSR DUCT TEMP 10K TUND,THERMAXIS,TX/53313/G,CT-SEN,42.61,EA,,2020-07-24,2022-06-24
00104050,COND 2.5 TON 14 SEER TUND,NORTHWIND COMFORT,NW-21208-E,EQ-CND,1952.49,EA,,2024-06-11,2024-10-30
00104951,COND 4 TON 16 SEER BEAC,BLUEPEAK,BP-39228-A,EQ-CND,1853.28,EA,X,2022-10-23,2023-12-15
00105721,TSTAT SMART WI-FI 3H/2C APEX,BLUEPEAK,BP/81913/G,CT-TST,28.39,EA,,2023-09-15,2024-09-12
00107784,CONTR 3 POLE 30 AMP 24V COIL JUNI,HELIOTEMP,HT-52835-B,PT-CON,66.08,EA,,2023-05-29,2024-12-29
00107654,MTR 1/6 HP 825 RPM QUAR,HELIOTEMP,HT/36133/G,PT-MTR,171.13,EA,X,2020-02-08,2022-02-13
00105218,MTR 1/6 HP 1625 RPM CASC,THERMAXIS,tx 99995 d,PT-MTR,252.76,EA,,2022-11-07,2023-07-13
00103623,COND 2.5 TON 14 SEER QUAR,RIDGEWAY,rw 60062 h,EQ-CND,3126.66,EA,,2021-08-06,2022-04-04
00101811,CONTR 1 POLE 40 AMP 24V COIL TRID,THERMAXIS,TX/24130/A,PT-CON,16.28,EA,X,2023-07-04,2025-02-02
00107063,HP 1.5 TON 18 SEER DELT,HELIOTEMP,ht 53245 b,EQ-HTP,1410.89,EA,,2020-07-12,2020-08-16
00105195,HP 5 TON 14 SEER SABL,NORTHWIND COMFORT,NW-29575-J,EQ-HTP,1975.36,EA,,2019-12-04,2021-10-18
00102577,FURN 100K BTU 96% AFUE TUND,BLUEPEAK,bp 20215 b,EQ-FUR,2158.54,EA,,2019-03-01,2019-10-13
00106085,FURN 80K BTU 97% AFUE APEX,NORTHWIND,NW/71004/E,EQ-FUR,1502.41,EA,,2023-12-12,2025-10-19
00107847,LINESET 3/8 X 3/4 35 FT APEX,CORVANE,CV-16851-F,SP-LIN,189.73,EA,,2023-07-01,2023-11-04
00110002,CONTR 3 POLE 40 AMP 120V COIL GRAN,CORVANE,CV/45054/B,PT-CON,73.91,EA,,2022-03-23,2023-03-31
00107854,CONTR 2 POLE 50 AMP 120V COIL APEX,ARCTICLINE,AL-28410-A,PT-CON,58.59,EA,,2021-11-29,2024-01-30
00103042,AHU 2.5 TON MULTI-POSITION ZEPH,THERMAXIS,TX-75125-G,EQ-AHU,1338.32,EA,,2021-01-05,2023-03-12
00109331,AHU 5 TON HORIZONTAL TRID,HELIOTEMP,HT/44005/B,EQ-AHU,1086.76,EA,,2022-12-06,2024-05-04
00100044,LINESET 3/8 X 7/8 50 FT SABL,ARCTICLINE,AL55020H,SP-LIN,122.15,EA,,2019-10-27,2021-12-16
00104716,AHU 3 TON MULTI-POSITION EMBE,NORTHWIND,NW-62354-F,EQ-AHU,1240.59,EA,,2023-12-05,2026-04-08
00107677,CAP 55/7.5 MFD 440V STER,RIDGEWAY AIR,RW-19711-J,PT-CAP,57.76,EA,,2023-12-26,2024-01-17
00105375,HP 5 TON 18 SEER ATLA,CORVANE,CV13852D,EQ-HTP,3760.74,EA,,2021-06-01,2021-11-20
00108037,CAP 60/5 MFD 440V SUMM,ARCTICLINE,AL-32670-H,PT-CAP,56.00,EA,,2021-04-16,2023-09-07
00105385,CONTR 1 POLE 50 AMP 240V COIL TRID,THERMAXIS,TX/75231/B,PT-CON,36.26,EA,,2020-04-08,2022-06-25
00108397,HP 1.5 TON 18 SEER VECT,HELIOTEMP,HT-71809-G,EQ-HTP,3289.38,EA,,2022-05-25,2024-04-07
00100401,HP 4 TON 20 SEER MERI,HELIOTEMP,HT-71291-A,EQ-HTP,2156.50,EA,,2023-03-31,2024-04-15
00100814,HP 3 TON 14 SEER KEYS,HELIOTEMP,ht 11653 g,EQ-HTP,3648.29,EA,,2023-11-24,2024-11-02
00110487,AHU 5 TON HORIZONTAL DELT,HELIOTEMP,ht 17586 c,EQ-AHU,981.40,EA,,2021-04-06,2021-06-18
00106287,SNSR CO2 10K ATLA,RIDGEWAY,rw 40152 j,CT-SEN,46.76,EA,,2021-02-22,2023-01-22
00108159,HP 4 TON 18 SEER QUAR,RIDGEWAY AIR,RW-16120-C,EQ-HTP,1174.43,EA,,2023-12-18,2026-03-14
00105659,LINESET 1/4 X 3/8 25 FT HARB,CORVANE,CV-38521-K,SP-LIN,165.58,EA,,2023-01-31,2025-05-14
00109670,REFRIG R-32 30 LB CYLINDER VECT,HELIOTEMP,HT-23048-K,SP-REF,329.04,EA,,2024-03-15,2025-04-11
00109989,CAP 40/3 MFD 440V TRID,THERMAXIS,TX86585E,PT-CAP,23.59,EA,,2024-05-28,2025-10-24
00104896,FLTR 16X25X1 MERV 8 EMBE,RIDGEWAY AIR,RW/86254/J,SP-FLT,18.07,EA,,2023-01-15,2024-04-11
00104584,HP 3 TON 15 SEER LUME,CORVANE,CV/50536/A,EQ-HTP,3774.81,EA,,2023-05-08,2024-01-11
00107967,FLTR 16X25X2 MERV 13 FALC,CORVANE,CV17579E,SP-FLT,10.27,EA,X,2024-03-22,2024-12-11
00103872,CONTR 1 POLE 30 AMP 240V COIL ATLA,ARCTICLINE,AL/67098/F,PT-CON,65.25,EA,X,2023-01-23,2024-11-24
00109990,HP 4 TON 16 SEER ZEPH,HELIOTEMP,HT19837G,EQ-HTP,3457.83,EA,,2022-05-11,2022-08-20
00105242,COMP SCROLL 42K BTU R-454B QUAR,BLUEPEAK,BP99244A,PT-CMP,486.75,EA,,2019-01-20,2019-10-20
00101306,COMP SCROLL 42K BTU R-410A APEX,ARCTICLINE,AL67668B,PT-CMP,1006.17,EA,,2023-04-10,2023-11-03
00110024,LINESET 3/8 X 3/4 35 FT MESA,THERMAXIS,TX-22344-D,SP-LIN,189.79,EA,,2019-04-20,2019-08-26
00101563,COND 5 TON 18 SEER TRID,ARCTICLINE,AL/21006/F,EQ-CND,3775.44,EA,,2021-12-19,2024-01-14
00110471,CONTR 1 POLE 50 AMP 120V COIL DELT,RIDGEWAY AIR,RW/67951/F,PT-CON,15.17,EA,,2022-05-27,2023-02-25
00100662,AHU 2.5 TON MULTI-POSITION CASC,CORVANE,CV-23751-A,EQ-AHU,1562.49,EA,,2021-03-18,2023-02-15
00108518,MTR 1/2 HP 825 RPM ZEPH,ARCTICLINE,AL/34391/K,PT-MTR,371.88,EA,,2019-12-28,2020-10-22
00107093,LINESET 3/8 X 3/4 15 FT SUMM,RIDGEWAY AIR,RW-40684-H,SP-LIN,117.71,EA,,2023-06-12,2024-05-14
00107185,HP 3.5 TON 20 SEER JUNI,ARCTICLINE,AL28257D,EQ-HTP,3266.06,EA,,2023-07-20,2025-03-15
00101381,MTR 1/4 HP 825 RPM STER,THERMAXIS,TX-95973-E,PT-MTR,331.96,EA,,2024-09-15,2025-07-22
00104802,COMP SCROLL 24K BTU R-410A HARB,BLUEPEAK,BP/26996/A,PT-CMP,1158.48,EA,,2019-02-12,2019-06-05
00100725,SNSR DUCT TEMP 20K MESA,ARCTICLINE,AL51830F,CT-SEN,56.57,EA,,2019-03-27,2019-07-07
00102847,AHU 2.5 TON UPFLOW MESA,NORTHWIND COMFORT,nw 13961 d,EQ-AHU,1112.70,EA,,2024-09-06,2025-12-22
00110144,CAP 45/7.5 MFD 370V KEYS,RIDGEWAY AIR,rw 78137 g,PT-CAP,15.25,EA,,2022-06-19,2022-12-20
00108860,FLTR 16X25X1 MERV 13 PION,CORVANE,CV/66371/K,SP-FLT,5.52,EA,,2023-05-01,2024-08-17
00107404,SNSR HUMIDITY 20K ZEPH,HELIOTEMP,ht 99627 h,CT-SEN,26.75,EA,,2022-05-15,2023-10-05
00107442,HP 3.5 TON 15 SEER MERI,NORTHWIND,NW53119J,EQ-HTP,3460.64,EA,,2023-08-06,2025-08-25
00100535,CONTR 1 POLE 40 AMP 24V COIL DELT,BLUEPEAK,BP-84111-D,PT-CON,15.36,EA,,2020-10-02,2022-01-11
00107549,MTR 1 HP 1075 RPM SUMM,BLUEPEAK,BP95797K,PT-MTR,196.32,EA,,2024-04-05,2025-09-23
00109104,AHU 3.5 TON HORIZONTAL HARB,HELIOTEMP,HT-90992-A,EQ-AHU,1050.18,EA,,2021-09-26,2022-10-28
00102280,AHU 3.5 TON MULTI-POSITION APEX,HELIOTEMP,HT-79781-F,EQ-AHU,2023.24,EA,,2021-04-02,2021-07-22
00100626,TSTAT SMART WI-FI 3H/2C GRAN,BLUEPEAK,BP-43246-E,CT-TST,207.32,EA,,2022-07-04,2023-10-14
00108574,REFRIG R-410A 25 LB CYLINDER EMBE,ARCTICLINE,AL-64896-G,SP-REF,153.33,EA,,2022-06-30,2023-05-26
00110875,TSTAT SMART WI-FI 2H/2C TUND,RIDGEWAY AIR,RW-96061-D,CT-TST,203.35,EA,,2021-10-28,2022-03-28
00103029,CONTR 1 POLE 30 AMP 24V COIL SUMM,RIDGEWAY AIR,RW-17795-C,PT-CON,22.30,EA,,2021-07-22,2023-01-09
00103366,HP 3 TON 20 SEER CASC,RIDGEWAY,RW85320F,EQ-HTP,1518.08,EA,,2022-08-25,2023-11-13
00106769,FLTR 20X20X1 MERV 13 CASC,RIDGEWAY,RW66252F,SP-FLT,6.08,EA,,2020-08-31,2022-11-24
00110060,TSTAT NON-PROGRAMMABLE 1H/1C JUNI,CORVANE,CV79024F,CT-TST,55.05,EA,,2022-08-06,2023-08-19
00101322,REFRIG R-22 30 LB CYLINDER SABL,CORVANE,cv 50698 a,SP-REF,177.11,EA,X,2021-06-26,2023-08-26
00107170,CAP 45/3 MFD 370V EMBE,CORVANE,CV/57477/F,PT-CAP,45.63,EA,,2021-11-30,2022-08-21
00102845,SNSR HUMIDITY 10K DELT,ARCTICLINE,AL-48464-A,CT-SEN,47.20,EA,,2021-08-26,2021-10-26
00101635,AHU 4 TON UPFLOW EMBE,BLUEPEAK,BP22204C,EQ-AHU,1225.12,EA,,2019-08-24,2020-04-14
00101869,FURN 100K BTU 92% AFUE HARB,ARCTICLINE,AL-78867-G,EQ-FUR,693.79,EA,,2022-02-25,2023-11-15
00107828,AHU 3 TON UPFLOW JUNI,BLUEPEAK,BP-56224-G,EQ-AHU,1037.06,EA,,2019-11-26,2020-11-19
00106111,REFRIG R-32 25 LB CYLINDER TRID,CORVANE,CV76702C,SP-REF,283.74,EA,,2022-10-29,2024-12-27
00109912,COMP SCROLL 18K BTU R-454B MERI,HELIOTEMP,HT/87721/F,PT-CMP,1142.39,EA,,2024-03-20,2025-02-12
00100136,COMP SCROLL 18K BTU R-410A JUNI,BLUEPEAK,BP68097F,PT-CMP,1089.94,EA,,2024-09-01,2025-08-20
00109606,FURN 60K BTU 97% AFUE BEAC,RIDGEWAY,RW-49420-G,EQ-FUR,2067.38,EA,,2022-01-05,2023-12-01
00100612,REFRIG R-410A 25 LB CYLINDER APEX,BLUEPEAK,BP-80215-G,SP-REF,343.02,EA,,2023-03-02,2024-10-28
00104960,LINESET 1/4 X 3/8 15 FT STER,HELIOTEMP,HT-22958-F,SP-LIN,122.77,EA,X,2024-08-16,2026-05-13
00109381,MTR 1/3 HP 825 RPM TUND,CORVANE,cv 73327 d,PT-MTR,284.53,EA,,2020-07-20,2020-12-14
00100991,MTR 1 HP 1075 RPM JUNI,THERMAXIS,TX-49589-C,PT-MTR,218.94,EA,,2022-07-28,2024-09-04
00108083,FURN 100K BTU 96% AFUE STER,RIDGEWAY,RW-48739-B,EQ-FUR,2222.98,EA,,2019-10-02,2021-12-14
00101899,COND 3 TON 20 SEER MESA,RIDGEWAY,RW-46980-J,EQ-CND,1854.96,EA,,2023-08-08,2025-01-22
00106522,FLTR 16X20X4 MERV 11 JUNI,CORVANE,CV-97284-F,SP-FLT,21.07,EA,X,2024-07-09,2024-10-30
00109403,CONTR 3 POLE 50 AMP 240V COIL HARB,HELIOTEMP,HT98505E,PT-CON,78.16,EA,,2021-04-11,2021-11-01
00102830,HP 2 TON 16 SEER MERI,BLUEPEAK,BP96837E,EQ-HTP,1556.34,EA,X,2019-09-12,2020-10-04
00106250,CONTR 3 POLE 40 AMP 120V COIL ATLA,CORVANE,CV/38431/H,PT-CON,55.94,EA,,2019-04-08,2020-09-26
00104904,FURN 60K BTU 92% AFUE ATLA,CORVANE,CV/74561/J,EQ-FUR,1352.53,EA,,2022-05-10,2024-02-12
00100439,COMP SCROLL 18K BTU R-454B MERI,NORTHWIND COMFORT,NW/29833/K,PT-CMP,653.16,EA,,2022-08-01,2023-12-04
00102619,CAP 45/7.5 MFD 440V LUME,NORTHWIND,NW-31788-J,PT-CAP,42.17,EA,,2021-10-14,2023-07-30
00102482,TSTAT PROGRAMMABLE 1H/1C HARB,THERMAXIS,TX/79350/C,CT-TST,191.71,EA,,2022-08-17,2023-03-14
00105245,MTR 1/6 HP 825 RPM ZEPH,RIDGEWAY,RW/42728/J,PT-MTR,421.27,EA,,2021-02-24,2022-03-26
00104111,COMP SCROLL 30K BTU R-410A ZEPH,NORTHWIND,nw 66982 g,PT-CMP,1225.23,EA,,2024-09-03,2024-11-22
00110687,CAP 45/5 MFD 440V TUND,BLUEPEAK,BP/20791/G,PT-CAP,33.49,EA,X,2020-01-12,2022-06-07
00103206,REFRIG R-22 20 LB CYLINDER MESA,BLUEPEAK,BP58732F,SP-REF,266.17,EA,,2023-01-10,2023-11-09
00102571,FURN 60K BTU 96% AFUE TUND,ARCTICLINE,AL-91039-K,EQ-FUR,963.48,EA,,2019-10-12,2020-07-19
00103777,COMP SCROLL 36K BTU R-410A HARB,ARCTICLINE,AL75278G,PT-CMP,1380.38,EA,,2019-04-12,2020-03-24
00104606,COND 3 TON 15 SEER MERI,THERMAXIS,TX-10801-J,EQ-CND,1671.75,EA,,2023-04-15,2025-01-26
00101057,SNSR CO2 20K CASC,BLUEPEAK,BP-10220-F,CT-SEN,39.26,EA,,2023-09-27,2026-02-15
00110924,MTR 3/4 HP 1075 RPM MESA,NORTHWIND COMFORT,NW-88412-F,PT-MTR,274.07,EA,,2021-05-12,2022-07-25
00105580,MTR 1/3 HP 1625 RPM APEX,NORTHWIND,NW-51841-J,PT-MTR,118.91,EA,,2022-02-07,2023-09-30
00107494,FLTR 16X20X4 MERV 13 TRID,ARCTICLINE,AL-43907-E,SP-FLT,35.34,EA,,2019-05-02,2019-11-30
00109821,CAP 50/10 MFD 370V ORIO,ARCTICLINE,AL-69358-J,PT-CAP,36.89,EA,,2020-03-02,2021-01-27
00104676,CONTR 1 POLE 50 AMP 240V COIL BEAC,NORTHWIND,nw 19446 h,PT-CON,63.74,EA,,2023-08-19,2024-02-25
00111161,FURN 100K BTU 92% AFUE APEX,HELIOTEMP,HT/60865/D,EQ-FUR,2114.15,EA,,2022-05-21,2022-09-22
00103331,TSTAT SMART WI-FI 3H/2C QUAR,RIDGEWAY,RW58031A,CT-TST,97.24,EA,,2019-09-07,2021-09-09
00107947,TSTAT SMART WI-FI 3H/2C KEYS,BLUEPEAK,BP-76178-H,CT-TST,129.47,EA,,2019-09-06,2019-10-15
00101040,MTR 1 HP 1625 RPM SABL,CORVANE,cv 31757 h,PT-MTR,302.57,EA,,2022-07-19,2023-04-01
00106998,LINESET 3/8 X 7/8 25 FT DELT,THERMAXIS,TX-52518-D,SP-LIN,180.36,EA,,2020-03-31,2022-02-18
00106959,FLTR 16X25X4 MERV 8 VECT,NORTHWIND COMFORT,NW-81184-H,SP-FLT,5.92,EA,,2020-10-16,2022-12-05
00104515,CONTR 3 POLE 30 AMP 240V COIL VECT,ARCTICLINE,al 66576 d,PT-CON,14.25,EA,,2020-06-01,2021-07-11
00110999,SNSR OUTDOOR TEMP 10K JUNI,RIDGEWAY,RW51228K,CT-SEN,117.74,EA,,2023-02-28,2023-09-03
00108447,MTR 1/2 HP 1075 RPM STER,NORTHWIND COMFORT,NW/63829/C,PT-MTR,210.52,EA,,2019-09-23,2021-10-17
00101405,FLTR 16X25X4 MERV 8 JUNI,THERMAXIS,tx 63883 k,SP-FLT,8.49,EA,,2020-10-04,2021-01-20
00110208,CAP 50/10 MFD 370V PION,CORVANE,CV-16376-J,PT-CAP,29.45,EA,,2023-06-26,2025-04-08
00101042,MTR 1 HP 1625 RPM SABL,CORVANE,cv 31757 h,PT-MTR,289.24,EA,,2022-10-29,2024-03-18
00101304,COMP SCROLL 42K BTU R-410A APEX,ARCTICLINE,AL67668B,PT-CMP,1031.86,EA,,2022-04-17,2024-07-04
00101369,FLTR 16X25X1 MERV 11 JUNI,CORVANE,CV/73794/G,SP-FLT,19.34,EA,,2022-11-07,2024-01-30
00106699,FLTR 16X20X4 MERV 13 JUNI,CORVANE,CV30522J,SP-FLT,38.40,EA,,2023-12-24,2025-06-24
00103695,LINESET 3/8 X 3/4 50 FT CASC,BLUEPEAK,BP43709K,SP-LIN,224.55,EA,,2020-07-06,2021-09-28
00104743,REFRIG R-454B 25 LB CYLINDER PION,CORVANE,CV-77697-D,SP-REF,159.76,EA,,2022-05-24,2024-05-26
00109508,FLTR 20X25X2 MERV 8 EMBE,HELIOTEMP,HT/61220/C,SP-FLT,31.22,EA,,2024-07-27,2024-08-02
00106530,FLTR 16X25X2 MERV 11 DELT,THERMAXIS,TX74801D,SP-FLT,23.53,EA,,2022-05-31,2022-07-29
00111140,FURN 40K BTU 80% AFUE ZEPH,NORTHWIND,nw 32780 b,EQ-FUR,1062.94,EA,,2021-09-27,2023-09-29
00104712,MTR 1/3 HP 1075 RPM FALC,HELIOTEMP,ht 52039 g,PT-MTR,255.43,EA,,2019-06-19,2020-10-20
00109810,FLTR 16X25X1 MERV 8 MESA,HELIOTEMP,HT-13088-H,SP-FLT,27.31,EA,,2022-04-05,2024-08-02
00109778,SNSR DUCT TEMP 10K SUMM,RIDGEWAY AIR,RW-86632-J,CT-SEN,82.59,EA,,2022-10-20,2022-12-26
00107353,COND 4 TON 15 SEER ZEPH,CORVANE,CV41799J,EQ-CND,3898.93,EA,,2023-07-14,2025-06-29
00102873,CAP 35/5 MFD 440V PION,RIDGEWAY,rw 82342 b,PT-CAP,12.97,EA,,2023-05-03,2024-01-31
00102679,TSTAT NON-PROGRAMMABLE 1H/1C BEAC,THERMAXIS,TX/91424/D,CT-TST,80.99,EA,,2024-04-10,2025-04-28
00101624,MTR 1/6 HP 825 RPM MESA,THERMAXIS,TX79569E,PT-MTR,327.68,EA,,2021-07-18,2022-03-17
00111196,REFRIG R-32 20 LB CYLINDER KEYS,NORTHWIND COMFORT,nw 27138 h,SP-REF,112.88,EA,,2021-03-07,2021-08-22
00110132,REFRIG R-454B 20 LB CYLINDER JUNI,BLUEPEAK,BP15610D,SP-REF,306.25,EA,,2022-10-11,2024-01-22
00105281,FURN 80K BTU 80% AFUE STER,THERMAXIS,TX/27992/B,EQ-FUR,1978.71,EA,,2019-06-24,2019-06-26
00106553,COND 2 TON 16 SEER KEYS,THERMAXIS,TX61079C,EQ-CND,945.09,EA,,2021-04-18,2022-09-17
00105436,COND 4 TON 15 SEER TUND,CORVANE,CV41963K,EQ-CND,1535.69,EA,,2021-02-27,2022-07-20
00101744,TSTAT NON-PROGRAMMABLE 1H/1C ZEPH,THERMAXIS,TX-73506-F,CT-TST,277.99,EA,,2022-02-03,2022-05-27
00106269,HP 3.5 TON 15 SEER STER,ARCTICLINE,AL50660E,EQ-HTP,3596.93,EA,,2021-01-21,2021-03-03
00109383,COMP SCROLL 18K BTU R-454B VECT,CORVANE,CV34632E,PT-CMP,1471.82,EA,,2019-09-06,2020-08-13
00110492,TSTAT PROGRAMMABLE 1H/1C VECT,NORTHWIND COMFORT,NW/31234/C,CT-TST,150.04,EA,,2022-01-01,2023-11-30
00105667,COMP SCROLL 36K BTU R-454B TRID,THERMAXIS,TX-92171-D,PT-CMP,1635.60,EA,,2020-12-27,2021-05-06
00102995,CAP 55/5 MFD 440V APEX,THERMAXIS,TX-30500-J,PT-CAP,37.91,EA,,2021-01-17,2022-03-01
00111217,FURN 100K BTU 96% AFUE HARB,CORVANE,CV86812J,EQ-FUR,2410.80,EA,,2024-09-26,2026-02-22
00101995,LINESET 3/8 X 3/4 50 FT APEX,ARCTICLINE,al 67163 g,SP-LIN,265.45,EA,,2020-12-22,2023-03-16
00105084,LINESET 1/4 X 3/8 15 FT TRID,BLUEPEAK,BP/69690/C,SP-LIN,137.61,EA,,2024-05-26,2024-11-02
00108886,SNSR CO2 10K KEYS,NORTHWIND COMFORT,NW56461K,CT-SEN,66.40,EA,,2021-07-31,2021-09-09
00109252,CAP 45/3 MFD 440V LUME,RIDGEWAY,RW-61367-F,PT-CAP,25.96,EA,,2020-12-14,2021-08-19
00106225,COMP SCROLL 30K BTU R-410A HARB,HELIOTEMP,HT94986F,PT-CMP,502.33,EA,,2023-01-04,2024-09-09
00107295,LINESET 3/8 X 7/8 35 FT BEAC,THERMAXIS,tx 31818 f,SP-LIN,116.40,EA,,2020-05-14,2022-10-12
00103958,FURN 120K BTU 96% AFUE FALC,HELIOTEMP,HT-95764-G,EQ-FUR,1122.57,EA,,2019-06-29,2019-10-19
00105561,FLTR 20X20X4 MERV 8 JUNI,CORVANE,CV-94050-C,SP-FLT,28.02,EA,,2023-11-08,2024-08-05
00101986,SNSR OUTDOOR TEMP 4-20MA PION,BLUEPEAK,BP/68003/G,CT-SEN,51.25,EA,,2022-04-24,2024-08-07
00109483,COND 4 TON 15 SEER CASC,BLUEPEAK,BP-46940-A,EQ-CND,2474.18,EA,,2021-03-20,2021-11-08
00107228,AHU 2 TON HORIZONTAL ORIO,THERMAXIS,tx 75754 c,EQ-AHU,1689.42,EA,,2023-03-31,2025-01-11
00102754,CAP 60/7.5 MFD 370V HARB,CORVANE,CV93176D,PT-CAP,43.73,EA,,2021-03-15,2022-12-27
00104730,LINESET 1/4 X 3/8 35 FT APEX,BLUEPEAK,bp 58988 g,SP-LIN,184.47,EA,,2022-03-07,2023-08-18
00108889,CAP 35/7.5 MFD 440V PION,HELIOTEMP,HT/84456/K,PT-CAP,16.30,EA,,2020-09-22,2022-04-14
00108036,CAP 60/5 MFD 440V SUMM,ARCTICLINE,AL-32670-H,PT-CAP,55.76,EA,,2021-02-15,2021-03-03
00110432,SNSR CO2 20K PION,ARCTICLINE,AL-75385-H,CT-SEN,20.49,EA,,2023-11-01,2025-05-07
00103133,MTR 3/4 HP 825 RPM ATLA,RIDGEWAY AIR,rw 27907 b,PT-MTR,309.18,EA,,2024-08-10,2025-01-13
00107974,FLTR 16X20X4 MERV 8 ZEPH,HELIOTEMP,ht 15076 g,SP-FLT,15.74,EA,,2023-04-13,2025-03-30
00110923,SNSR DUCT TEMP 4-20MA DELT,NORTHWIND COMFORT,nw 45962 e,CT-SEN,100.48,EA,,2023-12-01,2024-09-09
00104286,FLTR 20X20X1 MERV 13 QUAR,THERMAXIS,TX-24528-J,SP-FLT,10.23,EA,,2021-09-17,2022-03-03
00101092,COND 2.5 TON 14 SEER BEAC,NORTHWIND COMFORT,NW-58715-H,EQ-CND,3131.43,EA,,2020-10-01,2023-01-04
00111088,REFRIG R-454B 30 LB CYLINDER ZEPH,ARCTICLINE,AL34235J,SP-REF,238.91,EA,,2019-12-07,2020-09-15
00108699,HP 3 TON 20 SEER HARB,RIDGEWAY,rw 17293 e,EQ-HTP,2810.32,EA,,2020-02-02,2022-03-22
00111100,COND 3.5 TON 16 SEER LUME,NORTHWIND COMFORT,NW86715G,EQ-CND,1784.98,EA,,2021-08-27,2023-02-10
00108594,COND 1.5 TON 14 SEER PION,HELIOTEMP,HT25105A,EQ-CND,2559.10,EA,,2024-02-14,2025-10-16
00102119,AHU 3.5 TON UPFLOW DELT,THERMAXIS,tx 14705 a,EQ-AHU,702.81,EA,,2020-02-03,2022-01-01
00103296,COND 1.5 TON 20 SEER FALC,NORTHWIND,nw 66448 d,EQ-CND,2751.43,EA,,2020-09-28,2022-09-20
00101822,MTR 1/2 HP 825 RPM SABL,RIDGEWAY,RW84648C,PT-MTR,241.62,EA,,2021-12-30,2023-07-14
00109655,AHU 3 TON HORIZONTAL DELT,NORTHWIND,NW/71697/E,EQ-AHU,1219.03,EA,,2019-08-23,2020-12-27
00105166,FURN 60K BTU 92% AFUE STER,CORVANE,CV-72601-C,EQ-FUR,753.63,EA,,2023-02-11,2024-10-29
00104761,HP 3 TON 20 SEER APEX,RIDGEWAY AIR,RW-29771-D,EQ-HTP,2717.42,EA,,2024-04-03,2024-07-19
00102247,LINESET 3/8 X 3/4 35 FT QUAR,CORVANE,CV-98636-B,SP-LIN,250.41,EA,,2023-03-23,2023-09-22
00106502,CONTR 3 POLE 50 AMP 24V COIL ATLA,HELIOTEMP,HT/73337/F,PT-CON,64.69,EA,,2021-07-13,2022-12-03
00102006,REFRIG R-32 25 LB CYLINDER GRAN,CORVANE,CV60789H,SP-REF,130.36,EA,,2021-06-23,2023-10-24
00103513,HP 5 TON 16 SEER TRID,ARCTICLINE,AL70489J,EQ-HTP,2178.90,EA,,2024-06-08,2025-10-16
00105517,LINESET 3/8 X 3/4 35 FT DELT,NORTHWIND,NW/55294/B,SP-LIN,114.55,EA,,2022-10-30,2024-11-11
00100067,TSTAT NON-PROGRAMMABLE 2H/2C KEYS,HELIOTEMP,HT12957H,CT-TST,120.93,EA,,2020-04-24,2022-05-09
00110900,TSTAT SMART WI-FI 2H/2C JUNI,ARCTICLINE,AL-73773-E,CT-TST,261.85,EA,,2023-07-17,2025-02-10
00106757,SNSR CO2 4-20MA ZEPH,HELIOTEMP,ht 32467 b,CT-SEN,108.13,EA,,2022-07-24,2023-02-28
00107072,HP 2 TON 15 SEER TRID,RIDGEWAY,RW/77547/G,EQ-HTP,3972.73,EA,,2023-02-17,2024-06-26
00107732,FLTR 20X25X1 MERV 13 STER,NORTHWIND COMFORT,NW-17079-G,SP-FLT,37.86,EA,,2023-07-18,2024-03-11
00110920,SNSR DUCT TEMP 4-20MA DELT,NORTHWIND COMFORT,NW-45962-E,CT-SEN,100.27,EA,,2023-10-14,2025-06-13
00101192,FURN 120K BTU 97% AFUE TUND,ARCTICLINE,AL17257J,EQ-FUR,2333.65,EA,,2022-10-05,2025-02-02
00101754,HP 2.5 TON 20 SEER DELT,CORVANE,CV-94946-B,EQ-HTP,1742.97,EA,,2019-08-21,2021-12-15
00102403,HP 3 TON 15 SEER HARB,BLUEPEAK,bp 47038 d,EQ-HTP,1332.75,EA,,2019-03-09,2020-10-04
00108372,TSTAT SMART WI-FI 3H/2C ORIO,CORVANE,cv 64735 f,CT-TST,175.87,EA,,2023-10-25,2025-10-01
00100106,HP 4 TON 15 SEER KEYS,THERMAXIS,TX-36203-J,EQ-HTP,2576.34,EA,,2019-04-29,2019-05-16
00106924,COND 2.5 TON 14 SEER PION,HELIOTEMP,HT/41385/C,EQ-CND,2256.75,EA,,2023-06-25,2024-03-04
00111225,COMP SCROLL 42K BTU R-410A PION,THERMAXIS,TX/69971/E,PT-CMP,435.38,EA,,2023-06-29,2023-08-31
00108295,HP 2.5 TON 20 SEER FALC,ARCTICLINE,AL-51709-C,EQ-HTP,3291.13,EA,,2019-07-07,2020-10-20
00102425,FURN 120K BTU 96% AFUE STER,THERMAXIS,TX-76576-G,EQ-FUR,1138.89,EA,,2021-10-28,2022-10-19
00111041,HP 3.5 TON 20 SEER GRAN,HELIOTEMP,HT/74589/E,EQ-HTP,2517.34,EA,,2023-05-20,2023-08-11
00109539,COND 3 TON 20 SEER SABL,CORVANE,cv 78626 g,EQ-CND,1666.94,EA,,2023-08-23,2024-03-31
00106231,CAP 55/10 MFD 440V LUME,CORVANE,CV-35262-C,PT-CAP,25.56,EA,,2024-01-05,2026-06-20
00102486,REFRIG R-32 30 LB CYLINDER DELT,RIDGEWAY,RW62030A,SP-REF,274.60,EA,,2021-05-04,2023-07-28
00105132,SNSR HUMIDITY 10K JUNI,HELIOTEMP,HT-37093-B,CT-SEN,20.62,EA,,2022-12-29,2023-06-14
00105737,FURN 80K BTU 96% AFUE SABL,THERMAXIS,TX79334C,EQ-FUR,1605.47,EA,,2019-09-18,2021-11-18
00102542,FLTR 20X20X2 MERV 8 BEAC,RIDGEWAY,RW-11724-G,SP-FLT,23.71,EA,,2022-10-27,2022-12-13
00103016,LINESET 3/8 X 7/8 35 FT DELT,CORVANE,CV/12196/F,SP-LIN,223.23,EA,,2019-10-03,2021-04-15
00109936,MTR 1/3 HP 1075 RPM APEX,NORTHWIND COMFORT,NW-82625-J,PT-MTR,417.83,EA,,2022-09-09,2024-08-07
00109451,HP 5 TON 18 SEER ZEPH,THERMAXIS,TX/59827/J,EQ-HTP,2391.24,EA,,2024-04-09,2025-01-06
00104047,COMP SCROLL 48K BTU R-410A PION,HELIOTEMP,ht 35208 d,PT-CMP,873.71,EA,,2024-05-04,2025-08-27
00109919,LINESET 3/8 X 7/8 35 FT MERI,ARCTICLINE,AL85440E,SP-LIN,218.07,EA,,2022-05-15,2022-12-29
00101312,LINESET 3/8 X 3/4 25 FT SABL,CORVANE,cv 21514 j,SP-LIN,122.72,EA,,2024-02-04,2025-08-16
00109431,COMP SCROLL 30K BTU R-454B SABL,THERMAXIS,TX/33754/E,PT-CMP,592.25,EA,,2024-02-09,2025-09-11
00107612,AHU 3 TON MULTI-POSITION LUME,CORVANE,CV-24267-J,EQ-AHU,2167.56,EA,,2022-03-12,2023-07-17
00103490,LINESET 1/4 X 3/8 15 FT LUME,ARCTICLINE,AL/30929/E,SP-LIN,191.99,EA,,2022-05-16,2023-11-05
00105645,TSTAT SMART WI-FI 2H/2C LUME,RIDGEWAY,RW86605D,CT-TST,131.32,EA,,2023-03-26,2024-10-19
00100502,LINESET 3/8 X 3/4 50 FT PION,RIDGEWAY AIR,RW-12387-F,SP-LIN,194.47,EA,,2023-05-20,2024-09-16
00109060,AHU 3.5 TON MULTI-POSITION FALC,BLUEPEAK,BP-52480-F,EQ-AHU,1863.88,EA,,2019-10-31,2021-03-09
00102610,FURN 100K BTU 96% AFUE GRAN,CORVANE,CV/95488/B,EQ-FUR,1852.72,EA,,2021-07-03,2023-01-22
00106927,TSTAT SMART WI-FI 1H/1C ATLA,NORTHWIND,NW86242E,CT-TST,89.33,EA,,2023-10-27,2024-11-04
00107877,SNSR CO2 20K ORIO,HELIOTEMP,HT86978J,CT-SEN,14.65,EA,,2020-03-31,2021-10-03
00107024,COND 2.5 TON 20 SEER BEAC,HELIOTEMP,HT69152E,EQ-CND,2846.49,EA,,2023-09-13,2025-10-27
00100366,FLTR 16X20X1 MERV 8 SABL,RIDGEWAY,rw 75314 g,SP-FLT,7.20,EA,,2021-07-22,2022-12-14
00107764,AHU 2 TON HORIZONTAL LUME,HELIOTEMP,HT/32005/B,EQ-AHU,2006.80,EA,,2020-02-05,2022-02-08
00106764,TSTAT NON-PROGRAMMABLE 3H/2C LUME,THERMAXIS,TX26778C,CT-TST,135.98,EA,,2024-09-16,2027-01-19
00101459,COND 4 TON 14 SEER ORIO,CORVANE,CV54750C,EQ-CND,1568.60,EA,,2020-06-15,2020-10-21
00107106,HP 5 TON 15 SEER ZEPH,CORVANE,CV-28723-C,EQ-HTP,1893.21,EA,,2021-11-14,2023-12-30
00103192,HP 2 TON 14 SEER HARB,THERMAXIS,tx 45055 k,EQ-HTP,3734.06,EA,,2022-08-18,2023-02-19
00103986,COND 5 TON 15 SEER BEAC,CORVANE,CV/52753/H,EQ-CND,3183.18,EA,,2021-11-26,2024-03-20
00109781,TSTAT SMART WI-FI 3H/2C APEX,NORTHWIND,NW87243D,CT-TST,237.54,EA,,2020-03-10,2020-12-17
00103313,CAP 55/5 MFD 440V PION,NORTHWIND,NW/96445/J,PT-CAP,14.49,EA,,2019-04-02,2021-02-25
00102893,REFRIG R-32 30 LB CYLINDER TRID,THERMAXIS,TX/70527/D,SP-REF,328.93,EA,X,2023-01-18,2023-07-31
00106985,COND 2 TON 14 SEER HARB,THERMAXIS,TX25608B,EQ-CND,2896.40,EA,,2022-02-27,2023-11-12
00103679,CONTR 3 POLE 50 AMP 24V COIL VECT,ARCTICLINE,al 87018 e,PT-CON,59.78,EA,,2022-03-31,2023-12-28
00110353,REFRIG R-32 20 LB CYLINDER PION,NORTHWIND COMFORT,NW30205G,SP-REF,350.21,EA,,2019-05-05,2020-07-11
00109293,REFRIG R-454B 25 LB CYLINDER GRAN,HELIOTEMP,ht 53408 f,SP-REF,308.59,EA,X,2024-02-28,2025-03-16
00110594,CONTR 3 POLE 50 AMP 24V COIL APEX,RIDGEWAY AIR,RW-35352-J,PT-CON,24.26,EA,,2023-11-26,2026-03-22
00103585,LINESET 1/4 X 3/8 25 FT GRAN,ARCTICLINE,al 36978 b,SP-LIN,112.25,EA,,2019-12-20,2020-08-05
00105413,CONTR 1 POLE 30 AMP 24V COIL GRAN,ARCTICLINE,AL/34476/B,PT-CON,79.94,EA,,2022-08-19,2024-05-05
00104694,FURN 100K BTU 80% AFUE BEAC,HELIOTEMP,HT-19249-C,EQ-FUR,1605.83,EA,,2023-02-07,2024-04-22
00101693,HP 2 TON 20 SEER SABL,BLUEPEAK,BP-91870-A,EQ-HTP,1820.00,EA,,2023-01-18,2025-04-09
00110228,COND 3.5 TON 16 SEER CASC,HELIOTEMP,HT-85256-B,EQ-CND,1073.77,EA,,2020-06-08,2020-10-14
00101118,COND 5 TON 20 SEER ORIO,THERMAXIS,tx 94762 h,EQ-CND,1049.45,EA,,2020-12-12,2022-03-19
00108626,COMP SCROLL 36K BTU R-454B FALC,HELIOTEMP,HT59653K,PT-CMP,1075.41,EA,,2024-09-30,2025-05-15
00105008,CONTR 1 POLE 30 AMP 120V COIL ZEPH,THERMAXIS,TX-28024-A,PT-CON,80.19,EA,,2020-08-21,2022-10-27
00101843,SNSR CO2 4-20MA MERI,ARCTICLINE,al 62058 b,CT-SEN,55.05,EA,,2023-06-13,2024-09-17
00107645,CONTR 3 POLE 40 AMP 120V COIL BEAC,RIDGEWAY AIR,RW92712D,PT-CON,54.28,EA,,2022-06-25,2023-08-25
00102978,LINESET 1/4 X 3/8 15 FT JUNI,THERMAXIS,TX-72495-F,SP-LIN,159.30,EA,,2023-07-04,2024-02-10
00110221,FURN 100K BTU 96% AFUE QUAR,CORVANE,CV/13267/H,EQ-FUR,1167.21,EA,,2023-09-11,2025-05-18
00111083,FLTR 20X20X2 MERV 11 ZEPH,CORVANE,CV-27608-D,SP-FLT,22.45,EA,,2020-06-01,2022-03-13
00108223,FLTR 20X20X1 MERV 11 APEX,NORTHWIND,NW88237F,SP-FLT,33.44,EA,,2023-10-02,2024-10-13
00108758,SNSR CO2 20K TUND,THERMAXIS,TX/66189/H,CT-SEN,64.77,EA,,2022-02-17,2023-10-16
00102078,HP 5 TON 16 SEER APEX,THERMAXIS,TX-83475-C,EQ-HTP,2073.26,EA,,2021-11-22,2022-12-01
00107483,CAP 35/5 MFD 440V KEYS,CORVANE,CV/61521/C,PT-CAP,14.94,EA,,2024-09-09,2024-09-19
00109016,MTR 1/4 HP 825 RPM DELT,THERMAXIS,TX85159A,PT-MTR,376.80,EA,X,2021-01-16,2022-09-27
00109393,MTR 1/3 HP 1075 RPM ATLA,NORTHWIND,NW/93044/C,PT-MTR,184.18,EA,,2024-04-01,2026-01-01
00109208,SNSR DUCT TEMP 4-20MA HARB,HELIOTEMP,HT97667B,CT-SEN,108.75,EA,,2023-01-11,2023-04-30
00100073,REFRIG R-32 20 LB CYLINDER PION,CORVANE,cv 77566 k,SP-REF,307.67,EA,,2019-08-10,2021-06-19
00105424,COMP SCROLL 30K BTU R-410A TUND,BLUEPEAK,BP/89004/C,PT-CMP,442.55,EA,,2019-04-20,2019-09-01
00106722,HP 5 TON 20 SEER APEX,ARCTICLINE,AL-63246-A,EQ-HTP,3317.42,EA,,2021-08-14,2021-11-12
00104887,COND 3 TON 20 SEER KEYS,ARCTICLINE,AL-12356-K,EQ-CND,1342.87,EA,,2023-10-28,2024-11-10
00102175,MTR 1/6 HP 1075 RPM ATLA,THERMAXIS,TX87576C,PT-MTR,65.67,EA,,2023-08-15,2024-12-12
00107051,FURN 40K BTU 92% AFUE TUND,THERMAXIS,TX/41818/J,EQ-FUR,721.85,EA,,2022-09-07,2024-07-25
00101602,FLTR 20X20X4 MERV 13 ATLA,RIDGEWAY,RW65199F,SP-FLT,22.07,EA,,2020-07-14,2021-09-24
00102007,FURN 40K BTU 80% AFUE APEX,THERMAXIS,TX-75135-B,EQ-FUR,2370.19,EA,,2021-06-02,2021-12-23
00110288,REFRIG R-454B 10 LB CYLINDER MERI,CORVANE,CV-37778-F,SP-REF,227.29,EA,,2024-01-11,2024-07-10
00110668,CAP 35/7.5 MFD 440V ORIO,BLUEPEAK,BP/13017/J,PT-CAP,50.77,EA,,2022-07-15,2023-04-27
00104087,HP 4 TON 16 SEER JUNI,ARCTICLINE,AL-57410-B,EQ-HTP,2425.45,EA,,2019-07-02,2019-07-20
00100988,FLTR 16X20X2 MERV 8 MERI,ARCTICLINE,al 95946 a,SP-FLT,17.57,EA,,2020-07-22,2022-07-30
00105022,HP 3.5 TON 20 SEER ATLA,CORVANE,CV25783E,EQ-HTP,4051.60,EA,,2024-07-07,2025-02-09
00100462,HP 2 TON 16 SEER CASC,NORTHWIND COMFORT,NW/85796/D,EQ-HTP,2200.36,EA,,2023-06-11,2024-01-23
00106862,FURN 60K BTU 92% AFUE EMBE,RIDGEWAY AIR,RW-98394-C,EQ-FUR,2221.57,EA,,2024-01-15,2026-03-19
00103924,CONTR 2 POLE 50 AMP 120V COIL QUAR,THERMAXIS,TX-92935-C,PT-CON,28.76,EA,,2024-09-08,2026-12-27
00103299,MTR 1/6 HP 825 RPM TUND,RIDGEWAY AIR,RW-59884-B,PT-MTR,318.34,EA,,2019-01-15,2019-06-16
00105963,REFRIG R-22 25 LB CYLINDER HARB,ARCTICLINE,AL65184K,SP-REF,337.11,EA,,2023-08-31,2023-11-04
00109003,HP 3.5 TON 16 SEER ATLA,HELIOTEMP,HT-97775-B,EQ-HTP,1469.15,EA,,2020-09-25,2022-11-03
00111152,FURN 80K BTU 80% AFUE PION,ARCTICLINE,AL83739G,EQ-FUR,1599.94,EA,,2022-06-02,2023-03-06
00101827,CAP 55/10 MFD 370V QUAR,NORTHWIND,NW85920A,PT-CAP,53.56,EA,,2021-05-09,2023-05-05
00111077,FURN 60K BTU 92% AFUE FALC,HELIOTEMP,HT78061K,EQ-FUR,2578.58,EA,,2019-11-07,2021-01-08
00106310,FLTR 20X20X1 MERV 13 LUME,CORVANE,CV13553D,SP-FLT,24.13,EA,,2024-01-19,2024-07-20
00106395,COMP SCROLL 18K BTU R-410A SABL,HELIOTEMP,HT67981A,PT-CMP,842.69,EA,,2020-04-26,2021-04-06
00101719,FURN 80K BTU 96% AFUE SABL,RIDGEWAY,RW/76703/D,EQ-FUR,1417.81,EA,,2023-07-21,2025-03-11
00104892,LINESET 3/8 X 3/4 25 FT APEX,ARCTICLINE,AL53508C,SP-LIN,242.17,EA,,2019-07-09,2020-08-11
00111275,FLTR 20X20X1 MERV 8 JUNI,RIDGEWAY AIR,RW-59629-H,SP-FLT,27.75,EA,,2020-07-21,2022-12-28
00109372,SNSR OUTDOOR TEMP 4-20MA SUMM,RIDGEWAY AIR,RW-95125-A,CT-SEN,95.40,EA,,2024-08-24,2025-09-27
00103630,REFRIG R-454B 10 LB CYLINDER TUND,THERMAXIS,tx 22019 b,SP-REF,418.44,EA,,2022-05-09,2022-08-25
00108649,HP 1.5 TON 16 SEER BEAC,HELIOTEMP,HT46072K,EQ-HTP,1967.10,EA,X,2024-07-07,2026-04-20
00103502,FURN 100K BTU 96% AFUE EMBE,RIDGEWAY,rw 82490 a,EQ-FUR,2238.31,EA,,2023-01-26,2024-06-27
00101785,MTR 3/4 HP 1075 RPM SUMM,NORTHWIND COMFORT,NW/23079/F,PT-MTR,123.65,EA,,2021-07-23,2021-09-24
00110672,SNSR HUMIDITY 20K JUNI,HELIOTEMP,HT/50382/C,CT-SEN,104.75,EA,,2020-11-26,2022-05-05
00110772,COND 5 TON 14 SEER TUND,BLUEPEAK,BP/89462/E,EQ-CND,3143.11,EA,,2020-05-02,2021-05-28
00100202,AHU 2 TON HORIZONTAL SUMM,ARCTICLINE,al 43501 g,EQ-AHU,899.41,EA,,2019-12-13,2020-04-10
00105745,LINESET 3/8 X 7/8 15 FT BEAC,CORVANE,CV-27546-A,SP-LIN,128.98,EA,,2022-10-06,2024-03-06
00110277,CONTR 1 POLE 30 AMP 24V COIL LUME,HELIOTEMP,HT-48238-D,PT-CON,58.42,EA,,2019-05-19,2021-10-13
00103150,COMP SCROLL 60K BTU R-410A BEAC,RIDGEWAY,RW43921C,PT-CMP,990.57,EA,,2020-05-05,2022-02-14
00100558,CAP 50/10 MFD 440V HARB,RIDGEWAY AIR,RW95069G,PT-CAP,25.04,EA,,2021-10-17,2023-04-13
00109695,CAP 50/7.5 MFD 370V STER,BLUEPEAK,BP-51389-B,PT-CAP,42.76,EA,,2022-04-16,2023-06-13
00102455,FLTR 20X25X4 MERV 8 BEAC,RIDGEWAY AIR,RW-25517-H,SP-FLT,25.17,EA,,2019-09-14,2021-10-16
00105455,CAP 35/3 MFD 370V FALC,THERMAXIS,tx 78564 g,PT-CAP,40.63,EA,,2023-09-09,2025-10-04
00106004,HP 2.5 TON 18 SEER KEYS,BLUEPEAK,bp 59602 e,EQ-HTP,3476.43,EA,X,2022-06-21,2024-08-05
00100398,AHU 2 TON MULTI-POSITION KEYS,BLUEPEAK,BP-13097-K,EQ-AHU,855.23,EA,,2019-08-01,2020-11-26
00108537,CONTR 1 POLE 30 AMP 24V COIL STER,ARCTICLINE,AL17645B,PT-CON,77.61,EA,,2022-08-06,2023-02-13
00104907,COND 5 TON 16 SEER ORIO,CORVANE,CV23926B,EQ-CND,1164.40,EA,,2020-09-02,2022-10-07
00100541,CAP 40/5 MFD 370V HARB,CORVANE,CV/15386/J,PT-CAP,53.55,EA,,2019-06-06,2020-09-25
00105198,COND 3.5 TON 18 SEER BEAC,HELIOTEMP,ht 83182 b,EQ-CND,3773.85,EA,,2020-09-28,2022-11-06
00100976,LINESET 3/8 X 3/4 35 FT GRAN,BLUEPEAK,BP/24221/A,SP-LIN,71.19,EA,,2024-04-29,2025-09-01
00102108,MTR 3/4 HP 1625 RPM GRAN,BLUEPEAK,BP-23194-A,PT-MTR,200.72,EA,,2020-09-15,2022-07-19
00109839,FLTR 16X20X2 MERV 11 EMBE,RIDGEWAY,RW35440E,SP-FLT,12.57,EA,,2022-10-03,2023-05-24
00105046,HP 2.5 TON 18 SEER HARB,HELIOTEMP,HT85326K,EQ-HTP,3842.95,EA,,2022-04-19,2024-01-26
00100226,SNSR DUCT TEMP 10K SUMM,BLUEPEAK,BP-14084-A,CT-SEN,24.13,EA,,2023-01-17,2023-07-26
00103325,MTR 1/3 HP 825 RPM TRID,RIDGEWAY,RW57235D,PT-MTR,389.52,EA,,2023-11-06,2024-12-24
00109496,REFRIG R-410A 20 LB CYLINDER FALC,CORVANE,CV-78143-J,SP-REF,339.20,EA,X,2022-11-26,2024-02-18
00104155,FURN 80K BTU 92% AFUE LUME,ARCTICLINE,AL99659A,EQ-FUR,1942.22,EA,,2019-01-30,2019-03-06
00110816,CAP 45/5 MFD 440V JUNI,ARCTICLINE,AL89982D,PT-CAP,53.61,EA,,2021-01-01,2023-02-22
00103692,FLTR 16X20X1 MERV 13 STER,RIDGEWAY AIR,RW-74979-F,SP-FLT,12.00,EA,,2020-04-15,2022-02-18
00101336,REFRIG R-32 30 LB CYLINDER VECT,NORTHWIND COMFORT,NW/96208/A,SP-REF,258.47,EA,,2023-12-07,2025-03-19
00110681,COMP SCROLL 48K BTU R-410A MESA,RIDGEWAY,RW-54035-E,PT-CMP,1008.44,EA,,2022-06-16,2024-05-23
00110974,COMP SCROLL 36K BTU R-410A VECT,RIDGEWAY,rw 22725 f,PT-CMP,1356.05,EA,,2024-02-29,2026-01-21
00110179,AHU 3.5 TON HORIZONTAL MERI,THERMAXIS,TX76215B,EQ-AHU,1810.78,EA,,2024-01-28,2024-04-04
00100678,REFRIG R-22 25 LB CYLINDER QUAR,RIDGEWAY,rw 48747 d,SP-REF,116.54,EA,,2024-09-09,2025-08-06
00109074,HP 2 TON 20 SEER MESA,NORTHWIND,NW83479F,EQ-HTP,2308.47,EA,,2024-09-26,2026-02-04
00109470,REFRIG R-454B 30 LB CYLINDER APEX,BLUEPEAK,bp 81011 k,SP-REF,269.77,EA,,2022-07-31,2024-02-19
00105895,CONTR 1 POLE 50 AMP 120V COIL HARB,RIDGEWAY AIR,RW30833G,PT-CON,13.14,EA,,2023-06-22,2023-06-28
00107755,COND 4 TON 18 SEER KEYS,HELIOTEMP,HT/38490/F,EQ-CND,3606.38,EA,,2022-10-05,2023-07-03
00106459,REFRIG R-22 20 LB CYLINDER DELT,HELIOTEMP,HT/84050/G,SP-REF,201.99,EA,,2022-07-28,2024-08-01
00110463,AHU 5 TON MULTI-POSITION FALC,HELIOTEMP,ht 39421 h,EQ-AHU,1204.49,EA,,2021-06-22,2021-09-02
00101354,CAP 55/10 MFD 440V KEYS,HELIOTEMP,HT10886H,PT-CAP,28.84,EA,,2022-05-13,2022-05-30
00103620,AHU 3.5 TON HORIZONTAL SABL,CORVANE,cv 93302 d,EQ-AHU,850.49,EA,,2023-05-30,2023-09-06
00110529,REFRIG R-22 20 LB CYLINDER EMBE,ARCTICLINE,AL-85925-D,SP-REF,404.19,EA,,2020-11-30,2023-01-15
00108274,REFRIG R-454B 25 LB CYLINDER ATLA,ARCTICLINE,AL-67263-H,SP-REF,277.21,EA,,2020-09-09,2022-10-05
00103614,FLTR 20X25X1 MERV 8 PION,ARCTICLINE,AL43931H,SP-FLT,26.50,EA,,2021-02-28,2023-01-16
00109681,REFRIG R-410A 25 LB CYLINDER PION,RIDGEWAY,RW-42004-B,SP-REF,314.26,EA,,2023-06-14,2024-05-31
00109805,COND 3 TON 15 SEER EMBE,THERMAXIS,TX/52128/E,EQ-CND,1222.99,EA,X,2023-11-25,2024-10-04
00104335,FURN 80K BTU 96% AFUE FALC,BLUEPEAK,BP63410A,EQ-FUR,1724.91,EA,,2020-02-18,2022-07-02
00104255,MTR 1/6 HP 1625 RPM STER,BLUEPEAK,bp 86774 g,PT-MTR,139.53,EA,,2024-06-25,2025-05-29
00105549,FLTR 16X25X4 MERV 13 KEYS,HELIOTEMP,HT-48579-B,SP-FLT,6.43,EA,,2020-01-16,2021-01-30
00110781,COND 4 TON 18 SEER LUME,HELIOTEMP,HT-61098-K,EQ-CND,1044.13,EA,X,2019-11-11,2020-07-04
00109311,TSTAT NON-PROGRAMMABLE 3H/2C PION,THERMAXIS,TX44141H,CT-TST,61.99,EA,,2023-05-31,2025-11-02
00103321,CAP 50/5 MFD 440V STER,THERMAXIS,TX/81308/E,PT-CAP,24.07,EA,,2019-05-11,2021-05-25
00103836,SNSR CO2 10K FALC,BLUEPEAK,BP-38412-C,CT-SEN,96.70,EA,,2021-07-27,2022-11-25
00106947,SNSR HUMIDITY 20K TUND,RIDGEWAY,RW-70879-A,CT-SEN,56.78,EA,,2023-05-29,2023-08-03
00106921,TSTAT NON-PROGRAMMABLE 3H/2C GRAN,ARCTICLINE,AL/35202/J,CT-TST,112.06,EA,,2021-11-28,2022-08-29
00108775,SNSR HUMIDITY 20K JUNI,NORTHWIND,NW32722H,CT-SEN,83.67,EA,,2020-01-08,2021-09-20
00108896,HP 2.5 TON 14 SEER MESA,NORTHWIND COMFORT,NW/90355/K,EQ-HTP,3561.69,EA,X,2021-06-04,2022-04-16
00110168,COMP SCROLL 24K BTU R-454B KEYS,CORVANE,cv 15637 j,PT-CMP,740.43,EA,,2023-04-17,2025-07-18
00102686,MTR 1/3 HP 825 RPM TRID,NORTHWIND,NW/52176/A,PT-MTR,218.90,EA,,2022-11-06,2024-07-22
00105789,COMP SCROLL 18K BTU R-410A APEX,BLUEPEAK,BP-93181-J,PT-CMP,877.99,EA,,2024-08-05,2025-11-19
00103137,CAP 40/5 MFD 440V MERI,HELIOTEMP,ht 39338 e,PT-CAP,22.12,EA,,2019-09-07,2021-06-20
00101248,CAP 60/5 MFD 370V HARB,ARCTICLINE,AL/45784/B,PT-CAP,32.88,EA,,2024-08-13,2025-07-07
00105190,HP 3.5 TON 14 SEER ATLA,RIDGEWAY,rw 52527 b,EQ-HTP,3559.40,EA,,2023-01-22,2025-06-18
00106944,FURN 80K BTU 80% AFUE CASC,HELIOTEMP,HT-51574-J,EQ-FUR,1293.57,EA,,2019-05-22,2019-09-01
00100386,SNSR DUCT TEMP 20K EMBE,HELIOTEMP,HT-39024-E,CT-SEN,95.35,EA,,2022-04-23,2023-12-20
00107205,CAP 60/5 MFD 440V TUND,HELIOTEMP,HT-71197-G,PT-CAP,21.53,EA,,2022-01-29,2023-09-06
00102947,LINESET 1/4 X 3/8 15 FT MERI,NORTHWIND,NW-70601-K,SP-LIN,206.69,EA,,2022-01-21,2023-03-28
00104001,SNSR DUCT TEMP 10K APEX,HELIOTEMP,HT49766E,CT-SEN,92.03,EA,,2023-08-21,2026-01-13
00109380,REFRIG R-410A 25 LB CYLINDER TRID,ARCTICLINE,AL18113F,SP-REF,320.07,EA,,2022-08-25,2024-06-12
00102040,FLTR 16X25X2 MERV 11 BEAC,CORVANE,CV-36249-H,SP-FLT,37.29,EA,,2019-11-25,2021-10-24
00107409,FLTR 16X20X1 MERV 13 KEYS,THERMAXIS,tx 95000 a,SP-FLT,17.36,EA,,2023-01-10,2024-10-30
00104470,AHU 3.5 TON HORIZONTAL ZEPH,HELIOTEMP,HT/48784/G,EQ-AHU,920.49,EA,,2020-01-14,2020-04-16
00107837,LINESET 3/8 X 7/8 25 FT ZEPH,BLUEPEAK,BP/16256/K,SP-LIN,224.48,EA,,2021-02-03,2023-03-29
00102085,REFRIG R-454B 20 LB CYLINDER EMBE,HELIOTEMP,ht 61314 a,SP-REF,199.72,EA,,2021-04-28,2021-07-24
00105790,MTR 1/3 HP 1075 RPM BEAC,RIDGEWAY,RW88348A,PT-MTR,433.91,EA,,2021-10-19,2021-10-30
00102622,AHU 3.5 TON MULTI-POSITION SABL,THERMAXIS,TX-39357-D,EQ-AHU,1964.95,EA,,2023-04-23,2024-03-23
00100455,FURN 40K BTU 97% AFUE EMBE,BLUEPEAK,BP/75336/H,EQ-FUR,1004.00,EA,,2020-06-28,2020-11-21
00100968,CAP 45/5 MFD 370V TUND,NORTHWIND COMFORT,NW-15249-G,PT-CAP,45.94,EA,,2023-07-22,2024-07-09
00109157,CONTR 3 POLE 40 AMP 24V COIL ATLA,CORVANE,CV-32400-B,PT-CON,25.59,EA,,2024-06-22,2024-11-05
00106993,COND 2 TON 14 SEER HARB,THERMAXIS,TX-25608-B,EQ-CND,2766.35,EA,,2022-11-16,2024-01-03
00105055,REFRIG R-22 25 LB CYLINDER VECT,ARCTICLINE,AL24772J,SP-REF,243.19,EA,X,2023-05-22,2025-05-03
00102784,SNSR OUTDOOR TEMP 10K CASC,RIDGEWAY AIR,RW/24972/B,CT-SEN,111.66,EA,,2021-03-23,2023-03-05
00100589,SNSR DUCT TEMP 20K ORIO,BLUEPEAK,BP-90416-E,CT-SEN,112.28,EA,,2024-02-13,2025-08-19
00103102,LINESET 1/4 X 3/8 50 FT ATLA,THERMAXIS,TX/46059/B,SP-LIN,164.15,EA,,2019-07-10,2021-01-29
00107210,MTR 1 HP 1625 RPM CASC,HELIOTEMP,ht 60020 g,PT-MTR,348.92,EA,,2021-07-27,2022-02-12
00100328,CONTR 3 POLE 30 AMP 120V COIL LUME,CORVANE,CV45420F,PT-CON,64.17,EA,,2024-08-02,2026-03-09
00100100,CAP 60/3 MFD 440V FALC,BLUEPEAK,BP-94268-B,PT-CAP,43.19,EA,,2021-12-05,2022-02-26
00101585,AHU 5 TON UPFLOW TRID,NORTHWIND,nw 21752 a,EQ-AHU,1936.00,EA,,2024-05-17,2025-08-01
00104304,COND 2 TON 16 SEER MERI,BLUEPEAK,BP-48581-B,EQ-CND,2386.59,EA,,2020-10-08,2022-07-06
00101273,FLTR 20X20X1 MERV 13 SUMM,RIDGEWAY,RW34575B,SP-FLT,15.94,EA,,2021-04-02,2022-08-30
00109894,HP 3 TON 15 SEER EMBE,ARCTICLINE,al 55004 b,EQ-HTP,1618.81,EA,,2021-09-01,2022-05-02
00101431,CONTR 1 POLE 40 AMP 24V COIL APEX,NORTHWIND COMFORT,NW91287D,PT-CON,29.36,EA,,2019-06-30,2020-12-29
00102344,MTR 1/6 HP 1625 RPM TUND,BLUEPEAK,BP89278J,PT-MTR,171.43,EA,,2021-05-22,2021-07-08
00107872,COMP SCROLL 60K BTU R-410A MESA,THERMAXIS,tx 24125 k,PT-CMP,942.09,EA,,2020-03-11,2021-08-03
00104930,COMP SCROLL 48K BTU R-410A HARB,HELIOTEMP,HT/89292/E,PT-CMP,748.46,EA,,2021-07-02,2023-06-27
00102419,CAP 35/10 MFD 370V ZEPH,RIDGEWAY AIR,rw 54949 b,PT-CAP,51.86,EA,,2023-01-30,2024-05-13
00104216,AHU 2 TON UPFLOW PION,CORVANE,CV/94492/E,EQ-AHU,961.99,EA,,2022-09-28,2024-06-22
00100026,FLTR 16X20X4 MERV 13 MERI,BLUEPEAK,bp 93743 d,SP-FLT,17.35,EA,,2019-09-15,2019-11-08
00106137,MTR 1/4 HP 825 RPM CASC,CORVANE,CV98507E,PT-MTR,168.78,EA,,2024-04-07,2026-02-26
00109547,COMP SCROLL 36K BTU R-410A SUMM,CORVANE,CV-76113-K,PT-CMP,895.27,EA,,2021-07-21,2022-10-13
00107750,COMP SCROLL 30K BTU R-410A GRAN,ARCTICLINE,AL/75226/K,PT-CMP,688.55,EA,X,2024-03-08,2024-12-02
00108768,MTR 1 HP 1625 RPM MERI,BLUEPEAK,BP/12095/J,PT-MTR,289.20,EA,,2019-07-15,2020-02-13
00109724,HP 3 TON 20 SEER FALC,RIDGEWAY AIR,RW-87780-D,EQ-HTP,3544.19,EA,,2019-08-07,2021-01-27
00106070,COND 1.5 TON 18 SEER CASC,THERMAXIS,TX/70261/E,EQ-CND,3524.17,EA,,2024-08-31,2024-09-12
00109706,FLTR 16X20X2 MERV 13 STER,NORTHWIND,NW57685D,SP-FLT,13.13,EA,,2019-05-11,2020-06-27
00109943,COND 2.5 TON 16 SEER LUME,BLUEPEAK,BP-12541-K,EQ-CND,3792.15,EA,,2024-08-31,2024-10-02
00111215,COND 4 TON 15 SEER DELT,RIDGEWAY AIR,RW/89071/G,EQ-CND,3604.18,EA,,2020-05-04,2022-04-24
00104292,REFRIG R-22 20 LB CYLINDER STER,HELIOTEMP,ht 82563 g,SP-REF,379.87,EA,,2024-04-02,2026-05-18
00103530,FURN 80K BTU 97% AFUE BEAC,RIDGEWAY AIR,RW-87760-K,EQ-FUR,2367.14,EA,,2022-07-17,2023-11-27
00100619,CONTR 3 POLE 30 AMP 120V COIL PION,HELIOTEMP,HT/53362/B,PT-CON,40.92,EA,,2020-12-24,2021-02-04
00101065,LINESET 3/8 X 3/4 25 FT GRAN,NORTHWIND COMFORT,NW84961C,SP-LIN,112.01,EA,,2024-08-09,2025-07-22
00102606,FURN 120K BTU 96% AFUE MERI,ARCTICLINE,AL96667E,EQ-FUR,1094.84,EA,,2020-08-11,2021-03-06
00101449,FURN 100K BTU 92% AFUE CASC,CORVANE,CV-64197-E,EQ-FUR,1477.21,EA,,2024-06-07,2024-12-06
00100906,HP 5 TON 18 SEER MERI,THERMAXIS,TX55409C,EQ-HTP,1763.35,EA,,2023-07-07,2024-08-05
00110829,COMP SCROLL 42K BTU R-454B TRID,CORVANE,cv 31211 f,PT-CMP,797.67,EA,,2020-01-14,2020-05-28
00102199,SNSR CO2 10K LUME,RIDGEWAY,RW-43987-E,CT-SEN,109.56,EA,,2024-03-24,2025-02-15
00109113,AHU 4 TON UPFLOW LUME,RIDGEWAY,rw 24941 c,EQ-AHU,1396.40,EA,,2023-04-28,2023-08-10
00111232,TSTAT SMART WI-FI 3H/2C STER,CORVANE,CV-72981-E,CT-TST,106.34,EA,,2024-06-02,2026-07-10
00110150,FURN 60K BTU 80% AFUE DELT,THERMAXIS,TX-76741-F,EQ-FUR,2346.74,EA,,2024-02-26,2025-11-18
00107065,AHU 3 TON UPFLOW GRAN,CORVANE,CV-42101-D,EQ-AHU,1840.87,EA,,2021-04-18,2023-04-30
00108556,TSTAT SMART WI-FI 1H/1C SUMM,THERMAXIS,TX-10088-B,CT-TST,260.79,EA,,2019-12-26,2020-02-23
00103115,LINESET 1/4 X 3/8 50 FT FALC,ARCTICLINE,al 46259 b,SP-LIN,181.76,EA,,2023-11-19,2024-11-21
00100953,FURN 80K BTU 96% AFUE QUAR,HELIOTEMP,HT-72198-J,EQ-FUR,1725.52,EA,,2021-12-30,2023-11-24
00102338,FURN 40K BTU 97% AFUE SABL,BLUEPEAK,bp 47681 c,EQ-FUR,1906.46,EA,,2023-04-24,2024-03-17
00110107,AHU 3 TON MULTI-POSITION ZEPH,BLUEPEAK,BP/67943/E,EQ-AHU,883.15,EA,,2021-02-13,2021-06-03
00104064,MTR 3/4 HP 1075 RPM EMBE,NORTHWIND,NW/71634/B,PT-MTR,411.98,EA,,2022-10-16,2023-05-25
00110707,SNSR OUTDOOR TEMP 4-20MA TUND,HELIOTEMP,HT-75512-F,CT-SEN,52.71,EA,,2020-08-22,2021-09-02
00105929,COMP SCROLL 60K BTU R-410A KEYS,BLUEPEAK,bp 53794 g,PT-CMP,1463.91,EA,,2019-08-06,2020-08-21
00100172,FURN 40K BTU 92% AFUE ORIO,RIDGEWAY AIR,RW18732E,EQ-FUR,2275.96,EA,,2024-02-02,2026-05-02
00108384,MTR 1/4 HP 1075 RPM VECT,BLUEPEAK,BP/65791/F,PT-MTR,132.14,EA,,2019-09-28,2019-11-13
00105506,AHU 2.5 TON HORIZONTAL TRID,ARCTICLINE,AL/43334/D,EQ-AHU,1090.46,EA,X,2024-03-25,2024-10-20
00110423,HP 5 TON 16 SEER ZEPH,NORTHWIND COMFORT,nw 86536 g,EQ-HTP,1847.26,EA,,2023-01-29,2023-10-14
00106171,TSTAT NON-PROGRAMMABLE 3H/2C TUND,RIDGEWAY AIR,RW-18885-C,CT-TST,84.52,EA,,2020-05-15,2021-09-13
00110323,FLTR 20X20X2 MERV 13 SABL,BLUEPEAK,bp 48806 e,SP-FLT,35.55,EA,,2021-05-14,2022-11-09
00106333,AHU 5 TON MULTI-POSITION ORIO,ARCTICLINE,al 47355 e,EQ-AHU,2065.43,EA,,2020-07-29,2021-08-12
00111119,MTR 1/3 HP 825 RPM DELT,RIDGEWAY AIR,RW/42827/K,PT-MTR,87.23,EA,,2023-03-04,2024-01-30
00110454,MTR 3/4 HP 1075 RPM SUMM,HELIOTEMP,HT57172J,PT-MTR,79.57,EA,,2024-05-09,2026-05-07
00103126,COND 5 TON 15 SEER LUME,ARCTICLINE,AL-99069-E,EQ-CND,1031.53,EA,,2020-06-21,2021-08-19
00103667,HP 1.5 TON 14 SEER MESA,BLUEPEAK,BP/82451/D,EQ-HTP,2927.72,EA,,2019-10-16,2021-09-21
00105493,COMP SCROLL 18K BTU R-454B VECT,BLUEPEAK,BP-78039-K,PT-CMP,556.08,EA,,2019-06-24,2019-07-30
00107034,AHU 5 TON MULTI-POSITION CASC,BLUEPEAK,BP/65103/J,EQ-AHU,1248.46,EA,,2019-04-30,2020-06-04
00101110,TSTAT PROGRAMMABLE 1H/1C CASC,NORTHWIND COMFORT,NW/43536/F,CT-TST,41.35,EA,,2019-04-24,2020-08-17
00109465,MTR 1/6 HP 1075 RPM JUNI,ARCTICLINE,AL-14286-E,PT-MTR,147.30,EA,,2022-12-13,2024-02-26
00108799,CAP 55/7.5 MFD 440V SABL,HELIOTEMP,ht 82603 f,PT-CAP,28.10,EA,,2024-06-17,2024-12-09
00107493,COMP SCROLL 24K BTU R-410A MESA,HELIOTEMP,ht 93996 j,PT-CMP,1532.13,EA,,2021-07-19,2021-07-21
00103684,LINESET 1/4 X 3/8 35 FT ZEPH,NORTHWIND,NW-69818-K,SP-LIN,126.79,EA,,2022-01-30,2024-02-21
00105570,FLTR 20X20X4 MERV 13 GRAN,THERMAXIS,TX84464A,SP-FLT,31.21,EA,,2022-11-02,2025-04-07
00107577,AHU 2 TON UPFLOW MESA,HELIOTEMP,HT-87871-H,EQ-AHU,2013.94,EA,,2022-02-18,2022-05-27
00105287,SNSR DUCT TEMP 4-20MA BEAC,BLUEPEAK,BP-90136-E,CT-SEN,22.79,EA,,2023-07-01,2024-08-02
00104670,CAP 60/10 MFD 440V PION,BLUEPEAK,BP83449J,PT-CAP,59.83,EA,X,2020-10-26,2020-12-16
00107032,REFRIG R-32 20 LB CYLINDER TRID,CORVANE,CV-75887-F,SP-REF,245.17,EA,,2023-12-12,2024-06-24
00105014,SNSR HUMIDITY 10K STER,CORVANE,cv 77314 d,CT-SEN,87.89,EA,,2022-12-09,2024-03-25
00101378,REFRIG R-410A 20 LB CYLINDER LUME,RIDGEWAY,rw 57542 f,SP-REF,207.01,EA,,2019-11-04,2021-12-13
00106607,COMP SCROLL 60K BTU R-410A HARB,NORTHWIND,NW-39909-H,PT-CMP,1304.44,EA,,2019-02-15,2021-05-03
00105331,TSTAT NON-PROGRAMMABLE 3H/2C FALC,RIDGEWAY AIR,RW-94469-B,CT-TST,239.93,EA,,2021-07-22,2022-09-22
00110011,CAP 40/5 MFD 440V ATLA,HELIOTEMP,HT-79849-D,PT-CAP,56.47,EA,,2022-08-06,2024-07-09
00100102,CAP 45/5 MFD 440V MERI,BLUEPEAK,bp 93419 d,PT-CAP,39.32,EA,,2021-03-10,2022-01-20
00103608,FLTR 16X25X2 MERV 13 GRAN,NORTHWIND,NW-42127-J,SP-FLT,22.40,EA,,2020-04-29,2020-08-02
00103706,FLTR 20X25X4 MERV 11 APEX,CORVANE,CV34631G,SP-FLT,38.09,EA,,2024-09-29,2025-02-01
00100823,HP 4 TON 16 SEER STER,RIDGEWAY,rw 70722 a,EQ-HTP,1566.73,EA,,2023-07-16,2023-10-18
00103166,SNSR HUMIDITY 20K QUAR,BLUEPEAK,BP/93102/D,CT-SEN,67.93,EA,X,2020-12-17,2021-04-07
00101524,FURN 80K BTU 92% AFUE GRAN,RIDGEWAY,RW-55306-B,EQ-FUR,1450.42,EA,,2023-06-01,2025-02-03
00105747,MTR 1 HP 825 RPM FALC,ARCTICLINE,AL31028G,PT-MTR,221.10,EA,,2019-08-17,2020-10-16
00111050,CONTR 3 POLE 30 AMP 24V COIL TRID,RIDGEWAY AIR,RW-49811-K,PT-CON,59.68,EA,,2020-03-22,2022-04-28
00106147,FURN 40K BTU 96% AFUE JUNI,ARCTICLINE,al 52795 h,EQ-FUR,2271.37,EA,X,2021-02-05,2022-08-03
00102426,COND 4 TON 16 SEER EMBE,RIDGEWAY AIR,RW-78024-G,EQ-CND,3077.56,EA,,2023-04-23,2025-03-23
00100836,CONTR 2 POLE 30 AMP 240V COIL BEAC,HELIOTEMP,HT63653J,PT-CON,58.56,EA,,2021-01-19,2021-01-20
00108231,LINESET 3/8 X 7/8 50 FT DELT,BLUEPEAK,BP-27055-F,SP-LIN,136.80,EA,,2021-06-17,2023-09-20
00108634,LINESET 3/8 X 3/4 15 FT MESA,ARCTICLINE,al 47375 g,SP-LIN,104.63,EA,,2021-09-05,2022-09-13
00108342,FURN 100K BTU 97% AFUE JUNI,NORTHWIND,NW/60132/B,EQ-FUR,1961.41,EA,,2020-04-08,2020-10-16
00103675,TSTAT NON-PROGRAMMABLE 3H/2C HARB,BLUEPEAK,bp 63506 e,CT-TST,195.77,EA,,2020-04-03,2021-03-20
00102124,FLTR 16X25X2 MERV 13 TUND,CORVANE,CV/56251/B,SP-FLT,16.99,EA,,2020-11-02,2021-07-12
00107222,MTR 1/6 HP 1075 RPM QUAR,HELIOTEMP,HT/83959/C,PT-MTR,349.87,EA,,2022-08-21,2024-11-28
00104850,SNSR CO2 4-20MA VECT,NORTHWIND,NW23531B,CT-SEN,33.10,EA,,2022-04-09,2022-08-17
00103335,TSTAT SMART WI-FI 2H/2C FALC,ARCTICLINE,AL-67573-E,CT-TST,141.64,EA,,2022-07-10,2024-10-21
00108142,COND 3.5 TON 18 SEER HARB,NORTHWIND,NW/71835/C,EQ-CND,1797.08,EA,X,2022-01-23,2023-05-24
00103314,CONTR 3 POLE 30 AMP 24V COIL QUAR,CORVANE,CV/79707/E,PT-CON,31.33,EA,,2024-01-01,2026-06-15
00110412,AHU 3.5 TON HORIZONTAL SUMM,BLUEPEAK,BP/98162/H,EQ-AHU,1538.94,EA,,2022-11-18,2023-03-20
00105933,COMP SCROLL 42K BTU R-454B STER,BLUEPEAK,bp 10347 b,PT-CMP,1151.63,EA,,2024-02-07,2024-03-24
00107989,MTR 1 HP 1075 RPM TRID,CORVANE,CV-36537-E,PT-MTR,86.96,EA,,2023-10-23,2023-11-27
00106876,COND 4 TON 20 SEER VECT,ARCTICLINE,AL-60660-A,EQ-CND,1580.39,EA,,2023-12-13,2024-11-04
00106485,CONTR 3 POLE 30 AMP 24V COIL VECT,BLUEPEAK,BP-75876-H,PT-CON,32.78,EA,,2019-04-02,2019-10-16
00105896,TSTAT SMART WI-FI 3H/2C VECT,THERMAXIS,TX-80264-B,CT-TST,298.32,EA,,2019-11-20,2020-02-18
00110819,LINESET 3/8 X 7/8 25 FT DELT,CORVANE,CV-29941-G,SP-LIN,90.37,EA,,2019-10-29,2019-12-26
00101451,CONTR 3 POLE 30 AMP 120V COIL PION,ARCTICLINE,AL-35060-H,PT-CON,30.89,EA,,2021-08-29,2023-05-22
00100351,FURN 60K BTU 92% AFUE CASC,THERMAXIS,TX-78467-B,EQ-FUR,2443.09,EA,,2024-02-17,2026-02-16
00108004,FLTR 20X20X4 MERV 13 JUNI,NORTHWIND COMFORT,NW30744K,SP-FLT,15.89,EA,,2022-06-10,2023-06-16
00105730,LINESET 3/8 X 3/4 25 FT FALC,CORVANE,CV-50708-D,SP-LIN,114.75,EA,X,2019-06-02,2019-11-10
00108855,FLTR 16X25X1 MERV 13 PION,CORVANE,CV-66371-K,SP-FLT,5.45,EA,,2022-06-29,2022-08-19
00100606,SNSR OUTDOOR TEMP 4-20MA ORIO,NORTHWIND COMFORT,NW-16366-F,CT-SEN,116.96,EA,,2024-01-30,2025-01-11
00101644,FURN 60K BTU 97% AFUE TUND,HELIOTEMP,ht 21495 k,EQ-FUR,2573.58,EA,,2021-04-05,2022-03-28
00105337,SNSR DUCT TEMP 10K LUME,RIDGEWAY,RW42719D,CT-SEN,18.68,EA,,2019-11-29,2022-01-09
00102047,CAP 55/3 MFD 440V SUMM,RIDGEWAY AIR,RW-84046-F,PT-CAP,10.07,EA,,2021-06-18,2023-05-07
00109969,AHU 2.5 TON UPFLOW TUND,THERMAXIS,TX-52867-G,EQ-AHU,989.70,EA,,2020-08-25,2022-01-05
00103479,LINESET 3/8 X 3/4 15 FT CASC,ARCTICLINE,AL69496J,SP-LIN,109.92,EA,,2021-01-17,2021-10-01
00109948,CONTR 2 POLE 30 AMP 240V COIL DELT,BLUEPEAK,BP-85408-A,PT-CON,53.80,EA,,2021-06-02,2021-10-24
00110636,MTR 3/4 HP 1075 RPM VECT,RIDGEWAY AIR,rw 93343 g,PT-MTR,171.49,EA,,2024-05-07,2025-05-04
00110250,AHU 2.5 TON MULTI-POSITION HARB,HELIOTEMP,ht 81887 j,EQ-AHU,899.46,EA,,2021-04-26,2023-04-14
00109325,LINESET 1/4 X 3/8 15 FT FALC,RIDGEWAY,RW-26632-D,SP-LIN,232.97,EA,,2024-09-04,2024-09-29
00110259,TSTAT SMART WI-FI 2H/2C ZEPH,BLUEPEAK,bp 25955 b,CT-TST,106.77,EA,,2019-07-24,2020-11-17
00100864,CONTR 1 POLE 30 AMP 24V COIL KEYS,HELIOTEMP,HT-64864-G,PT-CON,53.25,EA,,2022-12-13,2024-07-07
00100194,HP 2.5 TON 15 SEER CASC,RIDGEWAY AIR,rw 93358 c,EQ-HTP,2437.54,EA,,2022-11-24,2025-05-07
00100700,COND 4 TON 15 SEER ZEPH,THERMAXIS,TX-84755-E,EQ-CND,3213.76,EA,,2023-05-23,2024-05-18
00110456,MTR 1/4 HP 1625 RPM VECT,HELIOTEMP,HT-77033-H,PT-MTR,149.11,EA,,2022-12-04,2024-07-17
00105813,CONTR 2 POLE 30 AMP 24V COIL MERI,NORTHWIND COMFORT,NW77454F,PT-CON,56.84,EA,,2019-12-11,2022-04-09
00106562,REFRIG R-454B 10 LB CYLINDER TUND,CORVANE,CV62796E,SP-REF,373.75,EA,,2024-05-25,2026-05-25
00101206,AHU 3 TON MULTI-POSITION APEX,NORTHWIND,NW/31428/F,EQ-AHU,1611.08,EA,,2019-01-20,2020-03-02
00111131,FLTR 20X25X1 MERV 8 TRID,THERMAXIS,TX/13571/B,SP-FLT,34.80,EA,,2022-06-08,2024-06-28
00101098,LINESET 3/8 X 7/8 25 FT BEAC,NORTHWIND,NW44288E,SP-LIN,142.16,EA,,2024-01-05,2025-05-28
00104410,TSTAT PROGRAMMABLE 1H/1C BEAC,ARCTICLINE,al 45536 f,CT-TST,234.97,EA,,2020-03-31,2021-08-22
00102953,CONTR 3 POLE 40 AMP 120V COIL PION,NORTHWIND COMFORT,nw 50637 c,PT-CON,56.42,EA,,2023-12-30,2024-04-04
00104905,HP 3.5 TON 16 SEER TRID,RIDGEWAY,RW65100E,EQ-HTP,3352.79,EA,X,2021-07-24,2023-05-07
00109582,CONTR 3 POLE 40 AMP 24V COIL APEX,ARCTICLINE,al 98792 d,PT-CON,13.74,EA,,2022-06-26,2023-06-25
00100941,COMP SCROLL 60K BTU R-410A BEAC,BLUEPEAK,BP/14442/D,PT-CMP,1278.05,EA,,2020-06-03,2022-01-01
00108003,FLTR 16X20X2 MERV 8 CASC,THERMAXIS,TX-74180-E,SP-FLT,33.31,EA,,2024-04-11,2025-05-23
00110886,CONTR 3 POLE 40 AMP 24V COIL JUNI,RIDGEWAY,RW-75543-C,PT-CON,46.76,EA,,2021-09-02,2022-07-08
00105686,LINESET 1/4 X 3/8 35 FT QUAR,HELIOTEMP,HT-74695-K,SP-LIN,188.41,EA,,2021-02-04,2022-04-15
00110857,HP 2 TON 20 SEER ATLA,NORTHWIND COMFORT,NW/66372/F,EQ-HTP,1263.02,EA,,2020-08-30,2021-10-11
00104804,FURN 80K BTU 96% AFUE MERI,ARCTICLINE,al 37449 b,EQ-FUR,895.80,EA,,2022-10-09,2023-04-17
00106206,TSTAT NON-PROGRAMMABLE 1H/1C JUNI,BLUEPEAK,bp 99491 e,CT-TST,170.87,EA,,2021-09-06,2022-03-04
00105077,COMP SCROLL 24K BTU R-454B GRAN,THERMAXIS,TX20855D,PT-CMP,519.99,EA,,2019-11-04,2022-02-11
00110053,CAP 55/7.5 MFD 370V QUAR,ARCTICLINE,AL-50959-D,PT-CAP,30.75,EA,,2022-06-12,2023-03-14
00104149,COND 3.5 TON 15 SEER PION,NORTHWIND,nw 53795 b,EQ-CND,2931.60,EA,,2023-12-11,2025-01-15
00107505,SNSR CO2 4-20MA PION,CORVANE,CV/46822/H,CT-SEN,27.36,EA,,2019-11-09,2021-03-15
00109787,SNSR OUTDOOR TEMP 20K APEX,CORVANE,CV-11344-H,CT-SEN,103.66,EA,,2023-04-08,2023-07-22
00107931,FLTR 20X25X4 MERV 11 LUME,THERMAXIS,TX-62284-B,SP-FLT,14.32,EA,,2022-10-04,2025-03-16
00108542,HP 4 TON 20 SEER GRAN,HELIOTEMP,ht 98125 j,EQ-HTP,2790.47,EA,,2020-09-29,2023-02-01
00106736,MTR 3/4 HP 1075 RPM SABL,RIDGEWAY AIR,rw 53577 d,PT-MTR,298.49,EA,,2020-03-23,2021-03-21
00108932,CONTR 2 POLE 50 AMP 24V COIL DELT,CORVANE,CV-17911-B,PT-CON,12.92,EA,,2020-10-03,2023-03-05
00101268,CONTR 1 POLE 40 AMP 240V COIL JUNI,THERMAXIS,TX29218F,PT-CON,28.90,EA,,2023-09-26,2026-02-05
00110445,TSTAT SMART WI-FI 2H/2C ATLA,ARCTICLINE,AL-46347-F,CT-TST,88.28,EA,,2021-03-06,2022-10-19
00107702,REFRIG R-22 10 LB CYLINDER ATLA,RIDGEWAY AIR,RW/53994/C,SP-REF,128.92,EA,,2021-12-31,2023-02-10
00107540,SNSR OUTDOOR TEMP 4-20MA VECT,ARCTICLINE,al 37478 c,CT-SEN,102.60,EA,,2023-04-09,2024-08-03
00104612,MTR 1/3 HP 1075 RPM PION,CORVANE,CV/29259/A,PT-MTR,257.69,EA,,2022-06-18,2023-08-07
00106806,MTR 1/4 HP 825 RPM BEAC,BLUEPEAK,BP/71013/K,PT-MTR,399.29,EA,,2020-05-06,2022-05-04
00100519,FURN 100K BTU 92% AFUE KEYS,ARCTICLINE,AL-49533-C,EQ-FUR,2365.60,EA,X,2019-06-28,2021-05-06
00109834,LINESET 3/8 X 7/8 35 FT GRAN,HELIOTEMP,HT89118K,SP-LIN,179.23,EA,,2023-10-31,2025-09-21
00108920,HP 3 TON 20 SEER PION,HELIOTEMP,HT-83730-J,EQ-HTP,3392.78,EA,,2022-02-19,2022-03-13
00110363,HP 5 TON 20 SEER MESA,NORTHWIND,NW-61159-F,EQ-HTP,2548.58,EA,,2022-07-06,2023-09-05
00103271,HP 4 TON 14 SEER ORIO,BLUEPEAK,BP-60126-J,EQ-HTP,3152.73,EA,,2022-03-29,2022-10-01
00100332,LINESET 1/4 X 3/8 25 FT PION,HELIOTEMP,HT22137E,SP-LIN,242.15,EA,,2023-04-25,2024-01-21
00109506,COND 3 TON 14 SEER MERI,THERMAXIS,TX/20556/F,EQ-CND,1558.08,EA,,2023-05-29,2023-12-20
00102211,CONTR 1 POLE 30 AMP 240V COIL KEYS,THERMAXIS,tx 98071 f,PT-CON,57.60,EA,X,2023-10-14,2025-03-16
00104199,TSTAT SMART WI-FI 3H/2C STER,RIDGEWAY AIR,RW18556F,CT-TST,269.61,EA,,2019-03-19,2020-07-20
00101398,COND 1.5 TON 15 SEER QUAR,BLUEPEAK,BP/32963/H,EQ-CND,3173.57,EA,,2021-12-25,2022-01-30
00107226,AHU 2 TON UPFLOW EMBE,ARCTICLINE,AL74047K,EQ-AHU,1562.86,EA,,2023-03-22,2023-07-15
00107560,HP 3.5 TON 18 SEER TRID,BLUEPEAK,BP-20098-K,EQ-HTP,3832.22,EA,,2023-09-14,2025-08-09
00103862,CONTR 1 POLE 30 AMP 24V COIL MERI,HELIOTEMP,HT/10878/B,PT-CON,77.05,EA,,2023-07-02,2025-03-28
00103792,SNSR OUTDOOR TEMP 20K QUAR,BLUEPEAK,bp 70289 j,CT-SEN,83.14,EA,,2020-08-22,2022-12-11
00107023,AHU 2 TON HORIZONTAL SABL,ARCTICLINE,al 42250 a,EQ-AHU,906.14,EA,,2022-09-07,2022-12-30
00109417,TSTAT PROGRAMMABLE 2H/2C JUNI,BLUEPEAK,BP98484F,CT-TST,145.37,EA,,2021-01-06,2021-06-27
00108695,FURN 120K BTU 97% AFUE APEX,NORTHWIND COMFORT,NW/49052/A,EQ-FUR,1693.29,EA,,2020-12-29,2022-08-26
00101181,SNSR DUCT TEMP 10K CASC,BLUEPEAK,BP-88728-B,CT-SEN,101.50,EA,,2024-07-22,2025-08-02
00104977,CAP 35/3 MFD 440V EMBE,BLUEPEAK,BP19939D,PT-CAP,54.31,EA,,2023-01-30,2024-09-12
00109344,SNSR DUCT TEMP 10K LUME,THERMAXIS,tx 22415 a,CT-SEN,79.71,EA,,2019-04-21,2020-08-15
00105497,LINESET 1/4 X 3/8 25 FT ATLA,HELIOTEMP,HT21522E,SP-LIN,190.34,EA,,2023-08-11,2024-07-27
00102485,REFRIG R-410A 10 LB CYLINDER KEYS,ARCTICLINE,AL/13894/J,SP-REF,316.37,EA,,2019-12-17,2020-02-21
00105604,REFRIG R-32 10 LB CYLINDER TRID,NORTHWIND COMFORT,NW-98836-A,SP-REF,95.59,EA,,2023-11-21,2025-02-16
00109857,FLTR 16X25X1 MERV 11 HARB,RIDGEWAY AIR,RW-88391-E,SP-FLT,32.28,EA,,2019-07-12,2021-03-11
00101593,COMP SCROLL 48K BTU R-410A SUMM,ARCTICLINE,AL31556G,PT-CMP,721.82,EA,,2023-12-21,2024-04-22
00104226,HP 2.5 TON 15 SEER KEYS,RIDGEWAY,RW-26846-F,EQ-HTP,4256.04,EA,,2024-03-02,2025-04-13
00101798,REFRIG R-32 25 LB CYLINDER MERI,NORTHWIND COMFORT,NW29571C,SP-REF,379.76,EA,,2020-10-25,2021-03-15
00102146,CONTR 1 POLE 30 AMP 24V COIL JUNI,HELIOTEMP,HT-80096-J,PT-CON,29.65,EA,,2020-01-25,2021-07-20
00105268,COMP SCROLL 42K BTU R-454B ORIO,ARCTICLINE,AL52750H,PT-CMP,510.35,EA,,2023-12-26,2024-03-29
00110231,LINESET 1/4 X 3/8 15 FT ATLA,ARCTICLINE,al 24924 a,SP-LIN,200.87,EA,,2022-09-09,2023-11-16
00109876,CONTR 1 POLE 50 AMP 24V COIL BEAC,THERMAXIS,TX40896A,PT-CON,61.99,EA,,2021-03-24,2021-06-09
00108533,MTR 1/2 HP 825 RPM MERI,THERMAXIS,TX-37399-E,PT-MTR,168.46,EA,X,2021-10-01,2023-03-16
00110036,HP 5 TON 20 SEER CASC,BLUEPEAK,BP/18200/F,EQ-HTP,2728.44,EA,,2022-10-12,2024-12-28
00102752,SNSR HUMIDITY 10K ZEPH,RIDGEWAY,RW-73137-A,CT-SEN,83.01,EA,,2020-10-21,2022-05-22
00110159,FURN 60K BTU 80% AFUE DELT,THERMAXIS,TX-76741-F,EQ-FUR,2318.12,EA,,2024-04-27,2025-01-03
00111092,AHU 3.5 TON MULTI-POSITION DELT,ARCTICLINE,AL66738F,EQ-AHU,1587.05,EA,,2023-10-26,2025-01-22
00101169,MTR 1/3 HP 1075 RPM EMBE,ARCTICLINE,AL-44278-D,PT-MTR,433.97,EA,,2020-02-04,2021-10-26
00107627,FLTR 16X20X1 MERV 11 CASC,HELIOTEMP,ht 15944 f,SP-FLT,34.91,EA,,2019-01-29,2021-05-19
00109096,FURN 100K BTU 96% AFUE KEYS,THERMAXIS,TX47171D,EQ-FUR,805.59,EA,,2019-09-03,2021-02-21
00108181,CONTR 2 POLE 30 AMP 24V COIL QUAR,NORTHWIND COMFORT,NW-48770-H,PT-CON,45.30,EA,,2020-11-21,2022-01-10
00109653,LINESET 1/4 X 3/8 50 FT MERI,THERMAXIS,tx 44970 g,SP-LIN,138.27,EA,,2020-11-10,2021-06-13
00111177,MTR 1/3 HP 825 RPM PION,THERMAXIS,TX-24632-E,PT-MTR,304.18,EA,,2023-05-10,2023-11-08
00104136,COND 3 TON 18 SEER VECT,NORTHWIND,NW96025D,EQ-CND,3136.66,EA,,2022-05-20,2023-01-29
00100123,AHU 2.5 TON MULTI-POSITION MERI,RIDGEWAY,RW/29811/K,EQ-AHU,2134.05,EA,,2020-08-21,2020-09-07
00110223,COND 3 TON 14 SEER TUND,BLUEPEAK,BP-77639-E,EQ-CND,1106.42,EA,,2021-11-22,2022-10-16
00105210,REFRIG R-22 25 LB CYLINDER BEAC,RIDGEWAY,RW/76604/J,SP-REF,294.77,EA,,2019-10-25,2021-10-31
00107157,AHU 3.5 TON UPFLOW CASC,RIDGEWAY AIR,RW-66461-G,EQ-AHU,994.96,EA,,2022-11-26,2024-08-26
00103417,TSTAT NON-PROGRAMMABLE 2H/2C PION,HELIOTEMP,HT32180B,CT-TST,161.41,EA,,2024-07-15,2026-07-03
00103454,REFRIG R-22 10 LB CYLINDER FALC,BLUEPEAK,BP-27662-E,SP-REF,195.10,EA,,2021-04-03,2022-11-30
00101172,MTR 1/4 HP 825 RPM ZEPH,CORVANE,CV-48472-C,PT-MTR,454.81,EA,,2019-03-07,2019-11-17
00100183,COND 4 TON 20 SEER SUMM,ARCTICLINE,AL82227D,EQ-CND,2436.78,EA,,2021-10-03,2022-03-30
00108152,REFRIG R-454B 25 LB CYLINDER TUND,RIDGEWAY AIR,RW-64179-J,SP-REF,345.03,EA,,2020-10-10,2022-07-27
00107532,CAP 35/5 MFD 440V MESA,RIDGEWAY,RW-34410-J,PT-CAP,13.14,EA,,2019-08-10,2020-04-20
00103452,FLTR 16X25X4 MERV 13 STER,THERMAXIS,TX-32497-J,SP-FLT,36.94,EA,,2022-04-04,2023-01-05
00100433,HP 3 TON 18 SEER HARB,ARCTICLINE,al 60661 e,EQ-HTP,4088.56,EA,X,2025-03-31,2026-08-04
00106450,SNSR DUCT TEMP 4-20MA VECT,CORVANE,cv 39682 f,CT-SEN,61.92,EA,,2021-02-20,2022-04-16
00110292,LINESET 3/8 X 7/8 50 FT HARB,HELIOTEMP,HT-43767-G,SP-LIN,257.47,EA,,2022-12-25,2024-11-18
00106542,SNSR HUMIDITY 4-20MA STER,ARCTICLINE,AL84816H,CT-SEN,89.19,EA,,2022-10-18,2024-12-08
00106364,AHU 4 TON UPFLOW TUND,CORVANE,CV-87750-E,EQ-AHU,1983.82,EA,,2023-08-06,2025-09-14
00102887,FLTR 16X25X4 MERV 8 ZEPH,ARCTICLINE,al 32468 c,SP-FLT,33.87,EA,,2021-11-03,2023-09-08
00104665,HP 2 TON 18 SEER MERI,NORTHWIND COMFORT,nw 20092 h,EQ-HTP,2266.69,EA,X,2022-07-31,2022-10-19
00107094,FLTR 20X25X1 MERV 8 KEYS,THERMAXIS,tx 10305 g,SP-FLT,36.14,EA,,2023-06-05,2024-05-01
00104430,REFRIG R-32 20 LB CYLINDER LUME,CORVANE,cv 75781 b,SP-REF,94.98,EA,,2021-06-02,2023-04-22
00106180,REFRIG R-32 10 LB CYLINDER CASC,RIDGEWAY AIR,rw 69438 j,SP-REF,124.24,EA,,2022-11-12,2024-06-15
00109743,TSTAT PROGRAMMABLE 2H/2C LUME,HELIOTEMP,HT49920J,CT-TST,262.82,EA,,2020-11-04,2022-11-09
00103344,CONTR 1 POLE 30 AMP 120V COIL ZEPH,ARCTICLINE,AL-76746-B,PT-CON,19.54,EA,,2022-01-17,2022-02-21
00104433,REFRIG R-32 25 LB CYLINDER ORIO,CORVANE,CV/80116/A,SP-REF,111.55,EA,,2021-12-16,2023-01-01
00107814,CONTR 1 POLE 40 AMP 120V COIL JUNI,BLUEPEAK,BP-74043-E,PT-CON,57.66,EA,,2019-03-12,2020-06-29
00105349,TSTAT SMART WI-FI 2H/2C EMBE,BLUEPEAK,BP/37725/B,CT-TST,68.52,EA,,2019-06-08,2021-01-09
00106000,FURN 60K BTU 97% AFUE DELT,NORTHWIND COMFORT,NW/55183/H,EQ-FUR,2422.75,EA,,2019-12-01,2022-01-29
00107379,REFRIG R-410A 10 LB CYLINDER ORIO,NORTHWIND,NW75247F,SP-REF,300.23,EA,,2023-07-01,2025-02-14
00104946,CONTR 3 POLE 40 AMP 24V COIL JUNI,CORVANE,CV/16939/F,PT-CON,17.29,EA,,2020-08-22,2022-05-14
00111237,CONTR 3 POLE 40 AMP 120V COIL GRAN,THERMAXIS,TX69433K,PT-CON,36.14,EA,,2019-07-27,2020-04-11
00108275,HP 3.5 TON 18 SEER ZEPH,RIDGEWAY,RW-32743-C,EQ-HTP,2717.01,EA,,2019-02-14,2021-03-05
00105348,MTR 1 HP 825 RPM ATLA,BLUEPEAK,BP/14954/B,PT-MTR,274.52,EA,,2020-05-31,2022-07-01
00104863,COMP SCROLL 36K BTU R-454B GRAN,ARCTICLINE,AL10282F,PT-CMP,830.95,EA,,2021-03-21,2023-07-25
00101023,FURN 100K BTU 80% AFUE FALC,NORTHWIND COMFORT,NW/46103/K,EQ-FUR,1187.19,EA,,2021-02-06,2021-10-15
00106182,COND 5 TON 16 SEER FALC,CORVANE,CV81485G,EQ-CND,2381.39,EA,,2024-07-11,2026-08-15
00110866,CONTR 1 POLE 40 AMP 240V COIL DELT,HELIOTEMP,HT-53956-A,PT-CON,37.49,EA,,2023-04-08,2024-09-17
00109961,FURN 40K BTU 80% AFUE DELT,ARCTICLINE,al 18686 j,EQ-FUR,1157.59,EA,,2023-12-16,2025-02-24
00108126,CAP 35/7.5 MFD 440V SABL,ARCTICLINE,AL77004K,PT-CAP,13.83,EA,,2019-05-08,2021-03-12
00105794,TSTAT NON-PROGRAMMABLE 2H/2C HARB,CORVANE,cv 68703 j,CT-TST,39.37,EA,,2019-03-07,2020-04-06
00109716,HP 1.5 TON 20 SEER EMBE,THERMAXIS,TX81497H,EQ-HTP,2391.47,EA,,2024-08-02,2024-10-10
00102532,COND 3.5 TON 16 SEER MERI,THERMAXIS,TX-67899-E,EQ-CND,2941.88,EA,,2022-04-26,2024-06-23
00100081,COND 2 TON 20 SEER APEX,ARCTICLINE,AL-23299-F,EQ-CND,2769.50,EA,X,2019-10-16,2021-07-02
00106078,COND 3 TON 20 SEER SABL,BLUEPEAK,BP-79940-H,EQ-CND,1039.08,EA,,2021-09-22,2021-12-03
00110396,CAP 60/3 MFD 440V KEYS,RIDGEWAY AIR,RW-44612-J,PT-CAP,50.50,EA,,2021-10-10,2021-11-13
00108016,CONTR 2 POLE 40 AMP 240V COIL SUMM,THERMAXIS,TX/81222/K,PT-CON,76.12,EA,,2019-02-01,2019-05-11
00101126,SNSR OUTDOOR TEMP 20K FALC,NORTHWIND,nw 35572 a,CT-SEN,27.20,EA,,2021-06-22,2022-04-24
00100644,AHU 2.5 TON HORIZONTAL SUMM,NORTHWIND COMFORT,NW-29570-H,EQ-AHU,775.20,EA,,2020-08-15,2021-03-19
00108260,COMP SCROLL 42K BTU R-410A KEYS,ARCTICLINE,al 49084 f,PT-CMP,1144.00,EA,,2024-05-26,2025-08-01
00107521,COMP SCROLL 18K BTU R-410A ATLA,THERMAXIS,TX11384J,PT-CMP,1422.57,EA,,2019-11-06,2020-06-18
00107478,FLTR 20X20X2 MERV 13 EMBE,THERMAXIS,TX44827B,SP-FLT,29.75,EA,,2023-09-12,2025-06-09
00108106,FLTR 16X20X4 MERV 8 STER,NORTHWIND,NW/87877/J,SP-FLT,17.76,EA,,2024-06-16,2025-06-22
00105547,TSTAT NON-PROGRAMMABLE 3H/2C ATLA,RIDGEWAY,RW28386H,CT-TST,273.52,EA,,2023-11-15,2025-09-15
00101659,FLTR 20X20X2 MERV 8 CASC,ARCTICLINE,AL68558A,SP-FLT,34.67,EA,,2023-12-07,2024-01-06
00100164,CAP 45/3 MFD 370V VECT,RIDGEWAY AIR,RW/65747/B,PT-CAP,21.44,EA,,2019-03-10,2021-02-25
00105223,AHU 4 TON HORIZONTAL LUME,BLUEPEAK,bp 62459 k,EQ-AHU,1456.72,EA,,2024-09-11,2026-12-03
00107076,REFRIG R-410A 10 LB CYLINDER HARB,NORTHWIND,NW35761B,SP-REF,400.97,EA,,2024-02-20,2025-05-15
00106279,COMP SCROLL 24K BTU R-410A EMBE,RIDGEWAY,RW/90549/G,PT-CMP,499.87,EA,,2021-06-12,2023-08-09
00108732,COND 3 TON 18 SEER TRID,ARCTICLINE,AL/46528/E,EQ-CND,1683.35,EA,,2022-07-19,2024-04-02
00111021,HP 4 TON 20 SEER TUND,RIDGEWAY AIR,RW90045E,EQ-HTP,2142.66,EA,,2023-02-06,2025-02-02
00110898,FLTR 20X25X1 MERV 8 LUME,NORTHWIND COMFORT,NW-66527-A,SP-FLT,20.43,EA,,2022-09-25,2024-12-07
00109389,COND 3 TON 14 SEER MERI,NORTHWIND,NW-48707-A,EQ-CND,3559.84,EA,,2024-03-08,2026-01-04
00102912,CAP 35/3 MFD 440V APEX,RIDGEWAY,rw 68475 g,PT-CAP,8.66,EA,,2021-07-19,2023-12-01
00101670,FLTR 20X25X1 MERV 13 QUAR,THERMAXIS,TX-42802-J,SP-FLT,38.88,EA,,2022-01-05,2022-12-07
00110784,HP 3.5 TON 14 SEER TUND,BLUEPEAK,BP/20503/G,EQ-HTP,4095.06,EA,,2020-05-02,2022-02-22
00102369,FLTR 20X20X4 MERV 13 ATLA,HELIOTEMP,ht 40184 d,SP-FLT,24.18,EA,,2021-05-05,2023-06-10
00105626,COMP SCROLL 30K BTU R-410A BEAC,BLUEPEAK,BP71500D,PT-CMP,1481.54,EA,,2023-06-29,2023-09-21
00104262,FLTR 20X20X4 MERV 8 PION,CORVANE,CV36066K,SP-FLT,26.35,EA,,2022-08-19,2023-02-19
00100917,COMP SCROLL 18K BTU R-410A QUAR,RIDGEWAY,RW44667G,PT-CMP,665.35,EA,,2020-07-24,2021-07-11
00107801,AHU 3 TON HORIZONTAL TUND,HELIOTEMP,HT-58259-A,EQ-AHU,1973.65,EA,,2022-08-29,2022-12-23
00108042,CAP 35/5 MFD 440V VECT,BLUEPEAK,BP/62443/D,PT-CAP,23.29,EA,,2019-07-16,2020-03-05
00110393,TSTAT SMART WI-FI 1H/1C EMBE,RIDGEWAY AIR,RW-81511-B,CT-TST,100.99,EA,,2019-11-12,2021-07-27
00109143,FLTR 20X25X4 MERV 13 APEX,HELIOTEMP,HT/19910/J,SP-FLT,14.40,EA,,2021-11-19,2022-11-09
00107374,COMP SCROLL 24K BTU R-410A SUMM,RIDGEWAY AIR,RW-31079-H,PT-CMP,1335.77,EA,,2023-05-18,2024-10-02
00105280,TSTAT PROGRAMMABLE 3H/2C PION,NORTHWIND COMFORT,NW51931E,CT-TST,111.24,EA,,2019-09-30,2020-11-05
00109854,TSTAT NON-PROGRAMMABLE 2H/2C TUND,ARCTICLINE,al 77617 c,CT-TST,183.49,EA,,2019-05-09,2020-02-01
00100883,COMP SCROLL 60K BTU R-410A PION,THERMAXIS,TX45051G,PT-CMP,1198.29,EA,,2023-10-12,2025-09-02
00100266,MTR 1/6 HP 1625 RPM QUAR,CORVANE,CV38533H,PT-MTR,180.43,EA,,2022-03-15,2022-10-28
00109213,HP 3.5 TON 18 SEER LUME,NORTHWIND COMFORT,NW-61728-H,EQ-HTP,1112.54,EA,,2022-08-19,2023-05-05
00108702,CAP 45/5 MFD 440V SUMM,CORVANE,CV58110C,PT-CAP,26.17,EA,,2022-10-04,2024-11-26
00106096,COMP SCROLL 18K BTU R-410A PION,RIDGEWAY,RW-85261-B,PT-CMP,1162.27,EA,,2021-11-20,2024-01-20
00109486,FURN 100K BTU 80% AFUE QUAR,HELIOTEMP,HT-83444-K,EQ-FUR,1181.52,EA,X,2022-06-03,2023-03-13
00108148,CAP 35/7.5 MFD 440V LUME,HELIOTEMP,HT-34627-B,PT-CAP,34.16,EA,,2023-07-11,2024-09-22
00104032,MTR 3/4 HP 1625 RPM PION,CORVANE,CV/15569/F,PT-MTR,234.38,EA,,2021-12-09,2023-04-10
00100015,LINESET 1/4 X 3/8 15 FT HARB,ARCTICLINE,al 85642 k,SP-LIN,144.43,EA,,2021-06-24,2022-09-04
00109116,CAP 60/5 MFD 370V GRAN,NORTHWIND,NW81647C,PT-CAP,27.95,EA,,2024-07-28,2024-11-25
00102744,FURN 120K BTU 97% AFUE BEAC,RIDGEWAY AIR,RW53520K,EQ-FUR,1751.68,EA,,2022-11-14,2024-12-30
00101611,CAP 60/3 MFD 370V STER,HELIOTEMP,HT39161H,PT-CAP,44.02,EA,,2020-08-24,2022-10-09
00108557,MTR 1 HP 825 RPM MERI,RIDGEWAY AIR,rw 39259 k,PT-MTR,379.62,EA,,2024-08-28,2024-09-12
00109564,AHU 2 TON HORIZONTAL TUND,RIDGEWAY,RW/29072/C,EQ-AHU,2133.92,EA,,2021-07-06,2022-03-13
00110105,FLTR 16X20X4 MERV 11 ORIO,NORTHWIND,NW/76794/H,SP-FLT,18.66,EA,,2021-12-16,2024-04-12
00101411,SNSR OUTDOOR TEMP 10K STER,BLUEPEAK,BP-23120-B,CT-SEN,29.92,EA,,2024-07-01,2026-11-29
00107696,TSTAT NON-PROGRAMMABLE 1H/1C APEX,NORTHWIND,NW/10385/C,CT-TST,309.14,EA,,2021-03-05,2022-08-18
00101963,SNSR DUCT TEMP 10K MERI,RIDGEWAY,RW-99152-C,CT-SEN,50.72,EA,,2021-08-31,2022-02-15
00100490,MTR 1/4 HP 825 RPM VECT,BLUEPEAK,BP-74962-J,PT-MTR,242.96,EA,,2023-07-30,2025-07-19
00101396,LINESET 1/4 X 3/8 35 FT DELT,RIDGEWAY,rw 84693 a,SP-LIN,197.17,EA,,2019-02-13,2019-09-22
00101502,AHU 3 TON HORIZONTAL SUMM,HELIOTEMP,HT96980F,EQ-AHU,2102.54,EA,,2019-04-14,2021-04-17
00102720,FURN 60K BTU 97% AFUE TRID,BLUEPEAK,BP96261J,EQ-FUR,1812.52,EA,,2023-02-22,2024-10-11
00102250,SNSR CO2 10K ORIO,NORTHWIND COMFORT,NW77407K,CT-SEN,48.28,EA,,2021-12-26,2024-03-07
00110190,TSTAT SMART WI-FI 2H/2C GRAN,ARCTICLINE,AL-79912-F,CT-TST,129.15,EA,,2022-04-02,2023-07-20
00109052,CONTR 3 POLE 30 AMP 240V COIL MESA,CORVANE,CV/58572/C,PT-CON,42.58,EA,,2019-09-26,2021-05-08
00109152,HP 3.5 TON 15 SEER ATLA,CORVANE,cv 33917 j,EQ-HTP,3931.09,EA,,2023-08-05,2025-05-06
00110833,REFRIG R-22 25 LB CYLINDER FALC,THERMAXIS,TX-17376-A,SP-REF,191.11,EA,,2019-10-18,2020-08-07
00108258,MTR 3/4 HP 1075 RPM EMBE,RIDGEWAY AIR,RW-97761-H,PT-MTR,209.84,EA,,2023-11-19,2026-03-31
00103725,REFRIG R-454B 20 LB CYLINDER QUAR,THERMAXIS,TX-21611-C,SP-REF,375.29,EA,,2021-05-18,2023-10-27
00102689,LINESET 3/8 X 7/8 50 FT ORIO,NORTHWIND,NW72267J,SP-LIN,171.94,EA,,2023-05-03,2025-01-18
00108491,CONTR 3 POLE 50 AMP 120V COIL LUME,THERMAXIS,TX10296A,PT-CON,36.42,EA,,2023-12-15,2024-03-25
00101857,HP 3 TON 14 SEER APEX,BLUEPEAK,BP-12612-A,EQ-HTP,4322.12,EA,,2022-07-20,2023-09-29
00102759,SNSR HUMIDITY 10K SABL,HELIOTEMP,ht 18484 k,CT-SEN,60.01,EA,,2019-07-06,2021-11-06
00105290,FURN 60K BTU 96% AFUE ZEPH,BLUEPEAK,BP98134H,EQ-FUR,1110.41,EA,,2024-05-06,2024-12-13
00101327,REFRIG R-22 30 LB CYLINDER JUNI,NORTHWIND,NW-11556-F,SP-REF,146.69,EA,,2021-09-04,2023-02-23
00100131,HP 2.5 TON 15 SEER SUMM,THERMAXIS,TX-48399-J,EQ-HTP,1890.82,EA,X,2022-08-28,2024-01-22
00104105,COMP SCROLL 48K BTU R-410A EMBE,NORTHWIND,NW-41865-C,PT-CMP,392.51,EA,,2022-01-09,2023-01-06
00106919,AHU 5 TON HORIZONTAL KEYS,NORTHWIND,NW28756E,EQ-AHU,966.33,EA,,2022-08-30,2023-05-01
00103776,CONTR 2 POLE 40 AMP 240V COIL MESA,ARCTICLINE,AL-18582-H,PT-CON,47.63,EA,,2023-03-19,2024-10-04
00106380,COND 4 TON 20 SEER ZEPH,BLUEPEAK,bp 35063 c,EQ-CND,2659.95,EA,,2020-12-06,2022-12-13
00107133,FLTR 16X20X1 MERV 8 KEYS,RIDGEWAY AIR,RW-79496-E,SP-FLT,11.15,EA,,2023-06-06,2025-03-19
00110740,MTR 3/4 HP 1625 RPM CASC,NORTHWIND COMFORT,NW/41500/H,PT-MTR,222.09,EA,,2019-01-07,2020-02-11
00108621,FLTR 16X25X1 MERV 11 BEAC,NORTHWIND COMFORT,NW-86558-J,SP-FLT,20.36,EA,,2022-05-29,2023-08-06
00102729,TSTAT NON-PROGRAMMABLE 1H/1C ORIO,THERMAXIS,TX/64007/F,CT-TST,294.84,EA,X,2021-11-20,2024-02-17
00101394,FLTR 20X20X4 MERV 8 MERI,CORVANE,cv 76176 d,SP-FLT,19.17,EA,,2019-09-04,2019-12-28
00105106,REFRIG R-22 20 LB CYLINDER ZEPH,ARCTICLINE,AL-63977-C,SP-REF,327.25,EA,,2020-04-01,2020-11-27
00107476,REFRIG R-22 30 LB CYLINDER MESA,NORTHWIND COMFORT,nw 43573 a,SP-REF,395.17,EA,,2019-08-27,2021-12-22
00110383,HP 3.5 TON 18 SEER QUAR,CORVANE,cv 67386 b,EQ-HTP,3636.24,EA,,2019-03-27,2020-10-29
00106289,HP 3 TON 18 SEER MERI,BLUEPEAK,BP28933E,EQ-HTP,1806.07,EA,,2019-03-18,2020-02-14
00100235,CONTR 3 POLE 30 AMP 240V COIL TRID,ARCTICLINE,al 12469 j,PT-CON,61.07,EA,,2024-06-27,2025-12-21
00103747,FLTR 16X20X4 MERV 11 ATLA,BLUEPEAK,bp 76432 b,SP-FLT,5.21,EA,,2021-11-07,2023-10-09
00100810,SNSR HUMIDITY 20K SABL,NORTHWIND,NW/45890/D,CT-SEN,21.44,EA,,2020-03-13,2020-10-09
00104352,TSTAT NON-PROGRAMMABLE 2H/2C TUND,HELIOTEMP,HT-99618-F,CT-TST,237.90,EA,,2023-01-24,2023-04-15
00107558,MTR 1/4 HP 1075 RPM JUNI,HELIOTEMP,HT/84674/E,PT-MTR,84.71,EA,,2023-10-13,2026-03-08
00105991,REFRIG R-454B 20 LB CYLINDER FALC,CORVANE,cv 48118 a,SP-REF,105.12,EA,,2024-06-12,2025-06-19
00104449,SNSR DUCT TEMP 4-20MA CASC,CORVANE,CV-79799-E,CT-SEN,115.74,EA,,2022-10-25,2023-05-13
00104751,REFRIG R-32 10 LB CYLINDER TUND,CORVANE,cv 25369 b,SP-REF,210.15,EA,,2021-07-08,2022-05-03
00104321,HP 2.5 TON 14 SEER KEYS,BLUEPEAK,BP-79374-F,EQ-HTP,2930.84,EA,,2024-02-15,2025-03-30
00104383,CAP 55/10 MFD 370V SABL,RIDGEWAY AIR,RW-57690-G,PT-CAP,52.72,EA,,2024-01-20,2026-01-26
00107008,COND 1.5 TON 20 SEER BEAC,RIDGEWAY AIR,RW56884B,EQ-CND,1067.66,EA,,2019-06-07,2021-04-17
00101252,MTR 1/6 HP 825 RPM HARB,THERMAXIS,TX-63169-C,PT-MTR,268.91,EA,,2021-07-20,2021-10-05
00101044,LINESET 3/8 X 3/4 50 FT LUME,HELIOTEMP,HT98719C,SP-LIN,92.97,EA,,2020-04-23,2022-08-16
00102335,HP 4 TON 14 SEER ATLA,NORTHWIND COMFORT,NW-64159-B,EQ-HTP,2766.70,EA,,2021-08-22,2023-10-21
00100324,HP 2.5 TON 20 SEER PION,HELIOTEMP,HT-36495-A,EQ-HTP,3535.19,EA,X,2023-08-18,2025-09-03
00110959,SNSR OUTDOOR TEMP 4-20MA ZEPH,HELIOTEMP,HT/44758/E,CT-SEN,96.65,EA,,2021-10-01,2022-07-12
00104117,COMP SCROLL 60K BTU R-410A APEX,ARCTICLINE,AL-63110-C,PT-CMP,999.32,EA,,2024-07-05,2025-04-20
00109308,HP 3 TON 16 SEER MESA,HELIOTEMP,HT/17859/C,EQ-HTP,1639.95,EA,,2023-02-18,2023-05-02
00108877,TSTAT SMART WI-FI 3H/2C FALC,BLUEPEAK,BP33845A,CT-TST,35.47,EA,,2020-05-20,2020-12-29
00105526,REFRIG R-410A 20 LB CYLINDER TUND,ARCTICLINE,AL17916K,SP-REF,208.35,EA,,2020-09-13,2022-04-26
00102951,CAP 40/5 MFD 440V TRID,NORTHWIND,nw 63510 d,PT-CAP,60.19,EA,,2021-07-21,2023-03-08
00108048,TSTAT NON-PROGRAMMABLE 3H/2C SUMM,THERMAXIS,TX-11055-D,CT-TST,200.49,EA,,2024-06-01,2026-11-15
00111214,AHU 3 TON UPFLOW TUND,THERMAXIS,TX/13631/C,EQ-AHU,1432.29,EA,,2020-10-20,2023-01-25
00101050,MTR 3/4 HP 1625 RPM GRAN,HELIOTEMP,ht 88630 f,PT-MTR,403.56,EA,,2019-03-05,2021-04-12
00109983,SNSR DUCT TEMP 10K HARB,RIDGEWAY AIR,RW76677H,CT-SEN,67.92,EA,,2021-05-22,2023-01-06
00105289,COMP SCROLL 18K BTU R-454B GRAN,ARCTICLINE,AL-39009-C,PT-CMP,1523.40,EA,,2019-07-11,2020-09-28
00105620,MTR 1/3 HP 825 RPM ATLA,RIDGEWAY,RW-48327-B,PT-MTR,470.84,EA,,2022-04-25,2024-03-07
00109029,COND 3.5 TON 14 SEER CASC,BLUEPEAK,bp 68364 c,EQ-CND,1347.58,EA,,2022-02-07,2024-05-18
00108707,HP 1.5 TON 15 SEER CASC,ARCTICLINE,al 64529 f,EQ-HTP,2592.92,EA,,2019-10-20,2021-04-06
00102389,CONTR 3 POLE 30 AMP 120V COIL CASC,BLUEPEAK,bp 79669 f,PT-CON,55.48,EA,,2021-10-28,2022-04-04
00102776,AHU 5 TON MULTI-POSITION VECT,THERMAXIS,tx 10515 c,EQ-AHU,1032.51,EA,,2021-12-21,2022-09-30
00102070,HP 1.5 TON 18 SEER VECT,ARCTICLINE,AL-39329-E,EQ-HTP,3313.63,EA,,2023-12-18,2025-08-15
00109227,MTR 1/4 HP 1625 RPM DELT,RIDGEWAY,RW10122F,PT-MTR,285.68,EA,,2023-01-24,2024-07-30
00103815,SNSR DUCT TEMP 20K HARB,THERMAXIS,TX-77636-G,CT-SEN,120.36,EA,,2020-09-20,2022-06-03
00104376,COND 1.5 TON 15 SEER CASC,NORTHWIND COMFORT,NW30009G,EQ-CND,2459.83,EA,X,2020-09-03,2021-05-24
00110939,SNSR CO2 4-20MA MESA,RIDGEWAY AIR,RW-38063-E,CT-SEN,72.47,EA,,2022-08-26,2022-12-17
00106668,CONTR 2 POLE 40 AMP 240V COIL TRID,BLUEPEAK,BP/96851/J,PT-CON,33.74,EA,,2023-02-09,2025-01-04
00102852,COMP SCROLL 30K BTU R-410A VECT,CORVANE,cv 68933 f,PT-CMP,1439.50,EA,,2023-09-10,2025-08-19
00106868,CAP 60/10 MFD 440V MERI,CORVANE,CV21905A,PT-CAP,11.06,EA,,2022-02-18,2023-12-25
00101878,REFRIG R-410A 25 LB CYLINDER FALC,RIDGEWAY AIR,RW75046B,SP-REF,204.02,EA,,2021-05-31,2023-01-16
00103870,AHU 3.5 TON HORIZONTAL CASC,ARCTICLINE,AL/16907/G,EQ-AHU,1652.74,EA,,2020-04-23,2022-02-12
00103177,COND 3.5 TON 14 SEER EMBE,CORVANE,CV/36970/J,EQ-CND,2479.46,EA,,2020-04-28,2021-12-21
00101716,LINESET 1/4 X 3/8 35 FT MESA,RIDGEWAY,rw 46907 d,SP-LIN,233.91,EA,,2020-08-01,2021-02-01
00105867,SNSR OUTDOOR TEMP 20K ZEPH,HELIOTEMP,HT83143E,CT-SEN,118.65,EA,,2023-03-21,2024-11-12
00108173,FURN 60K BTU 96% AFUE TRID,HELIOTEMP,HT-52989-A,EQ-FUR,940.93,EA,X,2019-09-01,2020-02-28
00102520,TSTAT PROGRAMMABLE 1H/1C VECT,THERMAXIS,TX-14013-C,CT-TST,254.52,EA,,2023-10-31,2024-07-29
00103860,FURN 80K BTU 97% AFUE LUME,HELIOTEMP,ht 80829 c,EQ-FUR,1584.25,EA,,2020-01-16,2021-08-04
00110030,CONTR 1 POLE 30 AMP 24V COIL BEAC,NORTHWIND,NW-76401-G,PT-CON,38.70,EA,,2020-09-09,2021-09-21
00107303,FURN 40K BTU 92% AFUE EMBE,NORTHWIND,NW/81856/A,EQ-FUR,1261.78,EA,,2021-12-11,2023-02-07
00108668,MTR 1/4 HP 825 RPM MERI,CORVANE,CV-98503-H,PT-MTR,257.52,EA,,2021-03-17,2022-07-27
00106885,FURN 80K BTU 92% AFUE ZEPH,HELIOTEMP,ht 86952 g,EQ-FUR,1565.83,EA,X,2023-08-21,2025-02-11
00110650,FURN 80K BTU 97% AFUE ORIO,NORTHWIND,nw 11571 c,EQ-FUR,1001.00,EA,,2021-05-12,2021-09-17
00101929,FLTR 20X25X2 MERV 13 LUME,NORTHWIND,NW/18404/G,SP-FLT,40.46,EA,,2021-12-27,2022-03-24
00101104,FURN 100K BTU 80% AFUE DELT,CORVANE,CV21790E,EQ-FUR,1345.97,EA,,2021-08-13,2022-03-08
00108828,CAP 40/7.5 MFD 440V VECT,CORVANE,CV/37088/K,PT-CAP,52.34,EA,X,2021-03-14,2021-08-27
00107586,FLTR 16X25X1 MERV 13 EMBE,HELIOTEMP,HT58242J,SP-FLT,17.90,EA,,2023-06-27,2023-08-01
00108967,MTR 1 HP 825 RPM EMBE,HELIOTEMP,ht 35307 h,PT-MTR,354.24,EA,,2021-10-25,2022-02-25
00107622,HP 2.5 TON 15 SEER CASC,BLUEPEAK,BP-89960-K,EQ-HTP,1597.16,EA,,2022-07-31,2024-06-26
00108189,HP 2 TON 15 SEER JUNI,ARCTICLINE,AL90461F,EQ-HTP,1467.87,EA,,2022-05-19,2023-01-18
00103109,CONTR 3 POLE 40 AMP 120V COIL VECT,NORTHWIND COMFORT,NW86876J,PT-CON,40.40,EA,,2019-01-18,2021-03-22
00100751,COND 2 TON 16 SEER STER,CORVANE,CV17073A,EQ-CND,1963.69,EA,,2020-01-27,2022-07-07
00110728,TSTAT NON-PROGRAMMABLE 3H/2C LUME,HELIOTEMP,HT58234J,CT-TST,75.73,EA,,2023-04-03,2024-12-02
00100213,COND 2 TON 16 SEER SABL,NORTHWIND,NW-33980-A,EQ-CND,1934.42,EA,,2019-12-10,2020-01-31
00101972,CAP 45/10 MFD 440V STER,BLUEPEAK,BP-12328-J,PT-CAP,18.09,EA,,2021-11-29,2023-06-29
00100243,COND 5 TON 14 SEER TRID,HELIOTEMP,HT75925J,EQ-CND,1219.80,EA,,2019-09-28,2020-01-22
00104927,CAP 35/7.5 MFD 370V KEYS,RIDGEWAY,rw 95694 f,PT-CAP,15.93,EA,,2021-09-18,2024-01-11
00105311,COND 2 TON 16 SEER GRAN,NORTHWIND,NW54597C,EQ-CND,2967.44,EA,,2024-07-12,2024-08-31
00103658,AHU 4 TON MULTI-POSITION DELT,HELIOTEMP,HT-65755-C,EQ-AHU,2198.04,EA,,2021-09-02,2022-09-12
00105429,CONTR 1 POLE 50 AMP 240V COIL HARB,THERMAXIS,TX/56917/E,PT-CON,61.25,EA,,2024-04-01,2024-05-10
00109639,COMP SCROLL 18K BTU R-410A ORIO,BLUEPEAK,BP91977C,PT-CMP,1439.36,EA,,2024-12-03,2025-09-08
00100013,HP 1.5 TON 18 SEER GRAN,BLUEPEAK,BP-64810-B,EQ-HTP,1861.04,EA,,2023-10-05,2024-12-14
00100706,COND 4 TON 15 SEER ZEPH,THERMAXIS,TX84755E,EQ-CND,3309.27,EA,,2024-03-07,2025-08-24
00102202,SNSR DUCT TEMP 10K ORIO,ARCTICLINE,AL-35954-K,CT-SEN,61.58,EA,,2021-08-27,2022-03-04
00100510,LINESET 3/8 X 3/4 25 FT DELT,ARCTICLINE,al 29121 f,SP-LIN,114.14,EA,,2020-12-04,2022-07-24
00110437,CAP 60/10 MFD 440V ORIO,THERMAXIS,TX/83493/F,PT-CAP,16.82,EA,,2021-04-23,2021-05-16
00102711,COND 5 TON 14 SEER ZEPH,ARCTICLINE,AL-12294-E,EQ-CND,1091.26,EA,,2020-12-18,2023-01-21
00101086,TSTAT SMART WI-FI 3H/2C SABL,THERMAXIS,TX83981F,CT-TST,135.71,EA,,2020-09-02,2022-07-10
00103735,AHU 2.5 TON HORIZONTAL KEYS,BLUEPEAK,bp 70665 e,EQ-AHU,1239.84,EA,,2020-10-20,2022-07-13
00102894,FURN 40K BTU 96% AFUE HARB,NORTHWIND,NW13406A,EQ-FUR,1154.16,EA,,2019-10-17,2020-10-23
00100384,COND 4 TON 20 SEER SABL,NORTHWIND COMFORT,NW18838D,EQ-CND,2318.77,EA,,2021-03-31,2022-09-18
00105317,TSTAT NON-PROGRAMMABLE 2H/2C MESA,NORTHWIND COMFORT,NW-39561-D,CT-TST,115.13,EA,,2019-01-30,2021-05-05
00108983,COND 2.5 TON 16 SEER SABL,THERMAXIS,TX/90193/A,EQ-CND,2863.74,EA,,2023-09-07,2023-10-16
00109277,COMP SCROLL 42K BTU R-454B STER,THERMAXIS,TX-83720-F,PT-CMP,1357.54,EA,,2022-09-22,2025-01-07
00102734,FURN 40K BTU 97% AFUE TUND,RIDGEWAY,RW37831F,EQ-FUR,2266.47,EA,,2019-02-09,2021-04-08
00108073,TSTAT SMART WI-FI 2H/2C ATLA,CORVANE,cv 97384 k,CT-TST,151.29,EA,,2023-12-04,2025-05-28
00110518,COMP SCROLL 24K BTU R-454B EMBE,ARCTICLINE,AL-59281-C,PT-CMP,1255.35,EA,,2020-07-03,2021-01-14
00109204,FURN 100K BTU 92% AFUE HARB,RIDGEWAY,rw 69517 h,EQ-FUR,1444.29,EA,,2021-06-11,2023-09-26
00108977,HP 3 TON 15 SEER TUND,ARCTICLINE,AL37895C,EQ-HTP,2526.98,EA,,2022-10-31,2024-06-19
00105992,FLTR 16X20X2 MERV 11 QUAR,CORVANE,CV-12776-C,SP-FLT,23.97,EA,,2023-01-08,2023-05-04
00106108,FLTR 20X25X2 MERV 11 JUNI,HELIOTEMP,HT/55111/D,SP-FLT,37.38,EA,X,2023-12-21,2025-05-26
00106176,FLTR 16X25X4 MERV 11 VECT,BLUEPEAK,BP-81714-G,SP-FLT,37.70,EA,,2023-04-28,2024-12-26
00102802,COND 2.5 TON 15 SEER TUND,BLUEPEAK,BP-53077-F,EQ-CND,2355.73,EA,,2020-07-31,2021-08-06
00102164,FLTR 16X25X1 MERV 8 APEX,ARCTICLINE,al 88026 j,SP-FLT,29.61,EA,,2019-09-12,2021-04-02
00104922,REFRIG R-22 30 LB CYLINDER TUND,BLUEPEAK,BP-26848-G,SP-REF,413.71,EA,,2019-04-02,2019-04-10
00108585,CONTR 3 POLE 50 AMP 120V COIL LUME,ARCTICLINE,al 21944 c,PT-CON,53.42,EA,,2023-06-25,2025-01-30
00110243,COND 2.5 TON 18 SEER HARB,BLUEPEAK,bp 13100 j,EQ-CND,996.20,EA,,2024-02-11,2024-09-30
00107461,REFRIG R-410A 25 LB CYLINDER PION,CORVANE,CV-24880-B,SP-REF,170.00,EA,,2022-12-09,2024-11-09
00106260,LINESET 1/4 X 3/8 25 FT QUAR,RIDGEWAY,RW43378E,SP-LIN,119.27,EA,,2019-05-13,2021-07-24
00103011,COND 3.5 TON 20 SEER PION,BLUEPEAK,bp 52611 h,EQ-CND,1214.58,EA,,2021-11-08,2023-11-07
00107964,FURN 120K BTU 92% AFUE BEAC,BLUEPEAK,BP94406G,EQ-FUR,2205.32,EA,,2019-06-28,2021-11-12
00109027,REFRIG R-32 20 LB CYLINDER LUME,THERMAXIS,TX/85394/C,SP-REF,174.90,EA,,2023-01-08,2024-08-12
00110848,LINESET 1/4 X 3/8 15 FT DELT,CORVANE,CV61060J,SP-LIN,228.33,EA,,2021-03-27,2023-09-10
00109623,LINESET 3/8 X 3/4 15 FT FALC,RIDGEWAY AIR,RW46956B,SP-LIN,227.54,EA,X,2019-01-30,2021-01-29
00106878,CAP 40/3 MFD 370V ORIO,NORTHWIND COMFORT,NW-94402-D,PT-CAP,31.72,EA,,2024-01-20,2025-05-02
00110384,FLTR 20X25X2 MERV 11 VECT,THERMAXIS,tx 16038 h,SP-FLT,14.71,EA,,2019-01-29,2019-06-09
00109873,LINESET 1/4 X 3/8 50 FT LUME,HELIOTEMP,HT-20910-J,SP-LIN,227.80,EA,,2021-06-13,2023-04-22
00106324,MTR 1/4 HP 825 RPM ZEPH,HELIOTEMP,HT/64776/G,PT-MTR,311.89,EA,,2019-05-07,2021-01-19
00107927,REFRIG R-22 20 LB CYLINDER ORIO,RIDGEWAY AIR,RW-96609-A,SP-REF,434.16,EA,,2020-04-21,2022-02-08
00104626,FLTR 20X25X1 MERV 8 EMBE,CORVANE,cv 75675 h,SP-FLT,24.64,EA,X,2020-04-25,2021-02-19
00104204,MTR 3/4 HP 825 RPM ZEPH,ARCTICLINE,al 93645 j,PT-MTR,188.33,EA,,2019-05-19,2019-06-27
00100149,COMP SCROLL 18K BTU R-410A ATLA,CORVANE,CV-66143-B,PT-CMP,609.76,EA,,2022-05-25,2023-07-15
00100733,MTR 1/6 HP 1625 RPM SABL,HELIOTEMP,HT58237F,PT-MTR,361.35,EA,,2024-08-25,2026-04-05
00104938,COND 2.5 TON 16 SEER ZEPH,HELIOTEMP,HT82745B,EQ-CND,3053.63,EA,,2021-12-27,2024-03-21
00109568,LINESET 3/8 X 7/8 35 FT MERI,NORTHWIND COMFORT,nw 64615 j,SP-LIN,83.87,EA,,2020-09-12,2022-05-13
00110704,AHU 2 TON HORIZONTAL TUND,ARCTICLINE,AL/12998/A,EQ-AHU,1340.52,EA,,2021-09-15,2022-04-28
00103227,SNSR OUTDOOR TEMP 10K SUMM,BLUEPEAK,BP-65399-C,CT-SEN,36.40,EA,,2019-01-24,2020-07-16
00108625,AHU 5 TON HORIZONTAL FALC,RIDGEWAY,rw 68074 j,EQ-AHU,920.31,EA,,2021-02-18,2022-12-06
00103878,HP 4 TON 15 SEER STER,ARCTICLINE,al 76997 g,EQ-HTP,1712.81,EA,,2019-01-26,2019-08-26
00105138,FLTR 16X25X2 MERV 13 SABL,NORTHWIND COMFORT,NW/40568/K,SP-FLT,7.88,EA,,2019-02-11,2020-06-23
00102741,FLTR 20X20X1 MERV 8 EMBE,NORTHWIND,NW-76831-C,SP-FLT,35.72,EA,,2023-09-20,2025-09-25
00110499,HP 3 TON 20 SEER ORIO,HELIOTEMP,HT/51135/G,EQ-HTP,3866.01,EA,,2021-12-02,2022-10-24
00102941,FLTR 16X20X2 MERV 8 TRID,NORTHWIND,NW/88920/E,SP-FLT,25.23,EA,,2021-08-15,2023-07-31
00102362,REFRIG R-410A 10 LB CYLINDER DELT,BLUEPEAK,BP/80498/H,SP-REF,129.64,EA,X,2021-07-08,2021-11-13
00101557,AHU 4 TON MULTI-POSITION APEX,RIDGEWAY AIR,RW/53721/B,EQ-AHU,1465.33,EA,,2020-11-24,2021-01-13
00106693,HP 2.5 TON 16 SEER PION,THERMAXIS,TX-45751-D,EQ-HTP,2032.08,EA,,2022-04-22,2024-09-27
00110764,CONTR 2 POLE 50 AMP 24V COIL GRAN,THERMAXIS,TX-80619-J,PT-CON,46.66,EA,,2020-05-12,2021-02-17
00103750,TSTAT SMART WI-FI 3H/2C MESA,RIDGEWAY,RW/45925/G,CT-TST,239.28,EA,,2023-12-30,2025-07-02
00107502,REFRIG R-410A 20 LB CYLINDER CASC,ARCTICLINE,AL66634A,SP-REF,212.97,EA,,2024-09-12,2025-01-11
00105696,CONTR 2 POLE 50 AMP 24V COIL KEYS,CORVANE,CV-57549-G,PT-CON,31.72,EA,,2022-11-02,2023-11-15
00107474,TSTAT NON-PROGRAMMABLE 1H/1C DELT,BLUEPEAK,BP/95037/A,CT-TST,271.87,EA,,2024-11-27,2024-12-27
00102440,CAP 55/10 MFD 440V ATLA,THERMAXIS,tx 93816 d,PT-CAP,8.44,EA,,2021-04-17,2022-09-20
00100742,MTR 1 HP 825 RPM DELT,CORVANE,cv 64122 a,PT-MTR,227.48,EA,,2020-02-07,2020-09-13
00110435,CAP 60/10 MFD 440V ORIO,THERMAXIS,TX-83493-F,PT-CAP,16.82,EA,,2020-09-06,2021-07-12
00111117,COMP SCROLL 42K BTU R-454B TRID,THERMAXIS,TX-39976-A,PT-CMP,670.12,EA,,2021-06-23,2021-11-22
00106398,LINESET 3/8 X 3/4 15 FT STER,ARCTICLINE,AL/95924/A,SP-LIN,81.12,EA,,2022-10-08,2023-02-24
00100487,TSTAT PROGRAMMABLE 1H/1C MESA,BLUEPEAK,BP-52893-G,CT-TST,209.94,EA,,2021-01-28,2021-09-21
00109831,SNSR DUCT TEMP 10K PION,BLUEPEAK,BP-39785-K,CT-SEN,39.61,EA,,2023-07-13,2023-08-24
00106689,TSTAT PROGRAMMABLE 1H/1C DELT,CORVANE,CV25859G,CT-TST,51.63,EA,,2022-07-05,2023-12-12
00103515,LINESET 3/8 X 7/8 35 FT LUME,ARCTICLINE,AL62586D,SP-LIN,91.29,EA,,2024-07-25,2026-01-23
00111246,CONTR 1 POLE 50 AMP 120V COIL STER,NORTHWIND,nw 97026 j,PT-CON,43.17,EA,,2020-06-12,2022-01-16
00110352,TSTAT SMART WI-FI 1H/1C TRID,CORVANE,CV35674B,CT-TST,264.65,EA,,2023-10-24,2024-03-13
00111008,TSTAT PROGRAMMABLE 2H/2C MESA,HELIOTEMP,HT-58562-H,CT-TST,172.16,EA,,2019-12-11,2020-12-10
00102353,COND 4 TON 15 SEER TRID,NORTHWIND,nw 68572 e,EQ-CND,2324.45,EA,,2023-12-31,2025-10-19
00107509,FLTR 16X25X4 MERV 13 SUMM,HELIOTEMP,ht 75704 c,SP-FLT,7.22,EA,,2019-05-10,2020-08-21
00106373,TSTAT NON-PROGRAMMABLE 2H/2C SUMM,HELIOTEMP,HT-90934-J,CT-TST,136.63,EA,,2021-08-14,2023-12-26
00107385,HP 2 TON 20 SEER QUAR,RIDGEWAY,RW71105E,EQ-HTP,2678.21,EA,,2019-07-19,2019-11-15
00107568,SNSR OUTDOOR TEMP 4-20MA TRID,RIDGEWAY,RW-58853-C,CT-SEN,72.15,EA,,2023-04-23,2024-07-10
00103714,CAP 50/3 MFD 370V JUNI,THERMAXIS,TX41543B,PT-CAP,43.84,EA,,2020-12-07,2022-10-17
00109193,CAP 45/7.5 MFD 440V DELT,CORVANE,CV-19026-D,PT-CAP,22.58,EA,,2021-01-19,2022-02-26
00104620,MTR 1/3 HP 1075 RPM PION,CORVANE,CV-29259-A,PT-MTR,259.98,EA,,2022-09-04,2023-05-07
00107038,CONTR 3 POLE 40 AMP 24V COIL APEX,CORVANE,CV-49495-H,PT-CON,16.79,EA,,2021-11-20,2023-10-23
00107458,AHU 3 TON MULTI-POSITION APEX,CORVANE,CV37796J,EQ-AHU,1537.75,EA,,2024-09-17,2026-06-13
00108847,MTR 1/6 HP 825 RPM TRID,NORTHWIND,nw 35620 h,PT-MTR,140.47,EA,,2021-12-26,2022-10-16
00111017,CAP 55/3 MFD 440V TRID,ARCTICLINE,AL92497B,PT-CAP,12.47,EA,,2019-12-02,2021-08-06
00102790,COMP SCROLL 18K BTU R-454B ATLA,NORTHWIND,NW/51963/E,PT-CMP,907.94,EA,,2024-05-15,2025-08-31
00110997,COND 5 TON 15 SEER SABL,THERMAXIS,TX/70413/G,EQ-CND,2705.14,EA,,2020-09-24,2022-07-07
00100179,MTR 1/4 HP 825 RPM GRAN,NORTHWIND COMFORT,NW50893E,PT-MTR,280.07,EA,,2021-04-23,2023-08-15
00103851,SNSR DUCT TEMP 10K ORIO,HELIOTEMP,HT-90563-F,CT-SEN,105.99,EA,,2021-09-19,2023-11-17
00110301,REFRIG R-410A 25 LB CYLINDER PION,HELIOTEMP,HT18046D,SP-REF,364.20,EA,,2019-12-25,2020-02-03
00108611,COND 4 TON 15 SEER ZEPH,NORTHWIND COMFORT,NW59817B,EQ-CND,2941.75,EA,X,2021-04-26,2022-07-14
00105643,LINESET 3/8 X 3/4 25 FT TUND,NORTHWIND,NW/65618/H,SP-LIN,123.44,EA,,2024-06-07,2025-02-13
00100405,CAP 50/5 MFD 370V ATLA,THERMAXIS,TX/10376/B,PT-CAP,22.29,EA,,2022-12-10,2024-12-05
00110027,SNSR DUCT TEMP 10K HARB,HELIOTEMP,HT-45997-H,CT-SEN,39.68,EA,,2022-07-14,2022-10-21
00104868,LINESET 3/8 X 7/8 50 FT SUMM,ARCTICLINE,AL-56870-D,SP-LIN,222.62,EA,,2019-12-24,2020-01-07
00103129,FLTR 16X25X2 MERV 13 KEYS,HELIOTEMP,ht 14359 h,SP-FLT,22.11,EA,,2019-12-22,2021-05-28
00104603,REFRIG R-22 25 LB CYLINDER CASC,NORTHWIND COMFORT,NW85680K,SP-REF,277.46,EA,,2023-02-09,2024-01-25
00101162,AHU 2 TON HORIZONTAL STER,ARCTICLINE,AL-97592-D,EQ-AHU,1570.04,EA,,2023-04-01,2025-04-07
00109338,SNSR CO2 4-20MA QUAR,ARCTICLINE,AL60174G,CT-SEN,49.13,EA,,2019-11-04,2021-03-15
00101600,REFRIG R-454B 30 LB CYLINDER MESA,CORVANE,CV-89832-K,SP-REF,113.94,EA,,2019-09-03,2020-06-07
00101807,COND 5 TON 15 SEER PION,BLUEPEAK,BP-67875-H,EQ-CND,1518.82,EA,,2022-11-10,2023-11-23
00103651,FLTR 20X25X2 MERV 13 TUND,CORVANE,cv 82898 e,SP-FLT,35.03,EA,X,2019-06-22,2021-04-30
00111200,SNSR CO2 20K STER,NORTHWIND,NW85024G,CT-SEN,63.29,EA,,2023-03-01,2024-02-08
00107725,TSTAT PROGRAMMABLE 2H/2C PION,ARCTICLINE,AL/63953/B,CT-TST,247.70,EA,,2023-11-04,2025-04-29
00102795,MTR 1/6 HP 825 RPM ATLA,THERMAXIS,TX-44601-C,PT-MTR,163.22,EA,,2019-09-17,2019-10-11
00108678,SNSR CO2 10K ORIO,HELIOTEMP,HT/79838/C,CT-SEN,37.61,EA,,2022-05-29,2023-06-22
00106956,LINESET 1/4 X 3/8 15 FT MESA,HELIOTEMP,HT/37980/G,SP-LIN,226.89,EA,,2019-02-26,2020-06-22
00105600,COND 3.5 TON 15 SEER PION,BLUEPEAK,BP/61794/C,EQ-CND,2017.39,EA,,2023-03-30,2024-12-31
00106393,AHU 5 TON MULTI-POSITION EMBE,BLUEPEAK,BP-55184-J,EQ-AHU,1930.11,EA,,2023-06-11,2024-08-16
00107329,CONTR 1 POLE 40 AMP 24V COIL EMBE,BLUEPEAK,bp 23149 k,PT-CON,66.61,EA,,2024-04-08,2024-07-10
00100846,SNSR HUMIDITY 10K EMBE,RIDGEWAY,RW-85308-H,CT-SEN,69.27,EA,,2024-05-02,2024-08-26
00100509,CAP 40/5 MFD 370V TRID,BLUEPEAK,BP-16775-J,PT-CAP,16.02,EA,,2023-06-13,2024-05-11
00106705,LINESET 3/8 X 7/8 15 FT FALC,HELIOTEMP,ht 10855 g,SP-LIN,189.40,EA,,2020-08-13,2021-06-02
00104749,COMP SCROLL 42K BTU R-410A LUME,NORTHWIND COMFORT,NW-37575-H,PT-CMP,1385.83,EA,,2019-11-04,2020-11-06
00109819,FURN 100K BTU 80% AFUE STER,CORVANE,CV63691D,EQ-FUR,1853.08,EA,,2023-06-07,2024-03-27
00101221,TSTAT NON-PROGRAMMABLE 1H/1C KEYS,THERMAXIS,tx 48212 b,CT-TST,282.59,EA,,2024-07-19,2025-04-20
00107662,COMP SCROLL 24K BTU R-410A GRAN,ARCTICLINE,AL-28721-K,PT-CMP,1181.21,EA,,2021-09-16,2024-02-29
00106358,LINESET 3/8 X 3/4 15 FT GRAN,CORVANE,CV-81036-A,SP-LIN,251.09,EA,,2023-04-05,2025-01-03
00101662,SNSR CO2 10K SUMM,ARCTICLINE,AL-19667-E,CT-SEN,29.47,EA,,2022-04-02,2023-07-23
00102905,MTR 1 HP 1625 RPM MESA,CORVANE,CV-71665-F,PT-MTR,420.62,EA,,2022-06-30,2024-11-20
00110209,HP 2 TON 14 SEER SUMM,NORTHWIND,NW45328J,EQ-HTP,2593.96,EA,,2021-09-19,2022-09-01
00107739,FURN 100K BTU 97% AFUE FALC,BLUEPEAK,bp 42650 b,EQ-FUR,2091.44,EA,,2022-04-17,2024-02-29
00102411,SNSR DUCT TEMP 20K EMBE,CORVANE,cv 36368 j,CT-SEN,96.45,EA,,2022-04-28,2024-04-28
00100248,TSTAT SMART WI-FI 2H/2C MESA,NORTHWIND COMFORT,NW-60142-B,CT-TST,163.90,EA,,2022-03-22,2023-10-01
00104530,FLTR 20X25X2 MERV 13 TUND,THERMAXIS,tx 45009 j,SP-FLT,21.51,EA,,2022-03-23,2023-06-11
00101975,LINESET 3/8 X 3/4 35 FT MERI,ARCTICLINE,AL52469E,SP-LIN,110.00,EA,,2023-11-30,2024-06-18
00108359,AHU 2 TON MULTI-POSITION CASC,THERMAXIS,TX-16774-E,EQ-AHU,1845.52,EA,,2021-04-01,2023-08-13
00101078,CONTR 3 POLE 30 AMP 120V COIL TRID,RIDGEWAY AIR,RW-86859-A,PT-CON,65.79,EA,,2024-02-27,2025-02-17
00100602,CAP 40/5 MFD 440V GRAN,HELIOTEMP,HT31132E,PT-CAP,44.78,EA,,2023-03-24,2023-08-25
00107238,TSTAT NON-PROGRAMMABLE 1H/1C GRAN,ARCTICLINE,al 34274 g,CT-TST,196.62,EA,,2022-02-15,2023-02-28
00109125,AHU 5 TON HORIZONTAL HARB,ARCTICLINE,AL/29504/F,EQ-AHU,1414.94,EA,,2019-07-03,2021-08-18
00110989,COND 2 TON 18 SEER GRAN,THERMAXIS,tx 56668 k,EQ-CND,941.57,EA,,2024-06-25,2025-07-21
00100980,SNSR OUTDOOR TEMP 4-20MA QUAR,BLUEPEAK,BP/81257/K,CT-SEN,52.64,EA,,2020-08-25,2021-10-21
00106013,MTR 1 HP 825 RPM DELT,ARCTICLINE,AL87728A,PT-MTR,217.64,EA,,2023-04-12,2024-01-29
00104763,FURN 80K BTU 92% AFUE KEYS,ARCTICLINE,AL/76711/K,EQ-FUR,1277.23,EA,,2020-03-11,2020-12-26
00106841,LINESET 3/8 X 3/4 25 FT FALC,HELIOTEMP,HT/67384/E,SP-LIN,200.74,EA,,2024-05-13,2025-08-15
00108089,AHU 3 TON MULTI-POSITION KEYS,NORTHWIND COMFORT,NW-75669-G,EQ-AHU,1831.32,EA,,2019-06-12,2020-10-08
00108296,FURN 80K BTU 92% AFUE FALC,ARCTICLINE,al 33232 b,EQ-FUR,1933.73,EA,,2022-12-03,2023-09-18
00106418,MTR 1/2 HP 1625 RPM APEX,ARCTICLINE,al 58211 e,PT-MTR,385.47,EA,,2022-05-01,2023-09-14
00104560,SNSR DUCT TEMP 4-20MA APEX,RIDGEWAY,RW-93103-A,CT-SEN,18.94,EA,,2021-08-11,2022-05-29
00102871,AHU 4 TON UPFLOW JUNI,HELIOTEMP,HT32165D,EQ-AHU,917.82,EA,,2023-10-11,2025-12-14
00103142,AHU 3 TON MULTI-POSITION DELT,NORTHWIND,NW/92682/G,EQ-AHU,1477.52,EA,,2023-12-22,2025-11-18
00111130,MTR 1 HP 825 RPM MERI,CORVANE,CV48409D,PT-MTR,163.54,EA,,2024-02-25,2024-10-19
00106448,COMP SCROLL 24K BTU R-410A TRID,NORTHWIND,NW71679F,PT-CMP,468.78,EA,,2021-06-27,2021-09-30
00102217,CONTR 2 POLE 40 AMP 24V COIL DELT,CORVANE,CV-53963-J,PT-CON,26.19,EA,,2022-12-19,2025-05-29
00102238,LINESET 3/8 X 3/4 50 FT KEYS,THERMAXIS,TX/51745/J,SP-LIN,215.36,EA,,2021-02-14,2022-06-28
00107981,CONTR 2 POLE 30 AMP 24V COIL BEAC,BLUEPEAK,BP/63006/D,PT-CON,14.21,EA,X,2024-01-11,2025-12-07
00101260,CAP 50/5 MFD 440V ATLA,THERMAXIS,TX-67092-K,PT-CAP,50.78,EA,,2022-08-06,2024-08-01
00109005,SNSR HUMIDITY 4-20MA EMBE,HELIOTEMP,HT97917H,CT-SEN,79.10,EA,,2023-03-01,2024-09-17
00109632,COMP SCROLL 18K BTU R-410A ORIO,BLUEPEAK,BP91977C,PT-CMP,1405.56,EA,,2024-06-07,2026-02-08
00104846,SNSR CO2 4-20MA VECT,NORTHWIND,NW-23531-B,CT-SEN,33.51,EA,,2021-11-16,2022-09-03
00109612,AHU 4 TON MULTI-POSITION SUMM,THERMAXIS,TX-33350-D,EQ-AHU,1085.46,EA,,2023-04-05,2023-04-20
00106623,REFRIG R-22 25 LB CYLINDER TRID,RIDGEWAY AIR,RW/27944/E,SP-REF,326.96,EA,,2019-12-24,2021-06-20
00103081,TSTAT PROGRAMMABLE 3H/2C QUAR,CORVANE,CV-59876-G,CT-TST,115.25,EA,,2024-05-18,2024-06-15
00106161,COMP SCROLL 48K BTU R-410A HARB,ARCTICLINE,AL-57427-F,PT-CMP,1239.18,EA,,2021-06-26,2023-03-19
00109678,CAP 60/3 MFD 440V ATLA,BLUEPEAK,BP-32456-K,PT-CAP,43.63,EA,,2019-01-27,2020-02-26
00110628,HP 2.5 TON 16 SEER EMBE,HELIOTEMP,HT/11754/G,EQ-HTP,1821.55,EA,,2022-11-01,2023-11-29
00102216,MTR 1/3 HP 1075 RPM SUMM,THERMAXIS,TX89145A,PT-MTR,442.49,EA,,2024-05-01,2025-06-05
00101893,HP 1.5 TON 18 SEER STER,ARCTICLINE,al 82957 f,EQ-HTP,2014.56,EA,,2022-12-28,2023-06-03
00109170,MTR 1/6 HP 1625 RPM SUMM,THERMAXIS,tx 77355 g,PT-MTR,79.30,EA,,2019-12-29,2020-03-13
00103937,REFRIG R-410A 20 LB CYLINDER EMBE,BLUEPEAK,BP/17380/F,SP-REF,196.04,EA,,2019-11-19,2021-09-22
00105405,SNSR HUMIDITY 4-20MA JUNI,RIDGEWAY AIR,RW37376C,CT-SEN,30.05,EA,,2023-09-12,2024-01-08
00106972,COMP SCROLL 18K BTU R-454B LUME,NORTHWIND COMFORT,NW-84219-K,PT-CMP,1491.85,EA,,2022-09-26,2025-02-08
00100274,COND 3 TON 14 SEER SABL,CORVANE,CV-76403-H,EQ-CND,3782.45,EA,X,2023-05-04,2024-03-14
00110716,CONTR 1 POLE 30 AMP 240V COIL SABL,NORTHWIND COMFORT,nw 54719 f,PT-CON,65.72,EA,,2024-06-18,2025-11-23
00103465,LINESET 1/4 X 3/8 50 FT APEX,BLUEPEAK,bp 51910 k,SP-LIN,84.13,EA,,2023-05-01,2023-09-26
00105537,COMP SCROLL 30K BTU R-454B ORIO,HELIOTEMP,HT-91039-J,PT-CMP,919.13,EA,X,2024-01-23,2025-12-28
00107779,CONTR 1 POLE 30 AMP 120V COIL PION,RIDGEWAY,RW39835C,PT-CON,41.24,EA,,2022-11-22,2024-05-19
00101748,REFRIG R-454B 25 LB CYLINDER SUMM,HELIOTEMP,HT41051A,SP-REF,166.36,EA,,2023-06-25,2025-04-29
00108677,SNSR CO2 10K TRID,RIDGEWAY,RW-57891-K,CT-SEN,114.64,EA,,2019-11-07,2021-06-28
00100566,CONTR 2 POLE 40 AMP 240V COIL QUAR,CORVANE,CV67455C,PT-CON,13.70,EA,,2024-06-27,2024-07-25
00104596,CAP 50/5 MFD 440V MESA,RIDGEWAY,RW44626J,PT-CAP,31.33,EA,,2022-05-23,2023-01-26
00100089,HP 3 TON 15 SEER DELT,THERMAXIS,tx 93153 e,EQ-HTP,4130.84,EA,,2023-01-31,2025-07-09
00109645,COND 1.5 TON 18 SEER VECT,CORVANE,CV54274B,EQ-CND,2223.34,EA,,2024-01-05,2025-08-28
00105390,AHU 4 TON HORIZONTAL JUNI,RIDGEWAY AIR,rw 88231 c,EQ-AHU,1974.82,EA,,2020-08-16,2020-12-21
00105888,REFRIG R-410A 25 LB CYLINDER TUND,NORTHWIND COMFORT,NW/32081/B,SP-REF,187.00,EA,,2022-02-16,2022-09-12
00109408,AHU 3 TON HORIZONTAL QUAR,THERMAXIS,TX/88931/E,EQ-AHU,871.90,EA,,2020-01-09,2020-10-20
00110041,REFRIG R-454B 30 LB CYLINDER MERI,BLUEPEAK,BP93525F,SP-REF,259.89,EA,,2021-08-16,2022-02-08
00108922,COND 4 TON 16 SEER APEX,HELIOTEMP,HT/78951/D,EQ-CND,1925.99,EA,,2019-06-29,2019-09-21
00100288,LINESET 3/8 X 3/4 50 FT VECT,THERMAXIS,TX46065A,SP-LIN,119.27,EA,,2019-07-31,2022-01-12
00108091,SNSR HUMIDITY 4-20MA ATLA,HELIOTEMP,HT-10900-C,CT-SEN,106.29,EA,,2024-05-02,2025-10-29
00101652,FURN 80K BTU 92% AFUE LUME,BLUEPEAK,bp 58101 f,EQ-FUR,2334.47,EA,,2019-02-17,2020-03-10
00101738,FURN 60K BTU 96% AFUE APEX,BLUEPEAK,BP/86084/F,EQ-FUR,2598.05,EA,,2023-01-02,2023-04-03
00107141,CAP 40/5 MFD 370V CASC,RIDGEWAY AIR,RW/33905/J,PT-CAP,58.40,EA,,2021-04-12,2023-02-01
00105544,COND 4 TON 16 SEER MERI,NORTHWIND COMFORT,NW-30266-F,EQ-CND,2310.01,EA,,2019-09-14,2019-12-11
00108139,AHU 5 TON MULTI-POSITION VECT,RIDGEWAY AIR,rw 14268 g,EQ-AHU,1159.08,EA,,2021-11-05,2023-11-30
00102187,SNSR OUTDOOR TEMP 20K BEAC,ARCTICLINE,al 78885 f,CT-SEN,111.22,EA,,2019-09-14,2021-08-04
00107459,SNSR DUCT TEMP 20K MERI,HELIOTEMP,HT/19399/H,CT-SEN,89.47,EA,,2021-02-01,2022-10-24
00108661,HP 5 TON 18 SEER FALC,ARCTICLINE,al 13766 b,EQ-HTP,2296.30,EA,,2021-03-12,2021-08-31
00102190,FLTR 20X20X2 MERV 8 GRAN,NORTHWIND COMFORT,NW95320F,SP-FLT,25.35,EA,,2024-07-10,2024-11-01
00100680,REFRIG R-22 25 LB CYLINDER QUAR,RIDGEWAY,RW-48747-D,SP-REF,118.23,EA,,2025-03-17,2026-06-07
00108874,HP 2 TON 18 SEER MERI,ARCTICLINE,AL48615A,EQ-HTP,2365.32,EA,,2021-05-09,2023-10-03
00106474,CAP 50/10 MFD 440V JUNI,ARCTICLINE,AL11519J,PT-CAP,32.42,EA,,2024-09-29,2026-09-06
00109738,TSTAT PROGRAMMABLE 3H/2C DELT,CORVANE,CV-97209-J,CT-TST,264.15,EA,,2019-08-01,2020-04-30
00104371,HP 4 TON 15 SEER HARB,NORTHWIND COMFORT,nw 98147 h,EQ-HTP,3236.90,EA,,2019-01-05,2021-06-19
00103910,CONTR 2 POLE 40 AMP 240V COIL EMBE,HELIOTEMP,HT-96769-H,PT-CON,53.90,EA,,2023-02-06,2024-08-21
00107343,COMP SCROLL 24K BTU R-454B QUAR,CORVANE,CV29080K,PT-CMP,683.42,EA,,2023-04-18,2025-04-29
00107635,AHU 3 TON HORIZONTAL TUND,BLUEPEAK,BP59109G,EQ-AHU,1485.16,EA,,2020-04-27,2021-10-20
00105487,HP 4 TON 18 SEER SUMM,CORVANE,CV25229H,EQ-HTP,3179.89,EA,,2023-07-21,2024-12-13
00106064,FURN 60K BTU 96% AFUE ATLA,RIDGEWAY AIR,RW-97815-H,EQ-FUR,1686.48,EA,,2023-12-25,2025-01-17
00107707,MTR 1 HP 1075 RPM BEAC,ARCTICLINE,AL18076G,PT-MTR,249.21,EA,,2022-10-11,2022-11-06
00104506,FLTR 20X25X2 MERV 8 FALC,CORVANE,CV/70769/E,SP-FLT,23.37,EA,X,2020-10-16,2021-03-30
00101364,COND 1.5 TON 20 SEER QUAR,CORVANE,CV-40051-B,EQ-CND,2145.73,EA,,2024-08-13,2026-04-05
00108309,REFRIG R-32 25 LB CYLINDER TUND,THERMAXIS,TX-61380-C,SP-REF,408.07,EA,,2020-12-29,2023-04-28
00103358,REFRIG R-32 10 LB CYLINDER KEYS,CORVANE,CV-61374-G,SP-REF,149.00,EA,,2019-02-15,2020-09-13
00104575,COMP SCROLL 48K BTU R-454B EMBE,BLUEPEAK,BP/78174/A,PT-CMP,1307.00,EA,,2022-10-10,2022-12-16
00106639,MTR 1 HP 1075 RPM HARB,ARCTICLINE,al 96536 g,PT-MTR,289.85,EA,,2021-10-18,2024-03-02
00100478,LINESET 3/8 X 7/8 15 FT ORIO,CORVANE,CV23864K,SP-LIN,210.07,EA,,2022-12-03,2025-05-05
00101157,AHU 3.5 TON UPFLOW ORIO,CORVANE,cv 42342 c,EQ-AHU,670.38,EA,,2022-09-23,2023-02-08
00107389,HP 4 TON 20 SEER PION,THERMAXIS,TX/83308/C,EQ-HTP,3881.54,EA,,2019-07-13,2021-05-16
00101286,FLTR 20X20X4 MERV 13 DELT,ARCTICLINE,AL45839J,SP-FLT,34.45,EA,,2019-05-27,2019-08-02
00107528,FLTR 20X25X1 MERV 11 MESA,ARCTICLINE,al 72411 d,SP-FLT,25.18,EA,,2024-02-26,2025-02-13
00102547,REFRIG R-32 10 LB CYLINDER PION,NORTHWIND,nw 41297 f,SP-REF,362.88,EA,,2020-10-22,2022-04-23
00100567,HP 5 TON 20 SEER TRID,CORVANE,CV70068C,EQ-HTP,3693.47,EA,,2023-06-28,2025-08-17
00103362,CAP 45/7.5 MFD 370V HARB,RIDGEWAY AIR,rw 99073 a,PT-CAP,40.08,EA,,2021-02-10,2021-09-27
00100865,MTR 1/4 HP 1075 RPM HARB,BLUEPEAK,BP/62491/J,PT-MTR,447.91,EA,,2023-05-25,2025-08-15
00109589,COMP SCROLL 60K BTU R-410A SUMM,THERMAXIS,TX42177C,PT-CMP,927.77,EA,,2019-10-05,2020-09-14
00102678,FLTR 16X20X2 MERV 11 MERI,ARCTICLINE,AL/40552/B,SP-FLT,20.99,EA,,2024-09-26,2025-09-14
00103599,FLTR 20X25X1 MERV 11 JUNI,CORVANE,CV-64777-B,SP-FLT,27.31,EA,,2024-09-28,2027-03-13
00102807,LINESET 1/4 X 3/8 25 FT JUNI,NORTHWIND COMFORT,nw 65419 g,SP-LIN,120.61,EA,,2019-03-10,2020-10-27
00105112,FURN 120K BTU 92% AFUE STER,BLUEPEAK,BP-57519-H,EQ-FUR,2230.38,EA,,2024-05-19,2025-10-20
00101387,MTR 1/4 HP 825 RPM STER,THERMAXIS,TX/95973/E,PT-MTR,330.83,EA,,2024-12-11,2026-09-20
00104814,MTR 1/2 HP 1625 RPM LUME,HELIOTEMP,ht 62289 f,PT-MTR,245.25,EA,,2019-05-14,2021-07-08
00107127,AHU 2 TON HORIZONTAL FALC,ARCTICLINE,al 16665 k,EQ-AHU,1239.60,EA,,2024-01-21,2025-09-07
00105904,SNSR OUTDOOR TEMP 4-20MA GRAN,BLUEPEAK,BP96369F,CT-SEN,31.49,EA,,2024-02-15,2024-04-05
00102928,CAP 50/5 MFD 440V LUME,NORTHWIND,NW93485B,PT-CAP,54.99,EA,,2021-04-06,2023-03-24
00103742,FURN 120K BTU 96% AFUE TUND,NORTHWIND COMFORT,NW88536G,EQ-FUR,2423.53,EA,,2022-04-01,2022-11-11
00106352,COMP SCROLL 48K BTU R-454B CASC,HELIOTEMP,HT20082F,PT-CMP,1148.90,EA,,2021-06-23,2021-08-06
00106606,AHU 3.5 TON HORIZONTAL CASC,NORTHWIND,NW-19301-C,EQ-AHU,1867.96,EA,,2021-03-10,2021-04-27
00104270,MTR 3/4 HP 825 RPM ORIO,HELIOTEMP,HT-40683-A,PT-MTR,92.38,EA,,2023-04-14,2025-01-03
00101028,CAP 60/5 MFD 370V LUME,ARCTICLINE,AL48422J,PT-CAP,44.28,EA,,2024-03-01,2025-03-24
00100068,COND 5 TON 16 SEER EMBE,CORVANE,CV/26952/D,EQ-CND,2013.39,EA,,2024-07-26,2025-02-28
00105954,CAP 45/10 MFD 440V VECT,ARCTICLINE,AL53552B,PT-CAP,17.76,EA,,2024-03-05,2026-07-15
00108212,AHU 2.5 TON MULTI-POSITION FALC,THERMAXIS,TX-87397-A,EQ-AHU,1782.84,EA,,2019-10-14,2021-05-06
00103587,COMP SCROLL 30K BTU R-410A MERI,HELIOTEMP,HT-49337-H,PT-CMP,635.73,EA,,2021-09-20,2022-06-15
00105911,FURN 60K BTU 96% AFUE MERI,RIDGEWAY,RW-72016-J,EQ-FUR,2490.00,EA,,2019-12-09,2022-05-14
00107403,HP 3.5 TON 18 SEER ATLA,ARCTICLINE,al 84847 d,EQ-HTP,3212.34,EA,,2024-07-30,2025-02-22
00105480,SNSR HUMIDITY 10K ZEPH,CORVANE,CV56105G,CT-SEN,69.42,EA,,2022-10-06,2024-04-01
00101190,MTR 1/4 HP 825 RPM MERI,THERMAXIS,TX/90272/D,PT-MTR,282.84,EA,,2021-04-08,2022-01-10
00103146,FURN 100K BTU 96% AFUE ZEPH,NORTHWIND,nw 99390 a,EQ-FUR,2150.99,EA,,2021-08-08,2022-08-05
00109679,REFRIG R-454B 30 LB CYLINDER GRAN,HELIOTEMP,ht 99043 e,SP-REF,296.86,EA,,2022-08-14,2023-10-07
00101978,REFRIG R-22 10 LB CYLINDER MESA,ARCTICLINE,al 36434 c,SP-REF,234.66,EA,,2022-04-04,2024-04-28
00107724,REFRIG R-454B 20 LB CYLINDER KEYS,HELIOTEMP,HT98039B,SP-REF,375.53,EA,,2021-03-25,2021-12-08
00102459,HP 1.5 TON 18 SEER CASC,RIDGEWAY,rw 84197 d,EQ-HTP,3157.66,EA,,2019-06-06,2021-05-21
00105577,AHU 5 TON UPFLOW STER,HELIOTEMP,HT60019E,EQ-AHU,1783.72,EA,,2023-06-04,2025-05-09
00108452,FLTR 16X25X4 MERV 8 HARB,RIDGEWAY,RW-21712-B,SP-FLT,18.75,EA,,2020-08-18,2022-05-17
00103818,COMP SCROLL 60K BTU R-454B MERI,THERMAXIS,TX-58587-A,PT-CMP,1006.08,EA,,2024-07-12,2026-04-03
00108303,CAP 45/5 MFD 440V QUAR,HELIOTEMP,HT/80608/B,PT-CAP,12.21,EA,,2023-10-12,2024-08-17
00100091,FURN 100K BTU 97% AFUE HARB,CORVANE,CV72966H,EQ-FUR,1352.29,EA,X,2020-08-13,2022-03-16
00100440,CAP 35/5 MFD 440V DELT,CORVANE,CV/30963/D,PT-CAP,29.34,EA,,2019-05-19,2019-10-04
00109492,COMP SCROLL 48K BTU R-454B ORIO,CORVANE,cv 56459 e,PT-CMP,1425.46,EA,,2023-11-22,2025-07-15
00106155,LINESET 3/8 X 7/8 35 FT GRAN,NORTHWIND COMFORT,NW92655B,SP-LIN,156.09,EA,,2019-05-26,2019-09-12
00101397,COND 4 TON 20 SEER SABL,THERMAXIS,TX/10512/E,EQ-CND,2129.18,EA,,2020-02-08,2021-04-12
00101239,COND 4 TON 20 SEER DELT,HELIOTEMP,HT-70809-J,EQ-CND,1596.75,EA,,2023-12-25,2024-03-31
00108205,LINESET 1/4 X 3/8 50 FT TUND,NORTHWIND COMFORT,nw 77553 e,SP-LIN,179.24,EA,,2022-06-30,2024-03-23
00100133,REFRIG R-454B 10 LB CYLINDER FALC,THERMAXIS,TX/67688/C,SP-REF,289.41,EA,,2020-09-05,2023-02-19
00105292,HP 5 TON 15 SEER STER,HELIOTEMP,ht 69998 a,EQ-HTP,2424.43,EA,,2020-09-07,2021-07-21
00103808,CONTR 3 POLE 50 AMP 240V COIL CASC,RIDGEWAY,RW79309K,PT-CON,62.69,EA,,2020-08-03,2020-10-04
00100901,COND 1.5 TON 16 SEER EMBE,RIDGEWAY AIR,RW42771K,EQ-CND,1176.31,EA,,2020-08-07,2022-11-30
00100154,FURN 60K BTU 80% AFUE HARB,BLUEPEAK,bp 21018 e,EQ-FUR,1218.44,EA,,2021-01-13,2022-06-18
00105086,FLTR 20X25X2 MERV 13 GRAN,CORVANE,CV86883J,SP-FLT,26.15,EA,,2021-12-07,2022-05-26
00105703,CONTR 2 POLE 50 AMP 24V COIL KEYS,CORVANE,CV-57549-G,PT-CON,30.86,EA,,2023-04-04,2023-08-27
00100894,CONTR 1 POLE 50 AMP 120V COIL GRAN,THERMAXIS,TX/28402/J,PT-CON,68.25,EA,,2019-03-03,2021-04-04
00105481,CAP 40/5 MFD 440V TUND,NORTHWIND COMFORT,NW/74476/F,PT-CAP,33.75,EA,,2020-04-26,2022-09-22
00103256,REFRIG R-32 25 LB CYLINDER QUAR,ARCTICLINE,AL53905D,SP-REF,185.97,EA,,2022-09-14,2023-09-12
00105121,CONTR 2 POLE 40 AMP 24V COIL SABL,CORVANE,cv 65001 g,PT-CON,27.70,EA,,2024-06-01,2025-01-11
00110199,TSTAT NON-PROGRAMMABLE 2H/2C MERI,HELIOTEMP,ht 96628 g,CT-TST,100.69,EA,,2019-11-12,2021-02-21
00105605,COMP SCROLL 24K BTU R-454B FALC,HELIOTEMP,ht 40345 f,PT-CMP,933.83,EA,,2019-10-17,2021-02-22
00101543,FLTR 20X20X1 MERV 8 CASC,THERMAXIS,TX-32026-F,SP-FLT,16.69,EA,,2020-01-15,2022-04-05
00102318,SNSR OUTDOOR TEMP 20K TUND,THERMAXIS,tx 31747 c,CT-SEN,113.15,EA,,2020-04-27,2020-10-31
00109247,CAP 40/5 MFD 440V MERI,RIDGEWAY AIR,RW-16743-G,PT-CAP,55.40,EA,,2023-05-31,2024-07-02
00100829,HP 4 TON 20 SEER QUAR,THERMAXIS,TX-39963-C,EQ-HTP,3100.08,EA,,2024-02-03,2025-10-17
00106434,TSTAT SMART WI-FI 1H/1C HARB,HELIOTEMP,HT/23345/E,CT-TST,224.69,EA,,2023-07-04,2024-10-20
00110478,FLTR 20X20X1 MERV 11 MERI,NORTHWIND,NW/81887/A,SP-FLT,28.45,EA,,2022-10-16,2024-04-14
00105824,FLTR 20X25X1 MERV 13 QUAR,NORTHWIND COMFORT,nw 82565 b,SP-FLT,35.77,EA,,2023-11-23,2024-07-14
00101074,REFRIG R-22 30 LB CYLINDER VECT,HELIOTEMP,ht 36270 d,SP-REF,188.46,EA,,2019-08-24,2021-09-25
00107280,FURN 40K BTU 96% AFUE STER,NORTHWIND,NW-18281-F,EQ-FUR,1344.77,EA,,2024-01-04,2025-08-04
00108435,LINESET 3/8 X 7/8 35 FT CASC,HELIOTEMP,HT58732A,SP-LIN,131.75,EA,,2020-05-30,2022-02-17
00105720,HP 4 TON 18 SEER LUME,RIDGEWAY,RW35729A,EQ-HTP,2892.22,EA,,2019-11-09,2021-03-13
00102767,COND 3.5 TON 18 SEER DELT,NORTHWIND COMFORT,NW-83486-E,EQ-CND,972.04,EA,,2019-01-20,2020-08-19
00104393,COMP SCROLL 18K BTU R-454B GRAN,RIDGEWAY,rw 20006 b,PT-CMP,1073.85,EA,,2022-08-11,2023-11-03
00109501,TSTAT NON-PROGRAMMABLE 3H/2C KEYS,RIDGEWAY AIR,rw 94309 g,CT-TST,167.66,EA,,2022-06-03,2023-01-15
00108484,MTR 1/2 HP 1075 RPM PION,ARCTICLINE,AL-42883-E,PT-MTR,309.64,EA,,2020-04-30,2022-08-30
00105594,LINESET 3/8 X 7/8 50 FT TRID,CORVANE,cv 58810 b,SP-LIN,110.84,EA,,2021-05-24,2022-01-12
00108478,CONTR 1 POLE 30 AMP 24V COIL APEX,HELIOTEMP,ht 91011 j,PT-CON,51.29,EA,,2021-04-10,2022-01-13
00101278,FLTR 16X25X1 MERV 11 SUMM,BLUEPEAK,BP-62042-H,SP-FLT,27.66,EA,,2019-06-14,2020-01-09
00110904,LINESET 3/8 X 7/8 35 FT VECT,CORVANE,CV58899B,SP-LIN,206.53,EA,,2024-06-11,2026-11-23
00100716,SNSR OUTDOOR TEMP 4-20MA MESA,ARCTICLINE,AL-92871-E,CT-SEN,61.51,EA,,2020-06-27,2022-02-17
00104858,COMP SCROLL 48K BTU R-454B JUNI,CORVANE,CV71456A,PT-CMP,1004.63,EA,,2022-02-26,2023-04-22
00108099,FURN 60K BTU 92% AFUE TRID,ARCTICLINE,AL51822A,EQ-FUR,2164.35,EA,,2023-04-15,2024-07-04
00109955,COMP SCROLL 30K BTU R-410A ZEPH,THERMAXIS,TX67559H,PT-CMP,1445.29,EA,X,2021-05-17,2021-12-31
00100111,SNSR CO2 20K ORIO,ARCTICLINE,AL-35381-K,CT-SEN,117.41,EA,,2024-01-06,2024-11-23
00109316,COMP SCROLL 30K BTU R-410A GRAN,BLUEPEAK,BP69858H,PT-CMP,939.27,EA,,2019-02-05,2020-01-22
00101548,REFRIG R-22 20 LB CYLINDER TUND,ARCTICLINE,AL94005F,SP-REF,317.44,EA,,2020-06-30,2021-02-28
00109750,HP 4 TON 16 SEER KEYS,CORVANE,CV-12892-A,EQ-HTP,3130.58,EA,,2024-05-03,2025-12-19
00108603,LINESET 3/8 X 3/4 35 FT CASC,RIDGEWAY,RW-67329-G,SP-LIN,126.02,EA,,2024-02-10,2026-07-10
00106655,FURN 120K BTU 96% AFUE MERI,CORVANE,CV/44017/B,EQ-FUR,2234.74,EA,,2023-07-15,2024-06-06
00107365,COMP SCROLL 24K BTU R-410A PION,HELIOTEMP,HT75122H,PT-CMP,1096.59,EA,,2024-03-02,2026-06-21
00103022,SNSR OUTDOOR TEMP 20K MESA,HELIOTEMP,HT-53564-E,CT-SEN,101.73,EA,,2021-05-04,2021-05-17
00105153,LINESET 3/8 X 7/8 50 FT VECT,RIDGEWAY AIR,RW/50560/J,SP-LIN,217.62,EA,,2021-01-12,2021-08-08
00104184,SNSR OUTDOOR TEMP 20K PION,NORTHWIND COMFORT,NW87823H,CT-SEN,115.01,EA,X,2019-09-05,2019-12-20
00110570,CAP 45/7.5 MFD 370V BEAC,BLUEPEAK,bp 57411 g,PT-CAP,29.59,EA,,2023-01-17,2025-02-07
00108683,AHU 3 TON UPFLOW PION,ARCTICLINE,AL/13748/H,EQ-AHU,1435.31,EA,,2024-08-22,2025-08-13
00103434,CAP 35/3 MFD 440V LUME,NORTHWIND,NW38797F,PT-CAP,44.86,EA,X,2019-06-22,2019-10-02
00108873,HP 2 TON 18 SEER MERI,ARCTICLINE,AL-48615-A,EQ-HTP,2253.25,EA,,2020-08-18,2021-12-02
00111208,TSTAT NON-PROGRAMMABLE 1H/1C SUMM,THERMAXIS,TX-37729-G,CT-TST,86.54,EA,,2019-06-15,2020-05-12
00110130,FLTR 16X20X4 MERV 11 DELT,RIDGEWAY AIR,RW-74166-A,SP-FLT,30.34,EA,,2023-10-23,2025-03-19
00108505,TSTAT SMART WI-FI 1H/1C EMBE,CORVANE,CV/62690/E,CT-TST,181.13,EA,,2022-11-22,2025-01-08
00103885,CONTR 2 POLE 50 AMP 24V COIL ATLA,CORVANE,CV83019B,PT-CON,77.53,EA,,2020-10-01,2021-06-18
00109055,MTR 3/4 HP 1625 RPM TUND,ARCTICLINE,AL66710E,PT-MTR,299.56,EA,,2022-10-31,2025-01-08
00102271,REFRIG R-410A 30 LB CYLINDER ZEPH,CORVANE,cv 74617 f,SP-REF,325.87,EA,,2022-02-10,2024-01-10
00108047,TSTAT PROGRAMMABLE 2H/2C JUNI,RIDGEWAY,RW27950H,CT-TST,287.47,EA,,2024-01-29,2025-10-07
00107016,HP 5 TON 16 SEER PION,THERMAXIS,tx 20335 d,EQ-HTP,2768.99,EA,,2022-09-10,2024-02-14
00107269,LINESET 1/4 X 3/8 15 FT ORIO,THERMAXIS,tx 37455 b,SP-LIN,165.77,EA,,2022-05-26,2024-05-03
00107427,CAP 60/7.5 MFD 370V QUAR,NORTHWIND,NW72016A,PT-CAP,48.77,EA,,2023-06-06,2023-11-03
00101356,REFRIG R-454B 30 LB CYLINDER SABL,NORTHWIND COMFORT,NW-85423-G,SP-REF,282.74,EA,,2019-12-27,2021-05-01
00109794,AHU 2 TON HORIZONTAL MESA,NORTHWIND COMFORT,NW15375F,EQ-AHU,1403.12,EA,,2023-04-03,2025-04-27
00104524,MTR 1/6 HP 825 RPM EMBE,BLUEPEAK,BP52037J,PT-MTR,80.53,EA,,2022-05-09,2024-08-09
00108461,REFRIG R-410A 30 LB CYLINDER SABL,BLUEPEAK,BP-20412-C,SP-REF,249.05,EA,,2023-02-27,2025-03-15
00103155,CAP 40/5 MFD 440V KEYS,BLUEPEAK,BP-71547-H,PT-CAP,58.16,EA,X,2023-02-14,2025-05-25
00103670,MTR 1/2 HP 1075 RPM ZEPH,NORTHWIND,NW/86804/D,PT-MTR,181.57,EA,,2019-07-12,2021-01-18
00109861,SNSR HUMIDITY 4-20MA VECT,THERMAXIS,TX-17060-A,CT-SEN,62.04,EA,,2021-03-14,2021-04-22
00101353,SNSR OUTDOOR TEMP 20K ORIO,CORVANE,CV-69281-H,CT-SEN,42.97,EA,X,2022-12-15,2025-05-03
00107805,MTR 3/4 HP 1075 RPM MESA,THERMAXIS,tx 93766 b,PT-MTR,442.28,EA,,2019-06-08,2021-08-03
00104920,LINESET 1/4 X 3/8 50 FT MERI,BLUEPEAK,BP/26894/E,SP-LIN,119.12,EA,,2020-04-15,2020-05-13
00108914,LINESET 1/4 X 3/8 25 FT ORIO,ARCTICLINE,AL/31052/F,SP-LIN,219.04,EA,,2022-04-26,2023-08-31
00104098,COMP SCROLL 18K BTU R-410A MERI,NORTHWIND COMFORT,NW55123K,PT-CMP,861.20,EA,,2019-09-18,2021-11-16
00108994,FLTR 20X20X1 MERV 11 ATLA,CORVANE,CV-63987-D,SP-FLT,9.71,EA,,2023-04-10,2025-08-23
00110080,FLTR 20X20X4 MERV 11 ATLA,ARCTICLINE,AL-17199-J,SP-FLT,4.94,EA,,2024-03-27,2024-05-07
00104103,FLTR 20X20X1 MERV 11 ORIO,BLUEPEAK,BP-84133-E,SP-FLT,22.66,EA,,2022-01-14,2023-11-08
00107972,FLTR 16X25X2 MERV 13 FALC,CORVANE,CV17579E,SP-FLT,10.50,EA,,2024-10-18,2025-12-26
00100696,CONTR 3 POLE 30 AMP 120V COIL ATLA,NORTHWIND,NW-92666-J,PT-CON,42.99,EA,,2019-01-27,2019-03-27
00102822,HP 2 TON 14 SEER APEX,ARCTICLINE,AL-93094-H,EQ-HTP,1928.20,EA,,2021-11-24,2023-08-13
00108358,MTR 1/2 HP 1075 RPM SUMM,BLUEPEAK,BP/49614/G,PT-MTR,267.11,EA,,2021-02-02,2022-01-16
00110014,COND 2.5 TON 18 SEER ORIO,NORTHWIND COMFORT,nw 64421 c,EQ-CND,963.08,EA,,2022-08-31,2023-12-14
00105037,SNSR DUCT TEMP 10K ATLA,RIDGEWAY,RW42210C,CT-SEN,63.99,EA,,2021-10-26,2023-03-10
00108283,FURN 60K BTU 97% AFUE APEX,ARCTICLINE,AL-58196-A,EQ-FUR,2450.33,EA,,2021-01-05,2021-06-22
00101761,MTR 1 HP 825 RPM JUNI,NORTHWIND COMFORT,NW93871F,PT-MTR,437.44,EA,,2021-05-19,2023-02-21
00110066,HP 2 TON 14 SEER SABL,RIDGEWAY AIR,rw 61169 d,EQ-HTP,2086.76,EA,,2022-10-20,2025-01-30
00102972,FURN 100K BTU 96% AFUE PION,CORVANE,CV56136G,EQ-FUR,1953.41,EA,,2024-03-20,2025-11-30
00106254,CAP 45/10 MFD 370V STER,RIDGEWAY,rw 65095 h,PT-CAP,59.44,EA,,2020-02-27,2020-08-27
00105802,HP 4 TON 20 SEER DELT,RIDGEWAY AIR,RW-17326-B,EQ-HTP,2076.46,EA,,2020-11-01,2021-11-15
00111169,AHU 2.5 TON UPFLOW VECT,CORVANE,CV57140G,EQ-AHU,938.38,EA,,2019-07-27,2021-08-23
00102014,COMP SCROLL 60K BTU R-410A GRAN,BLUEPEAK,BP/53986/H,PT-CMP,1497.70,EA,,2023-09-08,2025-12-26
00108778,MTR 1/4 HP 1625 RPM ZEPH,HELIOTEMP,ht 78745 b,PT-MTR,70.75,EA,,2019-06-20,2019-09-28
00101519,FURN 80K BTU 80% AFUE MESA,ARCTICLINE,al 86693 k,EQ-FUR,1966.26,EA,,2021-09-28,2022-11-11
00111056,HP 3.5 TON 20 SEER HARB,BLUEPEAK,BP16383J,EQ-HTP,1644.78,EA,,2019-05-19,2021-10-16
00103771,FURN 60K BTU 92% AFUE ZEPH,BLUEPEAK,bp 16563 k,EQ-FUR,1541.31,EA,,2022-10-22,2023-02-09
00108709,COND 3 TON 18 SEER KEYS,THERMAXIS,TX-63437-E,EQ-CND,3391.59,EA,X,2020-05-28,2020-12-08
00102084,REFRIG R-454B 20 LB CYLINDER EMBE,HELIOTEMP,ht 61314 a,SP-REF,195.31,EA,,2020-09-30,2022-10-16
00110660,COND 4 TON 15 SEER STER,BLUEPEAK,BP56714E,EQ-CND,1367.75,EA,,2021-08-15,2022-01-21
00103801,TSTAT SMART WI-FI 3H/2C BEAC,BLUEPEAK,BP/79913/A,CT-TST,219.75,EA,,2019-02-27,2021-04-09
00104207,FURN 120K BTU 92% AFUE ATLA,CORVANE,CV/32430/E,EQ-FUR,1680.81,EA,,2020-09-01,2023-01-26
00101672,COND 2.5 TON 15 SEER SUMM,CORVANE,cv 73854 j,EQ-CND,2388.73,EA,,2019-05-10,2021-10-13
00104964,COMP SCROLL 30K BTU R-454B CASC,ARCTICLINE,AL/16903/K,PT-CMP,1403.54,EA,,2019-10-09,2020-05-11
00104630,CAP 55/5 MFD 440V MERI,ARCTICLINE,AL-79529-B,PT-CAP,43.77,EA,,2021-03-12,2021-05-18
00104828,TSTAT PROGRAMMABLE 3H/2C FALC,ARCTICLINE,AL-44218-F,CT-TST,179.18,EA,,2024-08-03,2026-12-11
00100281,HP 3.5 TON 14 SEER VECT,NORTHWIND COMFORT,NW-28578-J,EQ-HTP,1887.85,EA,,2023-01-12,2023-03-31
00100423,FURN 80K BTU 92% AFUE GRAN,CORVANE,CV18238K,EQ-FUR,1409.31,EA,,2022-01-20,2022-06-24
00102443,CONTR 1 POLE 50 AMP 24V COIL HARB,HELIOTEMP,HT36201H,PT-CON,44.96,EA,,2023-12-06,2024-02-08
00106116,REFRIG R-454B 20 LB CYLINDER VECT,NORTHWIND COMFORT,NW-84247-G,SP-REF,287.91,EA,,2020-07-27,2022-05-06
00107346,MTR 1/6 HP 1075 RPM CASC,THERMAXIS,tx 43522 e,PT-MTR,365.39,EA,,2019-12-11,2021-04-18
00101359,REFRIG R-22 30 LB CYLINDER LUME,BLUEPEAK,BP70849F,SP-REF,108.19,EA,,2022-12-09,2024-09-24
00110653,COND 3.5 TON 20 SEER DELT,THERMAXIS,TX79143K,EQ-CND,3759.79,EA,,2021-10-11,2023-10-22
00104568,AHU 3 TON UPFLOW ATLA,NORTHWIND,NW/17904/F,EQ-AHU,1298.56,EA,,2020-06-08,2022-02-12
00103198,CONTR 3 POLE 30 AMP 24V COIL KEYS,RIDGEWAY,RW88192G,PT-CON,19.35,EA,,2022-01-12,2024-06-17
00108612,FURN 40K BTU 80% AFUE STER,BLUEPEAK,bp 53658 c,EQ-FUR,2199.61,EA,,2021-01-12,2021-09-06
00102931,MTR 3/4 HP 1625 RPM ATLA,HELIOTEMP,ht 34486 h,PT-MTR,267.23,EA,,2024-08-11,2026-05-16
00100801,HP 4 TON 14 SEER ORIO,HELIOTEMP,HT-31574-B,EQ-HTP,1738.70,EA,,2020-09-10,2021-02-10
00109693,CONTR 3 POLE 40 AMP 240V COIL PION,BLUEPEAK,BP/23822/E,PT-CON,43.72,EA,,2019-02-18,2019-04-19
00105431,CONTR 1 POLE 40 AMP 240V COIL FALC,ARCTICLINE,AL/85435/E,PT-CON,69.93,EA,,2019-02-17,2020-10-31
00105461,LINESET 1/4 X 3/8 35 FT PION,NORTHWIND,NW-34443-F,SP-LIN,256.16,EA,,2023-12-09,2024-07-21
00105715,COND 1.5 TON 16 SEER JUNI,NORTHWIND COMFORT,NW44410K,EQ-CND,3066.80,EA,,2023-01-17,2024-09-24
00108067,LINESET 1/4 X 3/8 25 FT JUNI,CORVANE,cv 11096 h,SP-LIN,207.75,EA,,2022-11-21,2024-11-17
00102728,REFRIG R-22 10 LB CYLINDER EMBE,BLUEPEAK,BP87619E,SP-REF,276.32,EA,,2021-01-13,2022-10-02
00106653,HP 2 TON 18 SEER QUAR,NORTHWIND COMFORT,nw 71913 d,EQ-HTP,2993.31,EA,,2020-03-09,2020-07-15
00106297,COND 5 TON 16 SEER HARB,NORTHWIND,NW/58040/E,EQ-CND,3863.74,EA,,2023-10-18,2024-04-10
00100799,AHU 5 TON UPFLOW CASC,RIDGEWAY,RW89022J,EQ-AHU,1209.85,EA,,2021-08-25,2023-05-18
00100359,CAP 40/10 MFD 370V MESA,HELIOTEMP,ht 81696 d,PT-CAP,9.96,EA,,2023-08-14,2024-04-13
00104017,COND 2.5 TON 15 SEER STER,HELIOTEMP,HT-37801-F,EQ-CND,1249.31,EA,,2023-02-13,2025-03-21
00100645,FLTR 20X25X2 MERV 8 ORIO,THERMAXIS,TX-17357-J,SP-FLT,35.30,EA,,2023-12-23,2023-12-27
00106534,FLTR 20X25X1 MERV 13 STER,ARCTICLINE,AL19363K,SP-FLT,38.08,EA,,2020-07-17,2021-12-20
00104593,FURN 40K BTU 80% AFUE BEAC,BLUEPEAK,BP/90710/A,EQ-FUR,1093.25,EA,,2020-05-27,2020-08-15
00109424,COMP SCROLL 42K BTU R-454B CASC,RIDGEWAY AIR,RW-95513-D,PT-CMP,1456.94,EA,,2019-09-02,2021-07-30
00108444,COMP SCROLL 24K BTU R-410A VECT,NORTHWIND,NW-78538-K,PT-CMP,500.11,EA,,2020-04-16,2020-12-03
00110344,HP 3 TON 20 SEER GRAN,ARCTICLINE,AL60406G,EQ-HTP,2679.53,EA,,2022-08-20,2023-07-24
00105401,FURN 100K BTU 80% AFUE SABL,BLUEPEAK,bp 20110 j,EQ-FUR,1872.34,EA,,2020-04-23,2022-05-21
00106158,CAP 60/10 MFD 370V MERI,RIDGEWAY,RW22338D,PT-CAP,28.92,EA,,2023-11-30,2025-05-24
00105784,HP 2.5 TON 16 SEER JUNI,CORVANE,cv 46630 g,EQ-HTP,4044.35,EA,,2021-04-04,2021-05-22
00108239,COMP SCROLL 30K BTU R-410A SUMM,THERMAXIS,TX-73586-E,PT-CMP,598.80,EA,,2023-10-20,2023-12-10
00107607,REFRIG R-32 30 LB CYLINDER FALC,CORVANE,CV57802D,SP-REF,217.32,EA,,2020-07-06,2022-07-12
00102611,FURN 40K BTU 96% AFUE SABL,ARCTICLINE,al 27048 f,EQ-FUR,1370.69,EA,,2020-12-23,2021-01-17
00109878,CAP 40/10 MFD 440V APEX,CORVANE,CV-83298-B,PT-CAP,46.76,EA,,2019-02-04,2020-07-06
00100095,TSTAT NON-PROGRAMMABLE 2H/2C ATLA,ARCTICLINE,AL72733C,CT-TST,162.42,EA,X,2021-04-20,2022-10-26
00105357,FLTR 20X25X1 MERV 8 PION,CORVANE,CV84076F,SP-FLT,37.03,EA,,2020-06-13,2021-12-24
00110721,AHU 4 TON MULTI-POSITION KEYS,RIDGEWAY,rw 53216 c,EQ-AHU,2157.02,EA,,2024-02-07,2025-06-15
00106117,CONTR 1 POLE 40 AMP 240V COIL ATLA,ARCTICLINE,AL-98778-G,PT-CON,55.07,EA,,2022-05-08,2022-09-28
00104790,FURN 40K BTU 97% AFUE MESA,HELIOTEMP,HT78273F,EQ-FUR,886.58,EA,,2020-01-22,2022-04-24
00103825,CONTR 2 POLE 50 AMP 240V COIL FALC,NORTHWIND COMFORT,NW15298K,PT-CON,74.20,EA,,2024-02-26,2026-02-26
00105585,FLTR 16X25X2 MERV 13 SUMM,HELIOTEMP,HT/90462/A,SP-FLT,22.65,EA,,2020-11-04,2021-02-27
00109384,COND 3.5 TON 15 SEER CASC,BLUEPEAK,BP/24188/D,EQ-CND,1315.38,EA,,2023-10-14,2024-05-07
00100788,COMP SCROLL 60K BTU R-454B TUND,CORVANE,cv 85912 d,PT-CMP,508.62,EA,,2024-03-07,2024-04-25
00101259,CONTR 2 POLE 50 AMP 240V COIL TUND,RIDGEWAY AIR,RW78893A,PT-CON,40.78,EA,,2019-08-01,2019-12-08
00108975,SNSR CO2 10K JUNI,ARCTICLINE,al 91476 c,CT-SEN,121.31,EA,,2023-12-10,2024-01-14
00103732,MTR 1/6 HP 1625 RPM CASC,CORVANE,CV-23047-H,PT-MTR,334.73,EA,,2024-08-26,2025-04-18
00104876,COND 4 TON 18 SEER PION,CORVANE,cv 88219 b,EQ-CND,2761.85,EA,,2024-08-11,2026-11-18
00104843,FLTR 20X20X4 MERV 11 SABL,ARCTICLINE,AL44495E,SP-FLT,9.72,EA,,2023-02-04,2023-12-05
00100257,TSTAT SMART WI-FI 3H/2C TUND,RIDGEWAY AIR,RW-84417-C,CT-TST,27.98,EA,,2019-09-06,2019-10-23
00106403,COMP SCROLL 18K BTU R-410A VECT,HELIOTEMP,HT-88879-H,PT-CMP,1304.97,EA,,2023-03-13,2024-03-23
00104722,LINESET 1/4 X 3/8 25 FT STER,BLUEPEAK,bp 53831 a,SP-LIN,206.28,EA,,2020-08-08,2021-12-24
00110684,MTR 1/4 HP 1075 RPM TUND,HELIOTEMP,ht 63041 f,PT-MTR,66.47,EA,,2021-07-18,2023-12-08
00110355,HP 1.5 TON 18 SEER KEYS,ARCTICLINE,al 94641 k,EQ-HTP,3698.30,EA,,2021-12-12,2021-12-27
00110172,SNSR CO2 10K TUND,NORTHWIND COMFORT,nw 38127 f,CT-SEN,31.52,EA,,2024-06-14,2026-09-19
00107741,COND 2 TON 15 SEER BEAC,NORTHWIND,NW30586G,EQ-CND,3678.99,EA,,2020-08-26,2021-01-30
00108414,CAP 45/5 MFD 440V GRAN,RIDGEWAY,RW-66931-C,PT-CAP,19.77,EA,,2019-01-19,2021-02-20
00103627,FURN 40K BTU 80% AFUE FALC,HELIOTEMP,HT-47608-A,EQ-FUR,2245.40,EA,,2022-06-06,2024-11-06
00107339,SNSR OUTDOOR TEMP 10K HARB,BLUEPEAK,BP24610B,CT-SEN,35.75,EA,,2022-07-30,2023-09-21
00105916,CAP 60/5 MFD 440V ZEPH,BLUEPEAK,bp 20090 c,PT-CAP,43.29,EA,,2020-07-31,2020-12-30
00110314,SNSR OUTDOOR TEMP 10K ZEPH,THERMAXIS,TX85530A,CT-SEN,70.92,EA,,2022-01-05,2023-12-21
00109351,SNSR OUTDOOR TEMP 10K QUAR,NORTHWIND COMFORT,NW64635G,CT-SEN,89.51,EA,,2021-06-27,2023-02-10
00109701,MTR 3/4 HP 825 RPM BEAC,BLUEPEAK,BP-10718-K,PT-MTR,121.05,EA,,2021-05-02,2021-10-09
00110374,FURN 80K BTU 97% AFUE LUME,THERMAXIS,TX97931G,EQ-FUR,1379.60,EA,,2020-07-09,2022-08-11
00109870,LINESET 1/4 X 3/8 50 FT LUME,HELIOTEMP,HT-20910-J,SP-LIN,225.46,EA,,2020-05-13,2020-11-27
00102558,HP 1.5 TON 20 SEER STER,NORTHWIND COMFORT,NW-42106-G,EQ-HTP,4155.78,EA,,2020-01-03,2020-09-18
00110351,CAP 35/3 MFD 370V ORIO,NORTHWIND COMFORT,NW-60546-J,PT-CAP,48.50,EA,,2020-11-05,2022-03-16
00109734,TSTAT NON-PROGRAMMABLE 1H/1C JUNI,NORTHWIND,nw 71619 j,CT-TST,179.49,EA,,2023-03-08,2025-02-05
00102564,HP 2.5 TON 14 SEER EMBE,RIDGEWAY,RW/44103/G,EQ-HTP,3227.20,EA,,2020-12-23,2021-03-03
00102879,SNSR OUTDOOR TEMP 10K ORIO,THERMAXIS,TX52868D,CT-SEN,107.77,EA,,2021-12-25,2023-03-12
00101578,TSTAT PROGRAMMABLE 2H/2C SUMM,NORTHWIND,NW/29023/E,CT-TST,123.27,EA,,2020-11-21,2022-05-18
00101947,REFRIG R-454B 20 LB CYLINDER PION,THERMAXIS,TX-57945-D,SP-REF,322.05,EA,,2020-09-16,2022-04-14
00102038,FLTR 16X25X2 MERV 11 BEAC,CORVANE,CV-36249-H,SP-FLT,38.20,EA,,2019-07-29,2019-09-03
00103253,CONTR 1 POLE 50 AMP 24V COIL MERI,BLUEPEAK,BP-66793-E,PT-CON,58.66,EA,,2020-01-10,2020-04-28
00106935,TSTAT PROGRAMMABLE 3H/2C QUAR,THERMAXIS,TX68167G,CT-TST,224.60,EA,,2019-04-24,2020-03-29
00104073,TSTAT NON-PROGRAMMABLE 1H/1C TRID,ARCTICLINE,AL/88745/B,CT-TST,122.79,EA,,2020-09-04,2022-02-26
00107818,HP 3.5 TON 16 SEER ATLA,BLUEPEAK,bp 66892 a,EQ-HTP,3075.39,EA,,2021-05-25,2021-10-14
00106426,MTR 1/2 HP 1625 RPM APEX,ARCTICLINE,AL-58211-E,PT-MTR,395.57,EA,,2022-12-30,2024-09-09
00108215,FLTR 20X20X2 MERV 8 STER,BLUEPEAK,BP/33556/C,SP-FLT,39.29,EA,X,2023-04-10,2025-08-18
00110271,AHU 5 TON HORIZONTAL VECT,ARCTICLINE,AL81583F,EQ-AHU,1645.93,EA,,2021-01-19,2022-05-12
00111277,CAP 60/5 MFD 370V FALC,ARCTICLINE,AL95061A,PT-CAP,36.57,EA,,2020-03-13,2022-03-15
00100935,FLTR 16X20X1 MERV 13 PION,NORTHWIND COMFORT,NW-16012-F,SP-FLT,33.69,EA,,2020-01-20,2020-01-27
00103643,COMP SCROLL 18K BTU R-454B KEYS,CORVANE,CV/39891/G,PT-CMP,1609.15,EA,,2022-08-10,2024-10-31
00105885,CAP 35/7.5 MFD 370V GRAN,BLUEPEAK,BP94849C,PT-CAP,42.36,EA,,2022-02-12,2022-06-08
00110216,COND 3 TON 18 SEER ZEPH,NORTHWIND COMFORT,NW-20388-A,EQ-CND,1894.73,EA,,2022-05-24,2023-08-29
00105981,AHU 5 TON HORIZONTAL TUND,THERMAXIS,TX30836K,EQ-AHU,2114.78,EA,,2021-09-28,2024-02-22
00106136,REFRIG R-32 20 LB CYLINDER CASC,BLUEPEAK,BP-66563-B,SP-REF,407.17,EA,,2020-02-25,2021-12-20
00106237,TSTAT SMART WI-FI 2H/2C SUMM,HELIOTEMP,HT78781H,CT-TST,82.90,EA,,2019-03-26,2020-09-05
00109526,LINESET 3/8 X 7/8 25 FT KEYS,RIDGEWAY AIR,RW/92291/G,SP-LIN,186.11,EA,,2021-12-04,2022-06-07
00103904,SNSR HUMIDITY 4-20MA SUMM,RIDGEWAY,RW-75140-F,CT-SEN,103.57,EA,,2021-05-25,2022-05-24
00105942,MTR 1/2 HP 1075 RPM KEYS,RIDGEWAY,RW-16864-G,PT-MTR,94.85,EA,,2023-06-16,2025-09-18
00104673,FLTR 16X20X2 MERV 8 JUNI,THERMAXIS,TX-38367-C,SP-FLT,24.64,EA,,2023-12-06,2026-01-28
00102244,AHU 4 TON MULTI-POSITION KEYS,THERMAXIS,TX/10046/C,EQ-AHU,803.49,EA,,2021-10-04,2023-09-21
00102676,HP 4 TON 16 SEER SABL,THERMAXIS,TX-86454-D,EQ-HTP,4091.22,EA,,2023-07-05,2024-02-28
00106146,AHU 5 TON HORIZONTAL SUMM,THERMAXIS,tx 17051 h,EQ-AHU,1670.84,EA,,2023-10-09,2024-09-02
00103083,LINESET 3/8 X 3/4 50 FT MERI,BLUEPEAK,BP35016E,SP-LIN,260.57,EA,,2021-05-14,2021-12-12
00102590,COMP SCROLL 18K BTU R-454B MERI,THERMAXIS,TX/49736/G,PT-CMP,854.09,EA,,2020-12-10,2022-01-09
00111079,SNSR HUMIDITY 20K TRID,RIDGEWAY,RW-32176-C,CT-SEN,100.36,EA,,2019-12-12,2021-07-04
00107159,CAP 50/3 MFD 370V VECT,ARCTICLINE,AL/98347/E,PT-CAP,10.76,EA,,2024-05-18,2025-05-22
00105841,REFRIG R-454B 25 LB CYLINDER FALC,NORTHWIND,NW/37462/F,SP-REF,304.17,EA,,2021-07-29,2022-07-14
00109134,CONTR 1 POLE 50 AMP 24V COIL GRAN,HELIOTEMP,HT72882G,PT-CON,36.71,EA,,2019-10-06,2019-11-19
00106020,HP 5 TON 14 SEER FALC,HELIOTEMP,ht 63059 b,EQ-HTP,1814.48,EA,,2019-02-20,2021-04-08
00104214,MTR 3/4 HP 1625 RPM ORIO,BLUEPEAK,BP46129H,PT-MTR,361.29,EA,,2020-10-01,2023-03-10
00101003,SNSR CO2 20K ZEPH,THERMAXIS,TX18810A,CT-SEN,82.29,EA,,2020-09-28,2020-11-14
00108264,REFRIG R-410A 30 LB CYLINDER EMBE,BLUEPEAK,bp 39194 c,SP-REF,216.56,EA,,2019-05-18,2021-01-26
00108824,SNSR DUCT TEMP 10K ORIO,THERMAXIS,TX45021E,CT-SEN,41.10,EA,,2022-01-23,2024-04-16
00106339,AHU 4 TON HORIZONTAL BEAC,THERMAXIS,tx 48705 b,EQ-AHU,810.07,EA,,2023-06-11,2023-10-06
00109575,MTR 1 HP 1075 RPM MERI,HELIOTEMP,HT/12577/G,PT-MTR,399.33,EA,,2021-02-13,2021-08-21
00100858,FLTR 20X25X4 MERV 8 MERI,NORTHWIND,NW/90478/F,SP-FLT,26.47,EA,,2021-10-31,2023-05-17
00108324,AHU 2 TON UPFLOW FALC,HELIOTEMP,HT-21790-A,EQ-AHU,1021.36,EA,,2024-01-22,2025-07-20
00102288,LINESET 3/8 X 3/4 50 FT ATLA,NORTHWIND,NW24211E,SP-LIN,135.13,EA,X,2022-08-02,2023-08-14
00104657,FLTR 16X25X4 MERV 13 QUAR,NORTHWIND COMFORT,NW-37493-H,SP-FLT,22.87,EA,,2020-11-24,2023-05-04
00102309,FURN 100K BTU 96% AFUE ORIO,THERMAXIS,TX61844J,EQ-FUR,2261.84,EA,,2020-05-11,2021-04-26
00108850,HP 3 TON 14 SEER MESA,ARCTICLINE,AL89173J,EQ-HTP,3171.05,EA,,2020-06-13,2020-07-01
00102433,COND 3 TON 14 SEER VECT,ARCTICLINE,AL36733K,EQ-CND,2517.74,EA,,2019-10-18,2020-10-06
00103157,COMP SCROLL 30K BTU R-454B APEX,NORTHWIND,NW-60467-K,PT-CMP,1065.35,EA,,2022-07-09,2023-02-08
00100532,CAP 55/10 MFD 370V GRAN,CORVANE,CV91309C,PT-CAP,40.76,EA,,2021-06-28,2021-12-07
00100996,CONTR 3 POLE 50 AMP 24V COIL APEX,ARCTICLINE,AL-75243-K,PT-CON,48.35,EA,,2020-05-01,2020-07-12
00108866,COND 3 TON 20 SEER ZEPH,CORVANE,CV-60182-C,EQ-CND,1199.68,EA,,2023-05-05,2025-03-28
00101924,COND 4 TON 20 SEER KEYS,RIDGEWAY,RW52516H,EQ-CND,2509.31,EA,,2022-07-16,2023-05-29
00104968,TSTAT PROGRAMMABLE 2H/2C MESA,RIDGEWAY,RW/65739/E,CT-TST,198.56,EA,,2023-02-03,2024-01-14
00107512,AHU 3 TON HORIZONTAL EMBE,NORTHWIND COMFORT,NW/56298/B,EQ-AHU,2011.51,EA,,2019-04-15,2021-01-05
00109744,REFRIG R-454B 25 LB CYLINDER HARB,CORVANE,CV/34676/C,SP-REF,335.28,EA,,2023-10-20,2024-05-29
00103061,COMP SCROLL 60K BTU R-410A JUNI,THERMAXIS,TX-69190-H,PT-CMP,1484.81,EA,,2022-10-12,2023-06-10
00109082,AHU 2.5 TON UPFLOW BEAC,NORTHWIND COMFORT,NW-61886-J,EQ-AHU,1976.07,EA,,2022-06-26,2023-11-13
00104361,MTR 1/6 HP 1075 RPM FALC,CORVANE,CV-92367-B,PT-MTR,326.55,EA,,2023-10-30,2024-03-04
00108527,CAP 50/7.5 MFD 370V TRID,THERMAXIS,TX-60303-J,PT-CAP,42.95,EA,,2020-01-28,2021-07-13
00103564,FURN 60K BTU 97% AFUE SUMM,CORVANE,cv 15021 k,EQ-FUR,897.49,EA,,2023-11-19,2024-01-14
00107121,FLTR 20X20X2 MERV 11 APEX,ARCTICLINE,AL/27251/H,SP-FLT,32.74,EA,,2021-10-27,2023-04-02
00103637,LINESET 3/8 X 7/8 50 FT KEYS,NORTHWIND COMFORT,NW-26037-B,SP-LIN,169.81,EA,,2022-05-14,2022-06-26
00102627,CAP 60/10 MFD 440V CASC,THERMAXIS,TX10988A,PT-CAP,12.80,EA,,2023-03-26,2024-12-18
00100140,REFRIG R-32 30 LB CYLINDER EMBE,BLUEPEAK,BP/76605/J,SP-REF,351.19,EA,,2024-09-10,2026-04-09
00110799,FURN 100K BTU 97% AFUE CASC,THERMAXIS,TX71405B,EQ-FUR,2099.75,EA,,2023-08-28,2024-10-03
00102269,CONTR 3 POLE 50 AMP 240V COIL MERI,ARCTICLINE,AL46814D,PT-CON,32.69,EA,,2019-04-16,2019-12-31
00106167,MTR 3/4 HP 1075 RPM HARB,NORTHWIND COMFORT,NW-41542-D,PT-MTR,228.51,EA,,2021-03-31,2021-06-01
00110230,FURN 60K BTU 92% AFUE JUNI,HELIOTEMP,ht 55863 a,EQ-FUR,1563.31,EA,,2024-04-10,2024-04-13
00102156,MTR 1/2 HP 1075 RPM SUMM,THERMAXIS,TX/91820/J,PT-MTR,103.34,EA,,2020-05-09,2020-11-09
00110979,REFRIG R-454B 20 LB CYLINDER CASC,CORVANE,CV-77805-H,SP-REF,184.96,EA,,2019-08-08,2020-10-07
00104243,COMP SCROLL 42K BTU R-410A ATLA,BLUEPEAK,BP-48165-E,PT-CMP,1380.41,EA,,2019-08-11,2020-02-14
00109521,COMP SCROLL 60K BTU R-410A TRID,BLUEPEAK,bp 15877 b,PT-CMP,1568.45,EA,,2019-02-03,2019-08-16
00108986,TSTAT PROGRAMMABLE 1H/1C DELT,HELIOTEMP,HT-42506-D,CT-TST,292.38,EA,,2019-08-03,2020-02-17
00108188,SNSR DUCT TEMP 20K DELT,HELIOTEMP,HT/73364/F,CT-SEN,78.57,EA,,2019-04-16,2019-06-03
00107842,MTR 3/4 HP 1075 RPM FALC,BLUEPEAK,bp 98221 e,PT-MTR,241.32,EA,,2020-10-09,2022-07-18
00101144,FLTR 16X25X2 MERV 8 PION,ARCTICLINE,AL17435C,SP-FLT,30.91,EA,,2020-08-15,2021-12-02
00108745,AHU 2.5 TON UPFLOW TUND,ARCTICLINE,AL57653H,EQ-AHU,1968.91,EA,,2019-06-14,2020-01-26
00100850,COND 5 TON 16 SEER MESA,BLUEPEAK,BP78378F,EQ-CND,2028.15,EA,,2024-02-15,2025-05-19
00100982,FLTR 16X20X1 MERV 8 TUND,RIDGEWAY AIR,RW/97425/H,SP-FLT,27.02,EA,,2020-12-13,2022-07-15
00103382,CAP 40/3 MFD 440V SUMM,CORVANE,cv 62355 d,PT-CAP,43.33,EA,,2023-09-27,2023-10-31
00107775,CONTR 1 POLE 30 AMP 120V COIL PION,RIDGEWAY,rw 39835 c,PT-CON,43.41,EA,,2021-12-03,2023-02-02
00104188,TSTAT PROGRAMMABLE 3H/2C EMBE,CORVANE,CV-68337-K,CT-TST,157.74,EA,,2020-06-17,2022-09-15
00101641,HP 2.5 TON 14 SEER GRAN,CORVANE,CV-11988-K,EQ-HTP,4219.20,EA,,2024-02-26,2024-12-23
00109342,COND 2.5 TON 18 SEER DELT,CORVANE,CV/61443/B,EQ-CND,1558.84,EA,,2022-08-15,2023-09-05
00109163,COND 3 TON 15 SEER CASC,NORTHWIND COMFORT,nw 75687 d,EQ-CND,1954.44,EA,,2023-01-06,2025-02-07
00108316,AHU 2 TON UPFLOW FALC,HELIOTEMP,HT21790A,EQ-AHU,1061.74,EA,,2022-12-25,2024-09-19
00101255,HP 4 TON 20 SEER FALC,THERMAXIS,TX70562G,EQ-HTP,1625.85,EA,X,2019-03-17,2019-11-11
00104808,REFRIG R-410A 20 LB CYLINDER DELT,NORTHWIND,NW-89511-D,SP-REF,298.74,EA,,2024-09-07,2026-08-13
00102117,CAP 35/7.5 MFD 370V MERI,RIDGEWAY AIR,RW83292H,PT-CAP,12.87,EA,,2020-04-07,2022-06-15
00103781,COND 2 TON 16 SEER BEAC,RIDGEWAY,RW/85624/H,EQ-CND,2008.42,EA,,2022-04-27,2022-07-20
00100950,FURN 80K BTU 96% AFUE QUAR,HELIOTEMP,HT-72198-J,EQ-FUR,1802.65,EA,,2021-05-13,2021-07-13
00109009,COMP SCROLL 18K BTU R-410A HARB,CORVANE,cv 24040 h,PT-CMP,1189.21,EA,,2019-05-24,2021-09-25
00100375,CONTR 1 POLE 40 AMP 24V COIL PION,RIDGEWAY AIR,RW-54309-G,PT-CON,36.53,EA,,2023-06-12,2025-08-16
00103447,REFRIG R-454B 20 LB CYLINDER BEAC,CORVANE,CV18843C,SP-REF,323.76,EA,,2021-11-25,2022-03-14
00100342,COMP SCROLL 18K BTU R-454B SUMM,BLUEPEAK,BP79187H,PT-CMP,1634.14,EA,,2021-10-14,2022-10-24
00109949,CONTR 2 POLE 30 AMP 240V COIL DELT,BLUEPEAK,bp 85408 a,PT-CON,54.87,EA,,2021-09-14,2023-08-03
00107188,SNSR HUMIDITY 10K MERI,HELIOTEMP,HT/56185/H,CT-SEN,57.95,EA,,2021-01-30,2022-04-30
00110339,AHU 2.5 TON UPFLOW PION,NORTHWIND COMFORT,nw 33067 a,EQ-AHU,1518.11,EA,,2023-10-12,2024-05-07
00111180,MTR 1 HP 1075 RPM BEAC,THERMAXIS,TX81279C,PT-MTR,289.88,EA,,2020-04-25,2021-02-25
00106677,LINESET 3/8 X 3/4 15 FT ZEPH,CORVANE,CV/27241/J,SP-LIN,204.98,EA,,2022-03-01,2024-07-02
00105203,COND 2.5 TON 16 SEER LUME,RIDGEWAY,rw 82614 a,EQ-CND,3671.73,EA,,2020-04-06,2021-07-11
00101106,FURN 120K BTU 97% AFUE QUAR,RIDGEWAY,rw 33942 h,EQ-FUR,2381.75,EA,,2023-02-28,2025-07-11
00103312,SNSR DUCT TEMP 20K APEX,RIDGEWAY,RW/77992/D,CT-SEN,64.26,EA,,2022-10-13,2024-09-09
00109771,AHU 3 TON UPFLOW FALC,NORTHWIND,NW94727H,EQ-AHU,865.83,EA,,2020-03-01,2020-03-26
00107792,HP 3 TON 15 SEER PION,RIDGEWAY,RW49517H,EQ-HTP,2216.55,EA,,2021-05-07,2022-05-03
00105092,MTR 1 HP 1625 RPM ZEPH,CORVANE,CV-91418-D,PT-MTR,75.46,EA,,2019-02-24,2020-05-31
00108640,HP 1.5 TON 16 SEER BEAC,HELIOTEMP,HT/46072/K,EQ-HTP,1921.68,EA,,2024-05-03,2024-07-08
00110637,MTR 3/4 HP 1075 RPM VECT,RIDGEWAY,rw 93343 g,PT-MTR,164.26,EA,X,2024-10-23,2027-04-09
00106596,MTR 3/4 HP 1075 RPM SABL,ARCTICLINE,AL-31505-D,PT-MTR,163.00,EA,,2021-03-04,2021-05-27
00106619,CONTR 1 POLE 50 AMP 240V COIL LUME,HELIOTEMP,ht 25207 e,PT-CON,53.15,EA,,2024-02-05,2024-11-10
00107975,CONTR 2 POLE 50 AMP 24V COIL ATLA,BLUEPEAK,BP71029H,PT-CON,40.85,EA,,2021-12-21,2023-11-06
00110620,REFRIG R-22 20 LB CYLINDER VECT,BLUEPEAK,BP-70017-B,SP-REF,278.17,EA,X,2019-12-26,2022-04-17
00109875,HP 2 TON 20 SEER QUAR,ARCTICLINE,AL/30848/G,EQ-HTP,1624.70,EA,,2021-07-12,2022-04-09
00109366,REFRIG R-22 10 LB CYLINDER KEYS,RIDGEWAY,RW36466J,SP-REF,393.96,EA,,2023-09-07,2026-01-03
00102229,AHU 3 TON UPFLOW KEYS,CORVANE,CV/29779/F,EQ-AHU,924.10,EA,,2022-12-10,2024-11-01
00105147,FLTR 16X25X2 MERV 13 SABL,NORTHWIND COMFORT,NW40568K,SP-FLT,8.13,EA,,2020-03-04,2021-03-18
00103123,TSTAT PROGRAMMABLE 3H/2C ORIO,CORVANE,CV/68839/F,CT-TST,52.48,EA,,2024-07-15,2026-12-29
00108350,CAP 35/5 MFD 440V GRAN,THERMAXIS,TX75044G,PT-CAP,38.48,EA,,2021-10-01,2022-01-09
00110141,COMP SCROLL 48K BTU R-410A TRID,ARCTICLINE,AL-27704-J,PT-CMP,512.67,EA,,2020-02-24,2021-11-19
00110088,TSTAT PROGRAMMABLE 1H/1C CASC,BLUEPEAK,bp 49107 h,CT-TST,233.29,EA,X,2020-05-01,2022-07-13
00100289,FLTR 16X25X1 MERV 11 SABL,THERMAXIS,TX67178J,SP-FLT,15.25,EA,,2023-03-10,2023-12-22
00108514,HP 3 TON 16 SEER TRID,BLUEPEAK,BP70402J,EQ-HTP,2298.39,EA,,2023-07-13,2024-03-19
00106050,COND 2 TON 14 SEER ATLA,THERMAXIS,TX88487F,EQ-CND,1990.83,EA,,2022-08-19,2024-12-18
00105072,FLTR 16X20X4 MERV 13 DELT,NORTHWIND COMFORT,NW/67143/J,SP-FLT,10.77,EA,,2023-08-05,2023-10-03
00108363,CAP 40/10 MFD 370V MESA,ARCTICLINE,AL-52849-C,PT-CAP,30.10,EA,,2021-07-29,2023-04-18
00108427,SNSR DUCT TEMP 10K STER,BLUEPEAK,bp 77231 b,CT-SEN,12.99,EA,,2022-02-16,2023-01-03
00104770,CONTR 1 POLE 30 AMP 120V COIL MERI,BLUEPEAK,bp 62829 a,PT-CON,62.73,EA,,2024-06-01,2026-09-28
00103898,LINESET 1/4 X 3/8 35 FT FALC,BLUEPEAK,BP-93921-J,SP-LIN,228.02,EA,,2023-08-21,2025-01-02
00109840,LINESET 1/4 X 3/8 25 FT EMBE,NORTHWIND,NW-83493-B,SP-LIN,144.12,EA,,2024-09-29,2025-08-13
00108374,FURN 40K BTU 80% AFUE SABL,HELIOTEMP,HT78229A,EQ-FUR,2059.19,EA,,2019-08-15,2020-08-08
00101440,LINESET 3/8 X 3/4 15 FT MERI,NORTHWIND,NW-69695-E,SP-LIN,144.82,EA,,2021-10-29,2022-10-08
00110801,REFRIG R-454B 20 LB CYLINDER BEAC,ARCTICLINE,AL/59417/J,SP-REF,157.80,EA,,2020-01-15,2021-08-18
00102267,CAP 40/3 MFD 440V BEAC,ARCTICLINE,AL-28943-D,PT-CAP,38.10,EA,,2024-09-11,2024-10-27
00109445,FLTR 16X25X2 MERV 8 QUAR,ARCTICLINE,AL52720G,SP-FLT,11.51,EA,,2021-10-23,2021-12-09
00107289,LINESET 3/8 X 7/8 35 FT BEAC,THERMAXIS,TX31818F,SP-LIN,119.87,EA,,2020-01-05,2021-06-05
00108035,FLTR 16X20X2 MERV 13 CASC,NORTHWIND,nw 34014 a,SP-FLT,32.14,EA,,2020-01-31,2020-10-29
00101941,COMP SCROLL 30K BTU R-454B LUME,HELIOTEMP,HT/84803/D,PT-CMP,1558.32,EA,,2019-09-27,2020-10-15
00102868,FLTR 20X20X2 MERV 13 VECT,HELIOTEMP,ht 21232 c,SP-FLT,18.27,EA,,2020-01-21,2021-09-12
00104386,REFRIG R-410A 25 LB CYLINDER FALC,BLUEPEAK,bp 72663 g,SP-REF,219.54,EA,,2019-04-23,2019-10-10
00107261,LINESET 1/4 X 3/8 15 FT ORIO,THERMAXIS,tx 37455 b,SP-LIN,171.36,EA,,2021-06-02,2023-11-09
00104454,TSTAT NON-PROGRAMMABLE 2H/2C BEAC,THERMAXIS,tx 63596 k,CT-TST,186.43,EA,,2021-03-26,2023-07-02
00111069,AHU 4 TON UPFLOW MERI,CORVANE,CV-61572-D,EQ-AHU,938.68,EA,,2023-04-07,2024-08-21
00103945,HP 5 TON 16 SEER BEAC,NORTHWIND COMFORT,NW-67885-J,EQ-HTP,2438.86,EA,,2019-11-11,2020-01-08
00107330,REFRIG R-32 20 LB CYLINDER EMBE,HELIOTEMP,HT/33237/J,SP-REF,394.51,EA,,2020-08-23,2021-09-12
00106976,COMP SCROLL 30K BTU R-410A TRID,NORTHWIND,NW39058K,PT-CMP,1192.11,EA,,2023-06-28,2023-07-10
00104436,REFRIG R-32 10 LB CYLINDER MESA,RIDGEWAY AIR,RW-85701-J,SP-REF,410.93,EA,,2023-04-16,2023-06-04
00109198,FURN 100K BTU 92% AFUE HARB,RIDGEWAY,rw 69517 h,EQ-FUR,1442.87,EA,,2020-07-25,2022-03-08
00104832,COMP SCROLL 18K BTU R-454B MESA,THERMAXIS,TX-24998-E,PT-CMP,509.54,EA,,2019-04-30,2020-04-18
00107172,HP 3.5 TON 16 SEER MERI,ARCTICLINE,AL-71874-D,EQ-HTP,3733.51,EA,,2023-12-11,2024-08-13
00100925,AHU 4 TON HORIZONTAL JUNI,CORVANE,CV-10865-C,EQ-AHU,2042.46,EA,,2024-03-31,2026-03-04
00106516,SNSR CO2 20K QUAR,RIDGEWAY AIR,RW/38600/F,CT-SEN,19.46,EA,,2021-10-25,2023-12-29
00103414,FURN 60K BTU 96% AFUE VECT,ARCTICLINE,AL-10629-G,EQ-FUR,1485.59,EA,,2024-02-09,2024-11-27
00106511,REFRIG R-410A 25 LB CYLINDER APEX,THERMAXIS,TX-47680-A,SP-REF,237.71,EA,,2022-11-03,2023-08-26
00105071,TSTAT NON-PROGRAMMABLE 3H/2C MERI,NORTHWIND,NW12245G,CT-TST,31.91,EA,,2020-11-03,2021-10-26
00106688,TSTAT PROGRAMMABLE 3H/2C SABL,CORVANE,CV-21478-B,CT-TST,263.59,EA,,2021-05-13,2021-06-25
00107997,FLTR 16X25X4 MERV 8 JUNI,HELIOTEMP,HT/99152/J,SP-FLT,40.48,EA,,2020-04-10,2020-12-10
00101932,FLTR 20X20X1 MERV 13 QUAR,BLUEPEAK,bp 81180 d,SP-FLT,37.74,EA,X,2021-12-21,2024-02-15
00105810,CAP 55/3 MFD 440V TRID,CORVANE,CV-57891-B,PT-CAP,51.55,EA,,2019-01-20,2020-01-27
00105047,LINESET 3/8 X 3/4 15 FT MESA,THERMAXIS,tx 19741 d,SP-LIN,221.07,EA,,2020-09-30,2021-04-20
00101351,FURN 100K BTU 80% AFUE SUMM,CORVANE,CV/75258/G,EQ-FUR,2594.56,EA,,2020-09-04,2023-02-05
00108793,HP 2 TON 18 SEER SABL,RIDGEWAY AIR,RW23730B,EQ-HTP,2843.91,EA,,2021-08-25,2024-02-02
00104300,COND 5 TON 14 SEER PION,NORTHWIND,NW-12419-F,EQ-CND,3401.68,EA,,2019-04-16,2019-06-12
00109461,AHU 2 TON HORIZONTAL VECT,BLUEPEAK,BP10133J,EQ-AHU,1152.42,EA,,2020-03-02,2021-06-04
00108375,HP 3 TON 14 SEER SABL,BLUEPEAK,BP63566F,EQ-HTP,1226.77,EA,,2023-12-12,2024-04-13
00101584,AHU 4 TON HORIZONTAL SABL,RIDGEWAY,RW92115B,EQ-AHU,912.47,EA,,2021-07-20,2022-04-27
00101560,COND 2.5 TON 16 SEER GRAN,NORTHWIND,NW/35836/B,EQ-CND,2970.77,EA,,2024-01-10,2025-10-12
00103307,COND 1.5 TON 16 SEER PION,NORTHWIND,nw 87353 f,EQ-CND,3386.38,EA,,2023-12-16,2024-05-28
00108581,CAP 45/5 MFD 440V TRID,CORVANE,CV-38019-E,PT-CAP,41.60,EA,,2024-01-28,2025-12-01
00109265,TSTAT SMART WI-FI 3H/2C CASC,RIDGEWAY AIR,RW-83684-G,CT-TST,172.07,EA,,2022-05-03,2022-09-26
00104346,FLTR 20X20X2 MERV 11 GRAN,CORVANE,CV-77272-B,SP-FLT,30.75,EA,,2019-08-16,2020-06-23
00108841,REFRIG R-410A 25 LB CYLINDER BEAC,ARCTICLINE,AL/88779/B,SP-REF,330.68,EA,,2019-02-26,2020-09-29
00110611,COMP SCROLL 18K BTU R-454B ORIO,RIDGEWAY,RW-77639-F,PT-CMP,1422.89,EA,,2021-09-27,2023-05-13
00105920,FLTR 16X25X1 MERV 13 STER,NORTHWIND COMFORT,nw 77997 j,SP-FLT,17.68,EA,,2021-01-28,2021-10-26
00108704,FLTR 20X25X1 MERV 11 SABL,NORTHWIND,NW21852K,SP-FLT,22.97,EA,,2021-12-20,2022-09-25
00102660,SNSR HUMIDITY 10K TRID,ARCTICLINE,AL36913E,CT-SEN,86.77,EA,,2023-01-19,2023-10-29
00109864,AHU 2 TON UPFLOW PION,BLUEPEAK,BP-23761-F,EQ-AHU,1369.11,EA,X,2019-05-22,2020-09-17
00106640,CONTR 1 POLE 30 AMP 120V COIL FALC,RIDGEWAY AIR,RW-95599-D,PT-CON,55.80,EA,,2021-08-29,2022-01-20
00110532,FLTR 20X25X4 MERV 13 SUMM,HELIOTEMP,HT55666E,SP-FLT,15.42,EA,,2019-04-27,2020-07-18
00100708,LINESET 3/8 X 7/8 25 FT VECT,BLUEPEAK,BP/28952/A,SP-LIN,64.75,EA,,2020-03-12,2020-10-27
00110988,FURN 120K BTU 92% AFUE JUNI,ARCTICLINE,AL/70271/E,EQ-FUR,999.59,EA,,2021-11-29,2023-02-02
00108208,COMP SCROLL 36K BTU R-410A BEAC,BLUEPEAK,bp 72165 c,PT-CMP,1110.72,EA,,2022-05-09,2024-02-21
00101344,FLTR 20X20X4 MERV 8 EMBE,NORTHWIND,NW-72290-E,SP-FLT,31.41,EA,,2020-06-05,2022-11-17
00104033,AHU 3.5 TON UPFLOW BEAC,BLUEPEAK,BP/27577/D,EQ-AHU,1967.52,EA,,2020-02-08,2022-06-21
00100744,COMP SCROLL 18K BTU R-410A TUND,HELIOTEMP,ht 21913 k,PT-CMP,1371.57,EA,,2020-11-28,2022-03-18
00101417,COMP SCROLL 36K BTU R-410A DELT,THERMAXIS,TX/95209/A,PT-CMP,1173.11,EA,,2022-08-15,2023-03-28
00109068,AHU 5 TON MULTI-POSITION SUMM,NORTHWIND COMFORT,nw 64619 j,EQ-AHU,1040.51,EA,,2019-09-05,2020-04-28
00105033,FURN 40K BTU 97% AFUE SABL,CORVANE,CV29228F,EQ-FUR,1022.98,EA,,2021-01-21,2021-06-07
00102859,FLTR 16X25X1 MERV 13 ORIO,ARCTICLINE,AL26902B,SP-FLT,21.12,EA,,2019-05-24,2021-08-13
00105368,CONTR 3 POLE 50 AMP 120V COIL MESA,RIDGEWAY,RW-74208-A,PT-CON,24.63,EA,,2024-07-25,2026-09-15
00101815,TSTAT PROGRAMMABLE 1H/1C ZEPH,HELIOTEMP,ht 56439 d,CT-TST,115.53,EA,,2023-10-10,2024-12-27
00104635,LINESET 1/4 X 3/8 15 FT SABL,THERMAXIS,TX-32521-H,SP-LIN,126.24,EA,,2021-03-31,2023-03-23
00108821,COND 4 TON 16 SEER FALC,NORTHWIND COMFORT,NW/78448/E,EQ-CND,2885.80,EA,,2021-09-11,2022-12-25
00104182,COND 2.5 TON 18 SEER TUND,NORTHWIND,nw 98286 f,EQ-CND,3707.80,EA,,2021-08-21,2021-12-21
00106597,FURN 80K BTU 96% AFUE MESA,ARCTICLINE,AL/76050/C,EQ-FUR,2222.75,EA,,2023-12-13,2025-01-21
00100409,COND 3 TON 15 SEER TUND,ARCTICLINE,al 58852 j,EQ-CND,3583.24,EA,,2021-03-01,2022-10-24
00110447,AHU 5 TON HORIZONTAL CASC,RIDGEWAY,RW/93221/B,EQ-AHU,2043.43,EA,,2022-10-23,2022-11-10
00102987,LINESET 1/4 X 3/8 15 FT SABL,CORVANE,CV-99980-C,SP-LIN,179.95,EA,,2023-06-22,2024-11-22
00107826,FURN 80K BTU 80% AFUE VECT,RIDGEWAY AIR,RW-37496-J,EQ-FUR,2394.29,EA,,2020-12-31,2021-01-16
00101861,FURN 100K BTU 92% AFUE HARB,ARCTICLINE,AL/78867/G,EQ-FUR,722.48,EA,,2021-07-06,2023-02-22
00106440,HP 3.5 TON 14 SEER PION,HELIOTEMP,HT/11233/K,EQ-HTP,2729.05,EA,,2019-05-02,2021-05-25
00107713,FURN 40K BTU 92% AFUE SUMM,CORVANE,CV/93127/C,EQ-FUR,1120.00,EA,X,2024-03-06,2025-09-10
00104487,AHU 3.5 TON HORIZONTAL KEYS,CORVANE,CV-30644-F,EQ-AHU,1223.60,EA,,2024-01-09,2024-09-13
00102396,FLTR 16X25X2 MERV 11 BEAC,ARCTICLINE,AL-99478-K,SP-FLT,20.44,EA,,2022-10-31,2023-07-28
00100425,LINESET 3/8 X 3/4 35 FT GRAN,HELIOTEMP,ht 46127 e,SP-LIN,61.48,EA,,2019-09-25,2021-06-12
00109235,LINESET 1/4 X 3/8 50 FT VECT,HELIOTEMP,ht 66154 e,SP-LIN,188.85,EA,,2019-05-29,2021-04-28
00107109,CONTR 3 POLE 40 AMP 120V COIL ZEPH,HELIOTEMP,HT/14627/F,PT-CON,33.73,EA,,2020-05-02,2020-05-27
00104700,REFRIG R-32 30 LB CYLINDER ORIO,CORVANE,cv 91113 c,SP-REF,247.90,EA,,2019-12-19,2021-12-30
00107307,HP 5 TON 15 SEER VECT,NORTHWIND,nw 72702 b,EQ-HTP,2811.26,EA,,2024-05-04,2026-10-21
00103419,CAP 55/5 MFD 370V SABL,ARCTICLINE,AL-60795-F,PT-CAP,53.97,EA,,2022-01-27,2022-07-31
00109865,AHU 2.5 TON UPFLOW MESA,ARCTICLINE,AL/24016/K,EQ-AHU,704.12,EA,,2023-11-18,2024-06-19
00105869,TSTAT NON-PROGRAMMABLE 2H/2C HARB,BLUEPEAK,BP-95864-A,CT-TST,253.94,EA,,2023-06-16,2024-12-06
00103959,COMP SCROLL 18K BTU R-454B ATLA,ARCTICLINE,AL/91988/E,PT-CMP,813.63,EA,,2021-08-12,2021-08-22
00103994,FLTR 16X25X4 MERV 11 TUND,HELIOTEMP,HT-91808-D,SP-FLT,14.09,EA,,2024-07-07,2026-06-13
00109303,CAP 60/7.5 MFD 440V ORIO,HELIOTEMP,HT92481J,PT-CAP,35.55,EA,,2022-08-19,2023-01-23
00102035,CONTR 3 POLE 40 AMP 120V COIL ZEPH,THERMAXIS,TX-36477-C,PT-CON,15.38,EA,,2023-03-12,2023-11-17
00102918,HP 3.5 TON 16 SEER PION,NORTHWIND COMFORT,NW96349B,EQ-HTP,3268.44,EA,,2019-05-23,2021-04-20
00102814,MTR 1/2 HP 825 RPM VECT,NORTHWIND COMFORT,NW-18603-K,PT-MTR,120.93,EA,,2024-01-27,2025-06-14
00105353,COMP SCROLL 30K BTU R-410A LUME,BLUEPEAK,bp 80574 a,PT-CMP,620.36,EA,,2019-06-25,2019-09-12
00109314,MTR 1/2 HP 1625 RPM TUND,CORVANE,CV60089J,PT-MTR,149.28,EA,,2022-01-17,2023-06-20
00110181,SNSR CO2 20K MERI,HELIOTEMP,HT31472F,CT-SEN,70.14,EA,,2019-11-20,2021-08-30
00109799,CONTR 2 POLE 40 AMP 24V COIL SABL,THERMAXIS,TX-30460-E,PT-CON,13.15,EA,,2022-12-06,2024-03-15
00106783,CONTR 3 POLE 40 AMP 120V COIL MERI,NORTHWIND COMFORT,nw 38093 e,PT-CON,49.58,EA,,2021-08-12,2022-10-19
00108566,CONTR 2 POLE 50 AMP 24V COIL JUNI,RIDGEWAY AIR,RW/57416/K,PT-CON,63.06,EA,,2021-12-10,2023-05-04
00107101,MTR 1 HP 1625 RPM FALC,RIDGEWAY,RW-85448-J,PT-MTR,98.61,EA,,2023-06-22,2023-12-23
00107616,CAP 55/5 MFD 440V TUND,ARCTICLINE,al 67727 g,PT-CAP,33.13,EA,,2021-09-04,2024-02-11
00105260,AHU 5 TON HORIZONTAL PION,RIDGEWAY AIR,RW/51345/J,EQ-AHU,1509.71,EA,,2019-08-02,2020-01-07
00109294,REFRIG R-410A 25 LB CYLINDER ORIO,ARCTICLINE,al 30069 k,SP-REF,381.28,EA,,2023-06-16,2023-11-17
00101792,SNSR OUTDOOR TEMP 4-20MA VECT,CORVANE,cv 27582 b,CT-SEN,17.43,EA,,2024-08-17,2025-05-20
00101471,CAP 40/10 MFD 440V PION,NORTHWIND COMFORT,NW-92489-K,PT-CAP,18.26,EA,,2024-05-03,2025-03-21
00109820,MTR 1/2 HP 1625 RPM JUNI,RIDGEWAY,RW/30271/H,PT-MTR,215.27,EA,,2022-08-17,2024-11-18
00101084,REFRIG R-22 20 LB CYLINDER ATLA,THERMAXIS,tx 34792 d,SP-REF,159.76,EA,X,2021-01-10,2022-09-03
00103225,MTR 3/4 HP 1625 RPM STER,NORTHWIND,nw 22591 j,PT-MTR,253.44,EA,X,2024-03-12,2026-07-27
00100757,TSTAT SMART WI-FI 3H/2C MERI,CORVANE,CV/55506/J,CT-TST,95.55,EA,,2020-10-12,2023-03-09
00107599,SNSR OUTDOOR TEMP 4-20MA PION,RIDGEWAY,RW-26981-J,CT-SEN,107.86,EA,,2024-06-28,2024-09-04
00100218,MTR 1 HP 825 RPM STER,CORVANE,CV42529J,PT-MTR,370.16,EA,,2020-01-08,2020-08-22
00108423,MTR 3/4 HP 1075 RPM KEYS,NORTHWIND,nw 26249 f,PT-MTR,304.10,EA,,2022-12-23,2024-05-30
00102022,COND 3.5 TON 16 SEER MERI,BLUEPEAK,BP-78158-E,EQ-CND,1116.93,EA,X,2023-04-21,2024-02-28
00105959,MTR 1/4 HP 1075 RPM MERI,THERMAXIS,TX-90713-A,PT-MTR,199.68,EA,,2024-03-04,2025-05-05
00110115,FLTR 20X20X4 MERV 13 BEAC,HELIOTEMP,ht 54835 b,SP-FLT,35.42,EA,,2020-06-19,2022-10-09
00105305,AHU 3 TON UPFLOW MESA,HELIOTEMP,ht 78471 b,EQ-AHU,1878.91,EA,,2022-08-03,2024-05-12
00101340,TSTAT NON-PROGRAMMABLE 1H/1C HARB,HELIOTEMP,ht 98822 c,CT-TST,139.76,EA,,2022-12-14,2025-05-17
00104408,CONTR 2 POLE 30 AMP 24V COIL ORIO,ARCTICLINE,al 79224 g,PT-CON,32.65,EA,,2023-05-15,2024-06-02
00104993,SNSR DUCT TEMP 20K PION,NORTHWIND,NW34626J,CT-SEN,62.30,EA,,2020-12-31,2023-01-05
00108057,CONTR 1 POLE 50 AMP 24V COIL MESA,RIDGEWAY,RW-11764-E,PT-CON,16.26,EA,,2021-02-18,2021-09-28
00105787,COMP SCROLL 36K BTU R-410A MESA,RIDGEWAY AIR,RW61687J,PT-CMP,585.15,EA,,2022-05-19,2024-09-22
00101006,SNSR OUTDOOR TEMP 10K ZEPH,CORVANE,cv 94476 h,CT-SEN,34.42,EA,,2020-09-13,2020-12-15
00101771,FURN 60K BTU 92% AFUE SUMM,NORTHWIND COMFORT,NW/28698/J,EQ-FUR,2110.84,EA,,2020-01-04,2021-11-28
00111067,COMP SCROLL 36K BTU R-454B BEAC,NORTHWIND,NW93186E,PT-CMP,1302.06,EA,,2024-01-25,2025-10-04
00109280,COMP SCROLL 42K BTU R-410A CASC,CORVANE,CV-72819-H,PT-CMP,812.38,EA,,2022-06-12,2024-03-23
00101213,REFRIG R-410A 10 LB CYLINDER TRID,HELIOTEMP,HT/56755/D,SP-REF,360.62,EA,,2022-08-07,2024-03-19
00104343,FURN 80K BTU 96% AFUE PION,RIDGEWAY,rw 95385 c,EQ-FUR,2504.95,EA,,2024-02-15,2024-12-09
00102900,FURN 40K BTU 92% AFUE BEAC,BLUEPEAK,BP/70564/G,EQ-FUR,1301.22,EA,,2024-05-06,2026-09-27
00107326,HP 3.5 TON 15 SEER HARB,BLUEPEAK,BP-51806-J,EQ-HTP,1136.99,EA,,2019-04-16,2021-06-03
00103285,AHU 3.5 TON UPFLOW VECT,NORTHWIND,NW-26653-A,EQ-AHU,1800.87,EA,,2019-07-05,2020-12-29
00111238,CAP 40/10 MFD 440V HARB,HELIOTEMP,HT/10123/J,PT-CAP,45.83,EA,,2020-07-05,2022-12-10
00105380,COMP SCROLL 60K BTU R-410A CASC,RIDGEWAY,RW-21245-J,PT-CMP,612.61,EA,,2020-02-08,2021-06-04
00104841,MTR 1/3 HP 825 RPM QUAR,THERMAXIS,TX-50547-B,PT-MTR,294.95,EA,,2019-04-12,2019-10-05
00100273,COMP SCROLL 60K BTU R-410A TRID,CORVANE,cv 81968 d,PT-CMP,774.79,EA,,2019-12-18,2020-04-21
00101014,COND 1.5 TON 14 SEER ZEPH,RIDGEWAY AIR,RW-99621-B,EQ-CND,3652.91,EA,,2019-12-28,2021-01-20
00106056,TSTAT NON-PROGRAMMABLE 1H/1C LUME,BLUEPEAK,BP/49837/C,CT-TST,137.12,EA,,2024-03-26,2026-05-27
00100305,COMP SCROLL 30K BTU R-454B ZEPH,NORTHWIND,NW49029E,PT-CMP,1301.54,EA,,2021-12-01,2023-02-01
00103287,TSTAT PROGRAMMABLE 2H/2C VECT,THERMAXIS,TX-41460-A,CT-TST,89.31,EA,,2022-01-03,2023-06-01
00100416,CAP 50/3 MFD 440V LUME,HELIOTEMP,HT42507G,PT-CAP,10.49,EA,,2019-05-23,2019-07-02
00110732,HP 4 TON 16 SEER PION,BLUEPEAK,BP/97894/A,EQ-HTP,3621.61,EA,,2023-04-12,2024-09-30
00104225,AHU 2 TON UPFLOW PION,CORVANE,CV-94492-E,EQ-AHU,928.04,EA,,2023-09-06,2025-03-23
00102968,COMP SCROLL 36K BTU R-454B APEX,CORVANE,CV46318H,PT-CMP,1042.67,EA,,2024-04-16,2025-03-22
00101029,MTR 1 HP 825 RPM GRAN,RIDGEWAY,RW/11494/A,PT-MTR,65.73,EA,,2019-11-23,2022-02-09
00107319,FLTR 20X25X4 MERV 13 ATLA,NORTHWIND COMFORT,nw 89389 j,SP-FLT,11.46,EA,,2022-09-18,2023-10-18
00102298,SNSR HUMIDITY 10K BEAC,CORVANE,CV-36735-K,CT-SEN,58.61,EA,,2024-06-26,2025-07-27
00108129,CONTR 1 POLE 50 AMP 24V COIL ORIO,ARCTICLINE,AL13169G,PT-CON,33.91,EA,,2023-03-19,2024-07-29
00109762,CONTR 2 POLE 30 AMP 24V COIL SABL,ARCTICLINE,AL-39194-A,PT-CON,46.43,EA,,2021-06-06,2022-11-24
00101538,SNSR CO2 10K FALC,THERMAXIS,tx 15726 j,CT-SEN,38.76,EA,,2020-11-01,2021-05-11
00100160,SNSR CO2 4-20MA FALC,HELIOTEMP,HT43896G,CT-SEN,27.68,EA,,2024-07-18,2026-01-07
00106577,FLTR 16X20X1 MERV 11 TUND,BLUEPEAK,BP40748K,SP-FLT,28.45,EA,,2021-06-08,2023-09-02
00105935,COMP SCROLL 42K BTU R-454B STER,BLUEPEAK,BP-10347-B,PT-CMP,1167.21,EA,,2025-02-02,2026-03-08
00102706,AHU 3 TON MULTI-POSITION APEX,BLUEPEAK,BP-31987-D,EQ-AHU,1343.12,EA,,2019-11-25,2020-02-03
00108926,REFRIG R-32 30 LB CYLINDER ATLA,BLUEPEAK,BP-16636-A,SP-REF,120.48,EA,,2020-04-09,2021-05-01
00102848,AHU 2.5 TON UPFLOW MESA,NORTHWIND COMFORT,NW-13961-D,EQ-AHU,1175.20,EA,,2025-07-01,2027-04-24
00106241,REFRIG R-410A 30 LB CYLINDER FALC,ARCTICLINE,AL/76592/G,SP-REF,412.60,EA,,2021-02-09,2022-05-23
00107991,CAP 35/3 MFD 370V LUME,BLUEPEAK,BP66236A,PT-CAP,33.77,EA,,2023-10-16,2024-03-03
00105323,COND 1.5 TON 20 SEER MESA,NORTHWIND,NW-40101-A,EQ-CND,1178.91,EA,,2023-10-01,2024-10-14
00103052,CONTR 2 POLE 40 AMP 24V COIL ZEPH,HELIOTEMP,ht 73317 a,PT-CON,78.11,EA,,2020-12-18,2023-01-03
00103665,COND 2.5 TON 15 SEER KEYS,RIDGEWAY AIR,RW-72045-B,EQ-CND,949.11,EA,,2020-09-10,2021-07-14
00111193,LINESET 3/8 X 7/8 25 FT STER,HELIOTEMP,HT-48087-K,SP-LIN,268.66,EA,,2021-04-06,2021-08-04
00104734,REFRIG R-454B 25 LB CYLINDER PION,CORVANE,CV-77697-D,SP-REF,170.64,EA,,2022-01-14,2023-02-01
00110808,COMP SCROLL 30K BTU R-410A JUNI,HELIOTEMP,HT-13498-G,PT-CMP,496.72,EA,,2023-02-04,2025-04-03
00103266,HP 4 TON 14 SEER ORIO,BLUEPEAK,BP-60126-J,EQ-HTP,3282.20,EA,,2021-11-02,2023-05-01
00101527,LINESET 3/8 X 3/4 15 FT CASC,RIDGEWAY AIR,RW/55748/G,SP-LIN,147.06,EA,,2022-10-25,2024-11-05
00109268,HP 3.5 TON 15 SEER ATLA,HELIOTEMP,HT/92031/D,EQ-HTP,2988.21,EA,,2019-11-28,2020-10-17
00105468,COND 4 TON 16 SEER KEYS,NORTHWIND COMFORT,NW/44322/G,EQ-CND,3060.44,EA,,2020-08-28,2023-02-05
00110945,COND 5 TON 16 SEER MESA,ARCTICLINE,AL/23081/G,EQ-CND,3718.72,EA,,2024-03-11,2024-03-12
00100650,FLTR 20X25X2 MERV 8 ORIO,THERMAXIS,TX-17357-J,SP-FLT,36.78,EA,,2024-08-12,2024-09-20
00106663,CONTR 1 POLE 40 AMP 24V COIL DELT,HELIOTEMP,HT-91476-F,PT-CON,68.33,EA,,2020-07-21,2021-07-25
00103661,COMP SCROLL 60K BTU R-410A TUND,BLUEPEAK,BP/23413/B,PT-CMP,868.70,EA,,2024-09-04,2026-05-02
00103693,REFRIG R-32 25 LB CYLINDER STER,HELIOTEMP,HT-59003-D,SP-REF,232.34,EA,,2022-01-26,2022-02-17
00102464,FURN 40K BTU 80% AFUE EMBE,NORTHWIND COMFORT,nw 71149 a,EQ-FUR,1507.02,EA,,2021-06-18,2023-06-15
00109982,MTR 1/2 HP 1075 RPM DELT,RIDGEWAY,RW86530K,PT-MTR,410.46,EA,,2020-01-04,2020-01-17
00109708,HP 3.5 TON 15 SEER LUME,RIDGEWAY,RW-26851-H,EQ-HTP,1265.23,EA,,2024-06-22,2024-07-26
00104652,CONTR 1 POLE 40 AMP 240V COIL ZEPH,HELIOTEMP,HT34157C,PT-CON,21.64,EA,X,2022-02-12,2024-03-30
00105849,FURN 120K BTU 80% AFUE ZEPH,RIDGEWAY AIR,RW57875E,EQ-FUR,1249.33,EA,,2020-08-09,2021-07-22
00102891,COND 5 TON 15 SEER PION,RIDGEWAY AIR,RW-51904-C,EQ-CND,3516.91,EA,,2019-07-16,2021-02-17
00110951,COMP SCROLL 18K BTU R-410A LUME,CORVANE,CV-93600-F,PT-CMP,1227.20,EA,,2019-10-05,2022-02-25
00107174,AHU 2.5 TON MULTI-POSITION CASC,NORTHWIND COMFORT,NW-14446-K,EQ-AHU,1886.66,EA,,2024-03-22,2025-11-04
00106729,FURN 100K BTU 92% AFUE PION,RIDGEWAY,RW-15621-J,EQ-FUR,2394.93,EA,X,2021-01-31,2022-07-23
00105038,MTR 1/3 HP 1075 RPM DELT,BLUEPEAK,BP28068G,PT-MTR,283.66,EA,,2024-07-13,2026-02-08
00106460,CAP 50/5 MFD 440V QUAR,RIDGEWAY,RW19218G,PT-CAP,26.54,EA,,2021-08-10,2023-03-02
00106539,FLTR 20X25X1 MERV 13 STER,ARCTICLINE,AL19363K,SP-FLT,37.41,EA,,2021-08-20,2023-08-05
00106939,COND 2 TON 14 SEER PION,RIDGEWAY AIR,RW-95086-G,EQ-CND,1112.90,EA,,2021-09-06,2023-10-12
00102324,CONTR 3 POLE 40 AMP 120V COIL KEYS,THERMAXIS,TX61454H,PT-CON,68.28,EA,,2022-12-03,2024-04-23
00101654,LINESET 1/4 X 3/8 35 FT PION,ARCTICLINE,AL-81936-F,SP-LIN,218.83,EA,,2020-04-07,2020-05-07
00109688,REFRIG R-410A 30 LB CYLINDER PION,RIDGEWAY AIR,RW68719E,SP-REF,404.16,EA,,2020-09-11,2020-12-11
00103389,CAP 40/10 MFD 370V APEX,NORTHWIND,nw 78116 j,PT-CAP,50.61,EA,,2022-01-07,2022-02-22
00104510,REFRIG R-454B 20 LB CYLINDER MESA,CORVANE,CV39855F,SP-REF,374.58,EA,,2022-09-18,2024-03-13
00101697,COMP SCROLL 42K BTU R-454B ATLA,RIDGEWAY AIR,RW-60840-F,PT-CMP,753.13,EA,,2022-10-06,2023-02-02
00105513,AHU 5 TON MULTI-POSITION DELT,ARCTICLINE,AL/66556/A,EQ-AHU,2011.91,EA,,2021-10-29,2023-07-02
00103733,HP 2.5 TON 15 SEER TRID,ARCTICLINE,al 17666 f,EQ-HTP,2952.96,EA,,2019-05-11,2019-08-08
00107178,CONTR 2 POLE 50 AMP 240V COIL VECT,HELIOTEMP,HT46754D,PT-CON,57.56,EA,,2023-05-03,2024-04-23
00107376,COND 1.5 TON 16 SEER ATLA,ARCTICLINE,AL-23593-C,EQ-CND,2764.64,EA,,2021-06-20,2023-10-27
00100957,CONTR 2 POLE 40 AMP 240V COIL ATLA,HELIOTEMP,ht 16910 e,PT-CON,31.07,EA,,2024-07-15,2026-05-16
00106943,SNSR DUCT TEMP 4-20MA QUAR,HELIOTEMP,HT74886K,CT-SEN,51.29,EA,,2021-02-05,2021-10-29
00100063,FURN 100K BTU 80% AFUE ORIO,ARCTICLINE,AL/17952/E,EQ-FUR,2002.42,EA,,2024-06-17,2025-09-27
00105297,REFRIG R-410A 30 LB CYLINDER STER,NORTHWIND,NW/76768/H,SP-REF,389.80,EA,,2019-02-04,2019-12-06
00103276,FURN 100K BTU 97% AFUE QUAR,NORTHWIND,NW48265B,EQ-FUR,2589.26,EA,,2024-04-23,2025-09-24
00101462,HP 3.5 TON 15 SEER ORIO,ARCTICLINE,al 82741 h,EQ-HTP,2656.44,EA,,2021-09-10,2022-05-13
00110543,COMP SCROLL 48K BTU R-454B JUNI,NORTHWIND COMFORT,NW/54344/C,PT-CMP,1037.10,EA,,2019-11-09,2022-01-09
00101685,TSTAT SMART WI-FI 1H/1C TRID,NORTHWIND,NW-90064-J,CT-TST,46.42,EA,,2022-09-10,2024-07-16
00104128,COND 2.5 TON 15 SEER VECT,NORTHWIND COMFORT,nw 51048 d,EQ-CND,1281.98,EA,,2023-09-09,2025-08-20
00105463,CAP 50/10 MFD 440V JUNI,CORVANE,CV/41947/A,PT-CAP,36.49,EA,,2022-06-30,2024-12-05
00104553,HP 4 TON 16 SEER HARB,CORVANE,CV-89641-A,EQ-HTP,3222.58,EA,,2023-08-27,2024-10-11
00109443,FLTR 20X25X2 MERV 11 BEAC,RIDGEWAY,rw 23144 e,SP-FLT,30.61,EA,,2023-08-07,2024-02-06
00103773,CONTR 3 POLE 40 AMP 120V COIL BEAC,THERMAXIS,tx 22934 k,PT-CON,39.19,EA,,2022-07-16,2023-01-04
00104679,MTR 1/3 HP 1075 RPM LUME,RIDGEWAY AIR,RW-44587-H,PT-MTR,323.80,EA,,2019-06-26,2021-04-25
00107434,CAP 35/10 MFD 370V SABL,THERMAXIS,TX/85980/H,PT-CAP,54.25,EA,,2023-06-25,2024-12-25
00101735,MTR 1 HP 1625 RPM ORIO,RIDGEWAY AIR,rw 82256 f,PT-MTR,92.11,EA,,2021-02-18,2023-07-29
00102737,FURN 120K BTU 97% AFUE EMBE,CORVANE,CV-62566-C,EQ-FUR,2371.66,EA,,2021-08-10,2024-01-22
00101997,COMP SCROLL 36K BTU R-410A KEYS,ARCTICLINE,al 77081 a,PT-CMP,1190.01,EA,,2021-03-31,2022-10-10
00107360,REFRIG R-22 30 LB CYLINDER MERI,CORVANE,CV-48527-G,SP-REF,104.19,EA,,2023-07-15,2024-05-14
00110777,FLTR 20X20X2 MERV 8 LUME,ARCTICLINE,AL/43214/C,SP-FLT,31.89,EA,,2019-01-20,2020-03-29
00106533,AHU 3.5 TON UPFLOW MESA,HELIOTEMP,HT/32597/G,EQ-AHU,882.64,EA,,2024-05-22,2026-10-05
00109978,CAP 35/10 MFD 440V SUMM,HELIOTEMP,HT-29684-A,PT-CAP,11.21,EA,,2022-04-05,2022-08-26
00111015,REFRIG R-32 25 LB CYLINDER CASC,ARCTICLINE,AL-59176-H,SP-REF,381.43,EA,,2023-01-07,2023-03-15
00108381,LINESET 3/8 X 3/4 50 FT DELT,ARCTICLINE,AL37656D,SP-LIN,145.08,EA,,2022-06-28,2024-11-18
00102134,AHU 2 TON UPFLOW QUAR,HELIOTEMP,HT10649H,EQ-AHU,1140.46,EA,,2021-12-06,2023-08-16
00103830,CONTR 2 POLE 50 AMP 240V COIL FALC,NORTHWIND,NW-15298-K,PT-CON,73.06,EA,,2024-09-04,2026-11-25
00111084,REFRIG R-32 25 LB CYLINDER SUMM,BLUEPEAK,BP/98323/H,SP-REF,113.46,EA,,2023-03-30,2024-12-29
00106669,CONTR 2 POLE 30 AMP 24V COIL TRID,HELIOTEMP,HT18582F,PT-CON,69.77,EA,,2022-02-17,2022-08-08
00104247,TSTAT NON-PROGRAMMABLE 3H/2C APEX,RIDGEWAY AIR,rw 24879 k,CT-TST,36.70,EA,,2020-11-03,2022-03-12
00110587,LINESET 1/4 X 3/8 25 FT FALC,HELIOTEMP,HT/43423/D,SP-LIN,170.79,EA,X,2022-05-21,2022-08-13
00100854,COND 5 TON 16 SEER MESA,BLUEPEAK,bp 78378 f,EQ-CND,2105.94,EA,,2024-12-26,2026-04-30
00101824,AHU 3 TON MULTI-POSITION SABL,THERMAXIS,TX53454A,EQ-AHU,1465.83,EA,,2021-10-19,2023-10-20
00110968,CAP 55/10 MFD 440V ZEPH,NORTHWIND COMFORT,NW-13000-A,PT-CAP,37.54,EA,,2020-11-06,2022-03-02
00106772,TSTAT PROGRAMMABLE 2H/2C CASC,CORVANE,cv 55049 b,CT-TST,48.48,EA,,2020-07-28,2021-02-02
00108810,SNSR OUTDOOR TEMP 4-20MA KEYS,BLUEPEAK,BP87034C,CT-SEN,50.29,EA,,2021-03-30,2021-04-07
00105181,TSTAT PROGRAMMABLE 2H/2C HARB,ARCTICLINE,al 51134 b,CT-TST,171.57,EA,,2020-06-15,2022-02-20
00105595,CAP 45/7.5 MFD 440V GRAN,RIDGEWAY,rw 91298 e,PT-CAP,32.06,EA,,2019-10-16,2020-01-13
00105583,FLTR 20X25X4 MERV 13 VECT,BLUEPEAK,BP/73414/J,SP-FLT,32.74,EA,,2023-04-28,2023-09-22
00107129,COND 3.5 TON 16 SEER FALC,THERMAXIS,TX-95575-J,EQ-CND,1020.73,EA,,2022-10-28,2023-05-26
00104824,CONTR 3 POLE 40 AMP 24V COIL DELT,BLUEPEAK,BP-16869-K,PT-CON,69.91,EA,,2024-04-22,2026-07-20
00104687,COMP SCROLL 42K BTU R-410A PION,CORVANE,CV/95659/H,PT-CMP,559.15,EA,,2022-06-16,2024-10-03
00110420,FURN 60K BTU 96% AFUE TUND,CORVANE,CV62263H,EQ-FUR,960.49,EA,,2021-08-05,2023-09-24
00105543,CONTR 2 POLE 40 AMP 24V COIL CASC,RIDGEWAY AIR,RW-60781-E,PT-CON,65.62,EA,,2021-06-01,2021-11-08
00100874,HP 2 TON 14 SEER MERI,CORVANE,CV93138D,EQ-HTP,2522.27,EA,,2021-07-14,2023-03-24
00107885,HP 5 TON 20 SEER CASC,ARCTICLINE,AL/21458/F,EQ-HTP,1650.36,EA,,2020-11-10,2021-03-16
00104884,COND 3 TON 20 SEER KEYS,ARCTICLINE,al 12356 k,EQ-CND,1384.24,EA,,2022-11-13,2023-05-30
00107716,CONTR 1 POLE 50 AMP 120V COIL MESA,ARCTICLINE,AL55689B,PT-CON,48.47,EA,,2022-07-29,2024-04-25
00103261,COND 3 TON 18 SEER KEYS,NORTHWIND,NW19057C,EQ-CND,1140.91,EA,,2019-08-21,2021-07-31
00106780,HP 2 TON 18 SEER CASC,BLUEPEAK,BP-40833-C,EQ-HTP,2460.88,EA,,2021-09-25,2023-08-17
00106866,LINESET 3/8 X 3/4 15 FT VECT,NORTHWIND,NW/55462/B,SP-LIN,77.17,EA,,2020-07-30,2021-09-22
00105303,COMP SCROLL 36K BTU R-410A SABL,NORTHWIND COMFORT,NW-50746-F,PT-CMP,1042.40,EA,,2024-08-12,2026-10-14
00107676,FURN 40K BTU 92% AFUE MERI,CORVANE,CV/80098/E,EQ-FUR,1005.05,EA,,2023-01-20,2023-02-25
00100205,CONTR 3 POLE 40 AMP 240V COIL STER,RIDGEWAY,rw 41747 e,PT-CON,15.25,EA,,2021-01-29,2021-06-02
00105271,MTR 1/4 HP 1625 RPM ORIO,HELIOTEMP,HT-24748-J,PT-MTR,384.67,EA,,2021-09-12,2022-12-17
00100572,COND 3 TON 15 SEER STER,ARCTICLINE,AL-13389-B,EQ-CND,3885.53,EA,,2020-03-24,2022-07-19
00104237,FLTR 20X25X1 MERV 8 TUND,ARCTICLINE,al 44064 b,SP-FLT,11.59,EA,,2022-04-30,2022-11-16
00100318,COMP SCROLL 24K BTU R-410A ZEPH,THERMAXIS,TX41992B,PT-CMP,595.23,EA,,2020-08-24,2021-10-11
00108108,SNSR OUTDOOR TEMP 10K HARB,NORTHWIND COMFORT,NW-94788-K,CT-SEN,60.09,EA,X,2021-05-19,2021-12-08
00105199,LINESET 3/8 X 3/4 50 FT TUND,HELIOTEMP,HT-37023-C,SP-LIN,107.00,EA,,2023-01-29,2025-03-07
00101507,TSTAT SMART WI-FI 1H/1C TUND,RIDGEWAY,RW62497F,CT-TST,287.36,EA,,2020-02-05,2020-07-27
00107416,HP 3 TON 18 SEER CASC,ARCTICLINE,AL53708C,EQ-HTP,1357.89,EA,,2022-07-11,2023-10-29
00104490,REFRIG R-410A 30 LB CYLINDER HARB,NORTHWIND,NW-83546-H,SP-REF,125.86,EA,,2021-09-11,2023-06-27
00106296,LINESET 3/8 X 3/4 50 FT EMBE,CORVANE,CV43917G,SP-LIN,154.67,EA,,2021-05-22,2022-10-26
00104042,HP 1.5 TON 15 SEER CASC,NORTHWIND COMFORT,NW/78609/D,EQ-HTP,1544.56,EA,,2024-07-17,2026-12-18
00101529,REFRIG R-22 10 LB CYLINDER LUME,RIDGEWAY AIR,RW-98681-D,SP-REF,241.05,EA,,2024-09-27,2025-10-30
00105236,SNSR CO2 10K DELT,HELIOTEMP,HT/43701/J,CT-SEN,111.00,EA,,2023-03-03,2023-06-27
00110679,TSTAT PROGRAMMABLE 2H/2C PION,RIDGEWAY,RW95236C,CT-TST,174.57,EA,,2023-05-16,2025-09-19
00101623,MTR 1/4 HP 825 RPM HARB,CORVANE,CV-36584-J,PT-MTR,366.38,EA,,2021-06-25,2023-10-19
00100132,REFRIG R-454B 10 LB CYLINDER ZEPH,HELIOTEMP,ht 56371 h,SP-REF,315.62,EA,,2023-09-19,2024-02-26
00111147,FURN 120K BTU 97% AFUE TUND,RIDGEWAY,RW48108D,EQ-FUR,1015.08,EA,,2023-03-20,2025-04-09
00107939,FURN 100K BTU 97% AFUE TUND,NORTHWIND,NW-72156-C,EQ-FUR,2508.62,EA,,2019-03-03,2020-02-02
00107410,COND 3 TON 15 SEER HARB,ARCTICLINE,AL-81197-C,EQ-CND,3132.83,EA,,2021-11-29,2023-01-11
00101599,LINESET 3/8 X 3/4 25 FT QUAR,THERMAXIS,TX-71451-B,SP-LIN,171.49,EA,,2024-03-01,2025-10-31
00103822,FURN 40K BTU 97% AFUE MERI,ARCTICLINE,AL81803B,EQ-FUR,1363.01,EA,,2019-10-19,2020-07-24
00108764,AHU 5 TON HORIZONTAL JUNI,ARCTICLINE,AL80069E,EQ-AHU,1342.20,EA,,2022-04-08,2024-07-27
00100113,HP 3.5 TON 20 SEER BEAC,HELIOTEMP,HT-10250-H,EQ-HTP,3969.19,EA,,2022-11-10,2025-01-19
00108328,TSTAT PROGRAMMABLE 1H/1C VECT,HELIOTEMP,HT/70991/F,CT-TST,107.19,EA,,2023-07-11,2024-06-13
00110744,FLTR 20X25X1 MERV 8 TUND,CORVANE,CV-77200-G,SP-FLT,27.34,EA,,2023-06-22,2025-11-15
00110366,CAP 50/3 MFD 440V EMBE,CORVANE,CV-32105-C,PT-CAP,38.41,EA,,2021-12-30,2022-10-28
00110736,COND 1.5 TON 14 SEER ZEPH,HELIOTEMP,HT/49772/H,EQ-CND,1429.51,EA,,2024-02-11,2024-12-31
00110004,CONTR 1 POLE 30 AMP 240V COIL LUME,HELIOTEMP,HT14323G,PT-CON,17.17,EA,,2022-07-22,2024-07-11
00108499,LINESET 1/4 X 3/8 15 FT KEYS,CORVANE,CV/19315/D,SP-LIN,69.26,EA,,2019-01-25,2021-07-02
00110878,CONTR 3 POLE 40 AMP 24V COIL JUNI,RIDGEWAY AIR,RW75543C,PT-CON,47.60,EA,,2020-10-26,2022-11-21
00103324,MTR 1/3 HP 1625 RPM BEAC,THERMAXIS,tx 99345 d,PT-MTR,335.56,EA,,2023-01-06,2025-01-21
00107855,COND 3.5 TON 16 SEER MESA,CORVANE,CV-31211-E,EQ-CND,1284.22,EA,,2024-02-01,2025-10-06
00102603,HP 4 TON 16 SEER PION,ARCTICLINE,AL-46392-K,EQ-HTP,1137.22,EA,X,2021-12-13,2022-06-22
00102698,MTR 3/4 HP 825 RPM CASC,NORTHWIND COMFORT,nw 45899 g,PT-MTR,121.98,EA,,2020-07-15,2020-08-13
00106039,COND 1.5 TON 15 SEER PION,BLUEPEAK,bp 30431 b,EQ-CND,1643.82,EA,,2021-08-17,2023-11-18
00100448,REFRIG R-32 20 LB CYLINDER JUNI,CORVANE,CV-65909-B,SP-REF,426.82,EA,,2021-12-20,2023-01-10
00106319,COND 3.5 TON 15 SEER EMBE,CORVANE,CV/51964/H,EQ-CND,2019.13,EA,,2019-06-25,2020-05-05
00104057,REFRIG R-454B 10 LB CYLINDER STER,NORTHWIND COMFORT,NW77750K,SP-REF,143.36,EA,,2023-03-21,2023-08-27
00108287,FLTR 16X20X2 MERV 11 SUMM,RIDGEWAY,rw 50273 f,SP-FLT,27.54,EA,,2020-07-25,2021-11-13
00109619,HP 2 TON 15 SEER SUMM,HELIOTEMP,HT/53462/E,EQ-HTP,3040.53,EA,,2023-05-06,2024-11-30
00103035,COND 2.5 TON 14 SEER ZEPH,NORTHWIND,NW-24039-C,EQ-CND,2466.20,EA,,2020-01-02,2021-01-03
00110096,AHU 4 TON UPFLOW MESA,BLUEPEAK,BP54011G,EQ-AHU,1377.61,EA,,2022-07-07,2024-04-30
00106570,COND 2 TON 20 SEER GRAN,HELIOTEMP,HT59170E,EQ-CND,1457.48,EA,,2021-07-02,2022-03-23
00103212,MTR 1/4 HP 825 RPM JUNI,HELIOTEMP,HT/30731/C,PT-MTR,115.93,EA,,2020-05-26,2020-07-02
00103017,SNSR OUTDOOR TEMP 20K MESA,HELIOTEMP,HT-53564-E,CT-SEN,97.86,EA,,2020-10-18,2022-04-11
00103245,FLTR 20X20X4 MERV 8 GRAN,THERMAXIS,TX-53954-A,SP-FLT,7.67,EA,,2021-02-22,2021-03-10
00102856,TSTAT NON-PROGRAMMABLE 2H/2C PION,THERMAXIS,TX-51245-K,CT-TST,39.48,EA,,2024-02-10,2025-04-08
00103505,MTR 1 HP 1625 RPM VECT,NORTHWIND COMFORT,NW-73440-K,PT-MTR,287.40,EA,,2020-08-10,2022-10-04
00100657,REFRIG R-22 20 LB CYLINDER LUME,BLUEPEAK,BP31639A,SP-REF,105.72,EA,X,2019-04-14,2019-05-01
00111263,SNSR DUCT TEMP 20K LUME,HELIOTEMP,HT-12597-C,CT-SEN,88.70,EA,,2022-07-13,2024-07-21
00100151,CONTR 2 POLE 30 AMP 120V COIL ATLA,BLUEPEAK,BP/51749/B,PT-CON,62.36,EA,,2019-03-21,2020-03-06
00109357,MTR 1/2 HP 825 RPM PION,NORTHWIND,NW-61233-A,PT-MTR,179.71,EA,,2020-09-18,2021-09-19
00106598,REFRIG R-454B 25 LB CYLINDER STER,CORVANE,CV-41717-F,SP-REF,138.63,EA,,2022-06-26,2024-07-23
00104377,REFRIG R-22 30 LB CYLINDER LUME,NORTHWIND COMFORT,nw 46419 a,SP-REF,397.92,EA,,2021-08-08,2022-02-08
00100673,MTR 1/3 HP 1625 RPM VECT,BLUEPEAK,BP-16355-H,PT-MTR,344.27,EA,,2019-01-27,2019-12-20
00106610,CAP 35/5 MFD 440V CASC,RIDGEWAY,RW-84959-B,PT-CAP,52.80,EA,,2020-01-01,2021-01-22
00106125,CAP 45/10 MFD 440V EMBE,ARCTICLINE,al 27480 a,PT-CAP,32.06,EA,,2021-10-23,2023-09-06
00110578,LINESET 1/4 X 3/8 25 FT FALC,HELIOTEMP,HT-43423-D,SP-LIN,166.25,EA,,2022-02-15,2023-06-15
00105024,FLTR 20X20X2 MERV 8 TUND,CORVANE,CV/69844/K,SP-FLT,24.43,EA,,2023-10-24,2026-02-24
00110703,REFRIG R-454B 30 LB CYLINDER ORIO,RIDGEWAY,RW-52458-J,SP-REF,377.74,EA,,2019-11-08,2022-03-15
00101498,TSTAT SMART WI-FI 2H/2C KEYS,NORTHWIND,NW62871H,CT-TST,239.04,EA,,2020-06-25,2022-02-25
00102824,CONTR 3 POLE 40 AMP 240V COIL STER,BLUEPEAK,BP-17481-A,PT-CON,27.28,EA,,2019-04-07,2019-05-17
00110694,COND 5 TON 18 SEER MESA,THERMAXIS,TX-98189-H,EQ-CND,2528.13,EA,,2023-05-19,2023-08-24
00101424,LINESET 3/8 X 3/4 25 FT VECT,THERMAXIS,TX-68961-K,SP-LIN,138.31,EA,,2019-08-12,2022-01-06
00100713,FURN 40K BTU 80% AFUE LUME,RIDGEWAY,rw 87394 f,EQ-FUR,1117.78,EA,,2019-09-28,2020-12-06
00100550,CAP 40/5 MFD 370V HARB,CORVANE,cv 15386 j,PT-CAP,54.13,EA,,2019-10-02,2021-05-29
00107045,SNSR HUMIDITY 10K DELT,NORTHWIND COMFORT,NW91957E,CT-SEN,23.53,EA,,2020-11-25,2023-02-03
00102600,HP 4 TON 16 SEER PION,ARCTICLINE,AL46392K,EQ-HTP,1169.68,EA,,2021-02-17,2022-05-10
00104758,FURN 80K BTU 96% AFUE BEAC,CORVANE,CV29749H,EQ-FUR,961.29,EA,,2020-11-02,2022-02-21
00111230,COMP SCROLL 42K BTU R-454B LUME,NORTHWIND,NW/69609/D,PT-CMP,853.06,EA,,2023-02-15,2024-12-26
00101926,LINESET 3/8 X 3/4 50 FT SUMM,CORVANE,CV-76863-F,SP-LIN,182.51,EA,,2023-04-06,2023-11-24
00105056,REFRIG R-22 10 LB CYLINDER GRAN,RIDGEWAY,RW/60635/K,SP-REF,381.33,EA,,2019-07-03,2020-05-08
00109437,HP 1.5 TON 20 SEER VECT,BLUEPEAK,BP/60980/A,EQ-HTP,1647.30,EA,,2024-01-04,2026-02-21
00109120,HP 4 TON 15 SEER FALC,HELIOTEMP,ht 15686 a,EQ-HTP,2493.52,EA,,2020-07-04,2021-05-31
00104278,LINESET 3/8 X 7/8 50 FT MERI,HELIOTEMP,HT-54526-E,SP-LIN,113.04,EA,,2020-11-05,2021-03-11
00100432,HP 3 TON 18 SEER HARB,ARCTICLINE,AL/60661/E,EQ-HTP,3944.19,EA,,2024-07-14,2025-05-27
00104497,SNSR DUCT TEMP 10K PION,RIDGEWAY AIR,RW/90198/G,CT-SEN,65.03,EA,,2024-04-19,2024-10-27
00100634,REFRIG R-410A 20 LB CYLINDER PION,CORVANE,CV74014D,SP-REF,301.96,EA,,2019-07-06,2020-09-09
00103538,SNSR HUMIDITY 4-20MA MERI,RIDGEWAY,rw 22535 g,CT-SEN,98.09,EA,,2024-09-02,2025-07-07
00101850,COND 2 TON 15 SEER APEX,HELIOTEMP,HT-92227-A,EQ-CND,1038.19,EA,,2024-08-29,2024-09-25
00108962,SNSR DUCT TEMP 4-20MA ORIO,CORVANE,CV/75651/F,CT-SEN,72.93,EA,,2019-05-24,2021-04-05
00103908,SNSR CO2 20K SUMM,CORVANE,CV/35764/B,CT-SEN,19.72,EA,,2021-06-25,2022-05-19
00109880,CAP 40/5 MFD 370V MERI,BLUEPEAK,BP57692F,PT-CAP,29.98,EA,,2020-09-27,2021-12-07
00105400,SNSR CO2 10K SABL,CORVANE,cv 49108 a,CT-SEN,11.75,EA,,2022-07-22,2022-08-16
00106041,SNSR DUCT TEMP 20K JUNI,ARCTICLINE,AL/92039/D,CT-SEN,109.46,EA,,2022-07-30,2024-08-04
00104171,CONTR 3 POLE 50 AMP 120V COIL CASC,ARCTICLINE,AL-77805-G,PT-CON,21.53,EA,,2021-12-06,2022-04-30
00110642,AHU 3 TON HORIZONTAL TRID,ARCTICLINE,al 24402 c,EQ-AHU,1965.96,EA,,2020-02-02,2020-10-25
00102431,SNSR DUCT TEMP 10K ZEPH,NORTHWIND COMFORT,NW11687B,CT-SEN,34.01,EA,,2023-04-02,2025-03-22
00105445,MTR 1 HP 825 RPM PION,NORTHWIND,nw 12730 b,PT-MTR,96.07,EA,,2022-12-06,2024-10-09
00108251,LINESET 3/8 X 7/8 50 FT TUND,HELIOTEMP,ht 90830 e,SP-LIN,120.98,EA,,2019-12-22,2020-11-15
00100794,TSTAT NON-PROGRAMMABLE 1H/1C CASC,RIDGEWAY AIR,RW-45059-E,CT-TST,238.03,EA,,2020-09-25,2021-01-29
00105360,FLTR 20X25X1 MERV 8 PION,CORVANE,CV-84076-F,SP-FLT,36.89,EA,,2021-03-20,2023-04-28
00106908,HP 2 TON 16 SEER TRID,RIDGEWAY AIR,RW-73320-G,EQ-HTP,2717.86,EA,,2022-11-02,2023-06-21
00103216,MTR 1/4 HP 825 RPM JUNI,HELIOTEMP,HT/30731/C,PT-MTR,121.91,EA,,2020-08-23,2021-08-14
00106388,REFRIG R-454B 30 LB CYLINDER JUNI,HELIOTEMP,HT-17405-G,SP-REF,145.70,EA,,2023-04-03,2025-09-15
00101758,LINESET 1/4 X 3/8 15 FT GRAN,NORTHWIND,NW/85429/F,SP-LIN,204.01,EA,,2019-01-21,2020-11-29
00106074,COND 3 TON 20 SEER SABL,BLUEPEAK,BP-79940-H,EQ-CND,1098.21,EA,,2020-09-21,2021-01-12
00106609,HP 4 TON 20 SEER KEYS,BLUEPEAK,bp 68605 e,EQ-HTP,2882.51,EA,,2022-11-17,2025-04-15
00106547,REFRIG R-22 25 LB CYLINDER MESA,NORTHWIND COMFORT,NW-21183-F,SP-REF,189.82,EA,,2024-06-08,2026-05-27
00102101,HP 2.5 TON 16 SEER BEAC,ARCTICLINE,AL88351K,EQ-HTP,2706.09,EA,,2019-12-29,2021-08-06
00106898,SNSR DUCT TEMP 4-20MA CASC,THERMAXIS,TX-77045-A,CT-SEN,75.65,EA,,2021-01-08,2022-03-12
00101782,COND 2.5 TON 20 SEER MESA,THERMAXIS,TX/69396/J,EQ-CND,1743.68,EA,,2022-01-27,2023-05-09
00106789,HP 2 TON 20 SEER APEX,NORTHWIND COMFORT,NW75512K,EQ-HTP,4216.29,EA,,2019-02-16,2020-04-27
00109823,COND 2.5 TON 15 SEER ORIO,BLUEPEAK,BP/63719/B,EQ-CND,2599.15,EA,,2023-07-02,2024-08-14
00108196,HP 2 TON 15 SEER JUNI,ARCTICLINE,AL90461F,EQ-HTP,1537.74,EA,,2023-06-03,2025-07-08
00110895,LINESET 3/8 X 3/4 50 FT TUND,ARCTICLINE,AL/37312/B,SP-LIN,183.34,EA,,2023-12-02,2026-01-30
00102110,MTR 1/4 HP 1075 RPM GRAN,RIDGEWAY AIR,RW55905H,PT-MTR,250.37,EA,,2022-09-11,2025-02-13
00101770,COND 4 TON 20 SEER VECT,THERMAXIS,TX-53846-H,EQ-CND,3783.62,EA,,2023-06-25,2025-09-06
00109993,AHU 3 TON HORIZONTAL LUME,BLUEPEAK,BP44769J,EQ-AHU,1398.64,EA,,2022-12-30,2024-02-24
00106371,FURN 120K BTU 97% AFUE APEX,ARCTICLINE,AL-44396-J,EQ-FUR,1255.87,EA,X,2020-10-18,2022-04-13
00104315,COMP SCROLL 24K BTU R-410A KEYS,NORTHWIND,NW-49716-G,PT-CMP,518.78,EA,,2022-08-20,2023-02-17
00101516,MTR 1/3 HP 1625 RPM HARB,NORTHWIND COMFORT,NW/38729/A,PT-MTR,223.99,EA,,2020-10-25,2021-12-24
00100338,FLTR 20X25X2 MERV 8 TRID,CORVANE,CV-26678-A,SP-FLT,19.64,EA,,2024-04-22,2025-12-09
00101238,FURN 80K BTU 80% AFUE SABL,NORTHWIND COMFORT,NW-12549-B,EQ-FUR,2576.29,EA,,2021-03-10,2023-01-23
00104326,TSTAT NON-PROGRAMMABLE 3H/2C HARB,THERMAXIS,TX-92274-K,CT-TST,265.94,EA,,2021-11-12,2022-05-18
00103520,FLTR 16X25X4 MERV 8 KEYS,RIDGEWAY AIR,RW-65714-C,SP-FLT,21.26,EA,,2024-09-06,2026-09-30
00110395,HP 3 TON 16 SEER DELT,RIDGEWAY,RW/11171/H,EQ-HTP,1460.69,EA,,2023-11-05,2026-03-21
00110521,COMP SCROLL 24K BTU R-454B EMBE,ARCTICLINE,AL-59281-C,PT-CMP,1186.75,EA,,2020-09-12,2021-01-06
00106323,COND 3.5 TON 15 SEER EMBE,CORVANE,cv 51964 h,EQ-CND,1929.26,EA,,2019-11-16,2020-09-30
00104428,TSTAT SMART WI-FI 1H/1C ATLA,HELIOTEMP,HT/33047/A,CT-TST,193.88,EA,,2019-09-16,2020-03-11
00104026,FURN 60K BTU 97% AFUE STER,HELIOTEMP,HT-42778-B,EQ-FUR,1822.94,EA,,2024-01-02,2024-04-02
00102066,HP 5 TON 15 SEER JUNI,THERMAXIS,TX29107D,EQ-HTP,2801.54,EA,,2024-03-22,2024-06-21
00110931,TSTAT NON-PROGRAMMABLE 3H/2C STER,THERMAXIS,TX/93298/J,CT-TST,131.93,EA,,2020-05-10,2021-11-01
00105089,COND 2 TON 16 SEER HARB,CORVANE,CV-79588-A,EQ-CND,2809.25,EA,,2024-02-05,2026-03-11
00106194,MTR 1 HP 825 RPM ZEPH,NORTHWIND,NW/50439/E,PT-MTR,251.44,EA,,2023-01-07,2023-02-02
00110328,HP 2 TON 20 SEER GRAN,THERMAXIS,tx 46597 a,EQ-HTP,2274.47,EA,,2020-05-20,2022-08-02
00106852,COND 3 TON 18 SEER STER,ARCTICLINE,AL-87316-C,EQ-CND,2776.20,EA,,2024-07-27,2025-05-22
00105002,REFRIG R-22 20 LB CYLINDER TUND,RIDGEWAY,RW36980C,SP-REF,277.42,EA,,2019-12-16,2021-08-17
00100035,LINESET 3/8 X 3/4 35 FT TRID,CORVANE,CV-42561-C,SP-LIN,207.75,EA,,2021-09-26,2022-05-18
00100116,FLTR 16X20X2 MERV 13 VECT,THERMAXIS,TX/36125/H,SP-FLT,36.20,EA,,2023-11-13,2024-08-19
00110019,TSTAT NON-PROGRAMMABLE 2H/2C MESA,ARCTICLINE,AL/82985/C,CT-TST,114.71,EA,,2023-06-10,2025-03-19
00109103,COND 3 TON 15 SEER CASC,RIDGEWAY,RW-15156-K,EQ-CND,1535.54,EA,,2019-08-20,2020-12-04
00110534,MTR 3/4 HP 1625 RPM TUND,BLUEPEAK,BP-82946-A,PT-MTR,349.07,EA,,2019-02-14,2019-03-01
00108711,COND 3 TON 18 SEER KEYS,THERMAXIS,tx 63437 e,EQ-CND,3390.40,EA,,2021-04-04,2023-03-06
00110317,TSTAT PROGRAMMABLE 2H/2C PION,BLUEPEAK,BP/70196/F,CT-TST,284.40,EA,,2022-02-19,2024-02-08
00110334,SNSR HUMIDITY 4-20MA HARB,NORTHWIND COMFORT,NW/88934/D,CT-SEN,55.70,EA,,2020-06-26,2021-07-31
00100674,CONTR 2 POLE 30 AMP 240V COIL LUME,CORVANE,CV95921H,PT-CON,24.86,EA,,2020-03-07,2020-09-16
00103191,TSTAT NON-PROGRAMMABLE 1H/1C APEX,HELIOTEMP,HT/11712/K,CT-TST,80.76,EA,,2021-01-04,2021-09-01
00107148,REFRIG R-454B 20 LB CYLINDER FALC,NORTHWIND COMFORT,NW/39567/G,SP-REF,104.70,EA,,2023-12-15,2025-09-23
00103094,FLTR 16X20X4 MERV 13 DELT,THERMAXIS,TX-52769-F,SP-FLT,28.17,EA,,2022-05-25,2022-08-08
00110023,COMP SCROLL 48K BTU R-410A PION,CORVANE,CV-67847-F,PT-CMP,1419.71,EA,,2019-11-09,2021-03-04
00107197,MTR 1 HP 1625 RPM TRID,THERMAXIS,TX-60056-H,PT-MTR,228.66,EA,,2023-03-29,2023-11-18
00105793,CAP 55/3 MFD 370V VECT,CORVANE,CV88131B,PT-CAP,56.87,EA,,2024-04-08,2026-09-11
00106348,AHU 4 TON HORIZONTAL BEAC,THERMAXIS,tx 48705 b,EQ-AHU,775.93,EA,,2024-07-14,2026-01-27
00110598,REFRIG R-410A 20 LB CYLINDER CASC,HELIOTEMP,HT-27874-D,SP-REF,300.24,EA,,2019-06-30,2020-08-08
00103952,TSTAT PROGRAMMABLE 3H/2C VECT,ARCTICLINE,al 37148 b,CT-TST,135.84,EA,,2022-05-21,2022-07-20
00105224,HP 3 TON 15 SEER ORIO,BLUEPEAK,BP-54528-E,EQ-HTP,3226.00,EA,,2024-09-20,2025-04-25
00111054,REFRIG R-22 30 LB CYLINDER APEX,HELIOTEMP,HT36888A,SP-REF,245.17,EA,,2021-04-09,2021-04-12
00100249,COND 4 TON 15 SEER DELT,THERMAXIS,TX-20154-K,EQ-CND,1350.06,EA,,2021-11-06,2022-11-02
00105407,TSTAT NON-PROGRAMMABLE 1H/1C PION,NORTHWIND,NW-60013-G,CT-TST,225.00,EA,,2019-01-01,2021-05-11
00106893,COND 3 TON 14 SEER JUNI,BLUEPEAK,BP/59630/H,EQ-CND,1041.47,EA,,2021-06-27,2022-01-31
00110508,AHU 4 TON UPFLOW KEYS,NORTHWIND,nw 61587 d,EQ-AHU,2213.53,EA,,2022-11-28,2025-01-11
00100526,FURN 100K BTU 92% AFUE KEYS,ARCTICLINE,AL-49533-C,EQ-FUR,2364.24,EA,,2019-10-04,2020-07-05
00106329,AHU 5 TON HORIZONTAL TUND,ARCTICLINE,AL/67194/G,EQ-AHU,1820.19,EA,,2022-09-24,2024-03-22
00109043,CONTR 2 POLE 30 AMP 120V COIL MERI,CORVANE,CV-50194-K,PT-CON,36.39,EA,X,2021-11-01,2022-03-07
00106856,FURN 40K BTU 96% AFUE FALC,ARCTICLINE,AL/79525/G,EQ-FUR,1053.35,EA,,2022-02-15,2022-11-19
00103069,CONTR 1 POLE 30 AMP 240V COIL STER,RIDGEWAY,RW/77703/C,PT-CON,44.86,EA,,2023-04-20,2023-07-10
00109601,HP 2.5 TON 18 SEER GRAN,RIDGEWAY,RW/54475/K,EQ-HTP,3818.21,EA,,2019-12-07,2020-08-09
00106306,SNSR HUMIDITY 20K TUND,CORVANE,CV-40252-D,CT-SEN,15.85,EA,X,2020-06-17,2020-12-14
00106035,COND 2.5 TON 20 SEER MERI,NORTHWIND COMFORT,NW-16235-D,EQ-CND,3348.25,EA,,2024-04-05,2026-02-14
00102501,FURN 80K BTU 96% AFUE VECT,THERMAXIS,tx 49678 e,EQ-FUR,2201.97,EA,,2020-08-28,2022-02-18
00102648,CAP 35/3 MFD 370V JUNI,NORTHWIND COMFORT,NW-73434-D,PT-CAP,37.63,EA,,2023-03-21,2024-11-10
